QUEST_LV_0500_20190513_000001	誰かがしなければならないことならば、他の人にしてほしいですよ。{nl}どうして私にこんなことをさせるのでしょうか。	누군가는 해야 할 일이면 다른 사람이 했으면 좋겠어요.{nl}왜 저한태 이런 걸 시키는 걸까요.	케도라 상단원 이네타
QUEST_LV_0500_20190513_000002	モンスターと魔族がいっぱいで…{nl}少なくとも強盗に遭う心配は無さそうだな。{nl}生きて帰れるなら、の話だけど。	몬스터와 마족들이 득실거리니..{nl}적어도 강도를 만날 걱정은 안 해도 되겠어.{nl}살아서 돌아갈 수 있다면 말이지.	케도라 상단원 타다스
QUEST_LV_0500_20190513_000003	偵察するのに数日、報告するのにまた数日！{nl}この調子じゃあ、いつになったら仕事が終わるんだ？	정찰하는 데 며칠, 보고하는 데 또 며칠!{nl}이러면 일은 언제 끝낼 생각인 거지?	바바리안 볼케
QUEST_LV_0500_20190513_000004	私はタダス様を手伝いに来たのであって{nl}ボルケ様が起こしたトラブルの後始末をしに来たわけじゃありません。	전 타다스님을 도우러 온 것이지.{nl}볼케님이 사고 치는 걸 처리하러 온 게 아닙니다.	케도라 상단원 니르기
QUEST_LV_0500_20190513_000005	カルタスの目を欺いて神樹の種を奪われずに済みました。{nl}この拘束を解けば、種の能力で力を回復できるはずです。	카르타스의 눈을 속여 신수의 씨앗을 빼앗기지 않았어요.{nl}이 속박을 풀어낸다면 씨앗의 능력으로 힘을 다시 회복할 수 있을 거예요.	여신 메데이나
QUEST_LV_0500_20190513_000006	カルタスがこの森に巨大な結界を張ってまで私を追う理由は何でしょうか…{nl}本当にこの種の存在を知っているのでしょうか？	카르타스가 이 숲에 거대한 결계를 펼치면서까지 저를 쫓는 이유가 무엇일까요..{nl}정말 이 씨앗의 존재를 알고 있는 걸까요?	여신 메데이나
QUEST_LV_0500_20190513_000007	私は体が回復し次第、ネリンガ様を訪ねてみるつもりです。{nl}ネリンガ様ならば、きっとカルタスからメデイナ様を救う方法をご存知のはずです。	저는 몸을 추스리는대로 네링가님을 찾아가 보려 해요.{nl}네링가님이라면 분명 카르타스로부터 메데이나님을 구할 방법을 알고 계실 거에요.	큐폴 아스트라
QUEST_LV_0500_20190513_000008	ああ！啓示者様！この森には邪悪な結界が張られているので、入ってはいけません！{nl}すぐに出てください！	아! 계시자님! 이 숲에는 사악한 결계가 펼쳐져 있어서 들어오시면 위험해요!{nl}어서 벗어나세요!	큐폴 아스트라
QUEST_LV_0500_20190513_000009	カルタスが森一帯に張った結界のせいで、今のメデイナ様の力では{nl}ここから出ることができません。{nl}メデイナ様が早く回復してくださるといいのですが…。	카르타스가 숲 일대에 펼친 결계 때문에 지금 메데이나님의 힘으로는 이곳을 벗어날 수 없어요.{nl}메데이나님이 어서 기운을 차리시고 회복하셔야 할 텐데..	큐폴 일로나
QUEST_LV_0500_20190513_000010	カルタスがここを発見したら大変です。{nl}メデイナ様が回復できるように、あなたの力をお貸しください。	카르타스가 이곳을 발견하면 큰일이에요.{nl}메데이나님이 회복할 수 있도록 계시자님께서 도와주세요.	큐폴 일로나
QUEST_LV_0500_20190513_000011	束縛の結界にかかりはしましたが…それでもイローナが無事で何よりです。{nl}啓示者様、結界を解除する方法が無いか、調べていただけませんか？	속박의 결계에 걸리긴 했지만.. 그래도 일로나가 무사해서 다행이에요.{nl}계시자님. 결계를 해제할만한 방법이 있을지 찾아봐 주세요.	큐폴 율리아
QUEST_LV_0500_20190513_000012	さあ、イローナと一緒にメデイナ様を探しに行ってください。	어서 일로나와 함께 메데이나님을 찾으러 가 봐요.	큐폴 율리아
QUEST_LV_0500_20190513_000013	メデイナ様の痕跡はこの先で途絶えているので、{nl}この中庭を確認してみてはいかがでしょうか？	메데이나님의 흔적이 이 앞에서 끊겼으니 이 안뜰 안쪽을 확인해보는 게 어떨까요?	큐폴 율리아
QUEST_LV_0500_20190513_000014	メデイナ様がご無事で何よりです！{nl}それよりも、メデイナ様にかけられた魔界移動の魔法陣を破棄しないと…	메데이나님이 무사하셔서 다행이에요!{nl}그보다 메데이나님에게 펼쳐진 마계 이동 마법진을 파훼해야 할텐데..	큐폴 율리아
QUEST_LV_0500_20190513_000015	啓示者様！メデイナ様にかけられた魔界移動の魔法陣を消してください。{nl}カルタスがいない今がチャンスです。	계시자님! 메데이나님에게 펼쳐진 마계 이동 마법진을 없애주세요.{nl}카르타스가 없는 지금이 기회에요.	큐폴 일로나
QUEST_LV_0500_20190513_000016	啓示者様のおかげでメデイナ様が結界から解き放たれました。{nl}すぐにここから離れないと…	계시자님 덕분에 메데이나님이 결계를 풀어낼 수 있었네요.{nl}어서 이곳을 벗어나야 할 텐데..	큐폴 일로나
QUEST_LV_0500_20190513_000017	補助魔法陣に魔力を過剰に注入したのが効きましたね。	보조 마법진에 마력을 과부하 되게 주입하는 게 효과가 있었네요.	큐폴 율리아
QUEST_LV_0500_20190513_000018	ああ…私たちのせいでメデイナ様が…	아.. 저희 때문에 메데이나님이..	큐폴 율리아
QUEST_LV_0500_20190513_000019	メデイナ様…	메데이나님..	큐폴 일로나
QUEST_LV_0500_20190513_000020	私が遅すぎたのですね…	제가 너무 늦었어요..	큐폴 아스트라
QUEST_LV_0500_20190513_000021	メデイナ様はカルタスに捕らわれてしまいましたが…{nl}私たちは啓示者様がメデイナ様をお探しするのを積極的に手伝ってくださったことを忘れません。{nl}	비록 메데이나님이 카르타스에게 붙잡혀 가셨지만..{nl}저희는 계시자님께서 메데이나님을 찾는 일에 적극적으로 도와주신 것을 기억하고 있어요.{nl}	큐폴 아스트라
QUEST_LV_0500_20200128_000022	あなたがギルティネに立ち向かう準備ができたら、その時にまた私の元へ来てください。{nl}	당신이 길티네에게 맞설 준비가 된다면 그때 저를 다시 찾아오십시오.{nl}	여신 라이마
QUEST_LV_0500_20200128_000023	魔神ラガナと魔王ヴァイガにここで会うことになるとは、まったく予想できませんでした。	마신 라가나와 마왕 바이가를 여기서 마주칠 거라고는 전혀 예상하지 못했습니다.	여신 아우스테야
QUEST_LV_0500_20200128_000024	ヴァイガと話す時は気をつけた方がいいと思います。	바이가와 이야기할 때는 조심하시는 게 좋겠어요.	여신 아우스테야
QUEST_LV_0500_20200128_000025	まずは啓示者様がヴァイガを相手している間、私一人でもここで神樹の根を探してみます。	일단은 계시자님이 바이가를 상대하는 동안 저 혼자서라도 이곳에서 신수의 뿌리를 찾아볼게요.	여신 아우스테야
QUEST_LV_0500_20200128_000026	そしてヴァイガに気をつけてください。{nl}彼を完全に信じてはいけません。	그리고 바이가를 조심하세요.{nl}그를 온전히 믿어서는 안 됩니다.	여신 아우스테야
QUEST_LV_0500_20200128_000027	ご無事でしたか。{nl}この地域をすべて確認してみましたが…神樹の根は見つかりませんでした。	무사하셨군요.{nl}이 지역을 모두 확인해 봤지만.. 신수의 뿌리는 찾을 수 없었어요.	여신 아우스테야
QUEST_LV_0500_20200128_000028	メデイナ様の状態が非常に危険です。{nl}これまでカルタスからどれほどおぞましい苦痛を受けたのか、想像さえできません。	메데이나님의 상태가 많이 위독해요.{nl}그동안 카르타스에게 얼마나 끔찍한 고통을 받았는지 감히 상상도 할 수 없을 것 같아요.	큐폴
QUEST_LV_0500_20200128_000029	カルタスを許すことは絶対にできません…{nl}彼は必ず悲惨な最期を迎えることになるでしょう。	카르타스를 절대 용서할 수 없어요..{nl}그는 반드시 비참한 최후를 맞이하게 될 겁니다.	큐폴
QUEST_LV_0500_20200128_000030	ヌカウォリアー、ヌオアサシンを退治	누카 전사, 누오 암살자 처치	
QUEST_LV_0500_20200128_000031	クラペダ依頼所の受付係ラムダの依頼で、{nl}トビルトゥマスの要塞でヌカウォリアー、ヌオアサシンを退治してください。	클라페다 의뢰소의 접수원 람다의 의뢰로{nl}트비르투마스 요새에서 누카 전사, 누오 암살자 처치를 수행해야 합니다.	
QUEST_LV_0500_20200128_000032	アクラスペタルウォリアーを退治	아클라스 페탈 전사 처치	
QUEST_LV_0500_20200128_000033	クラペダ依頼所の受付係ラムダの依頼で、{nl}トビルトゥマスの要塞でアクラスペタルウォリアーを退治してください。	클라페다 의뢰소의 접수원 람다의 의뢰로{nl}트비르투마스 요새에서 아클라스 페탈 전사 처치를 수행해야 합니다.	
QUEST_LV_0500_20200128_000034	リビングアーマーを退治	리빙 아머 처치	
QUEST_LV_0500_20200128_000035	クラペダ依頼所の受付係ラムダの依頼で、{nl}トビルトゥマスの要塞でリビングアーマーを退治してください。	클라페다 의뢰소의 접수원 람다의 의뢰로{nl}트비르투마스 요새에서 리빙 아머 처치를 수행해야 합니다.	
QUEST_LV_0500_20200128_000036	イルガランカを退治	일가란카 처치	
QUEST_LV_0500_20200128_000037	クラペダ依頼所の受付係ラムダの依頼で、{nl}トビルトゥマスの要塞でイルガランカを退治してください。	클라페다 의뢰소의 접수원 람다의 의뢰로{nl}트비르투마스 요새에서 일가란카 처치를 수행해야 합니다.	
QUEST_LV_0500_20200128_000038	ブロガーズゴブリンライダー、ネッコを退治	블로거즈 고블린 라이더, 넥코 처치	
QUEST_LV_0500_20200128_000039	クラペダ依頼所の受付係ラムダの依頼で、{nl}スカルダ外郭でブロガーズゴブリンライダー、ネッコを退治してください。	클라페다 의뢰소의 접수원 람다의 의뢰로{nl}스칼다 외곽에서 블로거즈 고블린 라이더, 넥코 처치를 수행해야 합니다.	
QUEST_LV_0500_20200128_000040	グレーウルフを退治	그레이 울프 처치	
QUEST_LV_0500_20200128_000041	クラペダ依頼所の受付係ラムダの依頼で、{nl}スカルダ外郭でグレーウルフを退治してください。	클라페다 의뢰소의 접수원 람다의 의뢰로{nl}스칼다 외곽에서 그레이 울프 처치를 수행해야 합니다.	
QUEST_LV_0500_20200128_000042	ブロガーズゴブリンアーチャーを退治	블로거즈 고블린 궁수 처치	
QUEST_LV_0500_20200128_000043	クラペダ依頼所の受付係ラムダの依頼で、{nl}スカルダ外郭でブロガーズゴブリンアーチャーを退治してください。	클라페다 의뢰소의 접수원 람다의 의뢰로{nl}스칼다 외곽에서 블로거즈 고블린 궁수 처치를 수행해야 합니다.	
QUEST_LV_0500_20200128_000044	グレーウルフチーフを退治	그레이 울프 치프 처치	
QUEST_LV_0500_20200128_000045	クラペダ依頼所の受付係ラムダの依頼で、{nl}スカルダ外郭でグレーウルフチーフを退治してください。	클라페다 의뢰소의 접수원 람다의 의뢰로{nl}스칼다 외곽에서 그레이 울프 치프 처치를 수행해야 합니다.	
QUEST_LV_0500_20200128_000046	ダブルアックスオークを退治	오크 살수병 처치	
QUEST_LV_0500_20200128_000047	クラペダ依頼所の受付係ラムダの依頼で、{nl}リンクスマスの廃墟でダブルアックスオークを退治してください。	클라페다 의뢰소의 접수원 람다의 의뢰로{nl}링크스마스 폐허에서 오크 살수병 처치를 수행해야 합니다.	
QUEST_LV_0500_20200128_000048	オークシャーマンを退治	오크 주술사 처치	
QUEST_LV_0500_20200128_000049	クラペダ依頼所の受付係ラムダの依頼で、{nl}リンクスマスの廃墟でオークシャーマンを退治してください。	클라페다 의뢰소의 접수원 람다의 의뢰로{nl}링크스마스 폐허에서 오크 주술사 처치를 수행해야 합니다.	
QUEST_LV_0500_20200128_000050	オーク盾兵を退治	오크 방패병 처치	
QUEST_LV_0500_20200128_000051	クラペダ依頼所の受付係ラムダの依頼で、{nl}リンクスマスの廃墟でオーク盾兵を退治してください。	클라페다 의뢰소의 접수원 람다의 의뢰로{nl}링크스마스 폐허에서 오크 방패병 처치를 수행해야 합니다.	
QUEST_LV_0500_20200128_000052	オークリーダーを退治	오크 리더 처치	
QUEST_LV_0500_20200128_000053	クラペダ依頼所の受付係ラムダの依頼で、{nl}リンクスマスの廃墟でオークリーダーを退治してください。	클라페다 의뢰소의 접수원 람다의 의뢰로{nl}링크스마스 폐허에서 오크 리더 처치를 수행해야 합니다.	
QUEST_LV_0500_20200128_000054	リンクスマスの廃墟のモンスター退治	링크스마스 폐허의 몬스터 처치	
QUEST_LV_0500_20200128_000055	クラペダ依頼所の受付係ラムダの依頼で、{nl}リンクスマスの廃墟で十分な数のモンスター退治を遂行してください。	클라페다 의뢰소의 접수원 람다의 의뢰로{nl}링크스마스 폐허에서 충분한 수의 몬스터 처치를 수행해야 합니다.	
QUEST_LV_0500_20200128_000056	オークキャノン兵を退治	오크 캐논병 처치	
QUEST_LV_0500_20200128_000057	クラペダ依頼所の受付係ラムダの依頼で、{nl}終焉の道でオークキャノン兵を退治してください。	클라페다 의뢰소의 접수원 람다의 의뢰로{nl}종언의 길에서 오크 캐논병 처치를 수행해야 합니다.	
QUEST_LV_0500_20200128_000058	オーク旗兵を退治	오크 깃발병 처치	
QUEST_LV_0500_20200128_000059	クラペダ依頼所の受付係ラムダの依頼で、{nl}終焉の道でオーク旗兵を退治してください。	클라페다 의뢰소의 접수원 람다의 의뢰로{nl}종언의 길에서 오크 깃발병 처치를 수행해야 합니다.	
QUEST_LV_0500_20200128_000060	オーク隊長を退治	오크 대장 처치	
QUEST_LV_0500_20200128_000061	クラペダ依頼所の受付係ラムダの依頼で、{nl}終焉の道でオーク隊長を退治してください。	클라페다 의뢰소의 접수원 람다의 의뢰로{nl}종언의 길에서 오크 대장 처치를 수행해야 합니다.	
QUEST_LV_0500_20200128_000062	終焉の道のモンスターを退治	종언의 길의 몬스터 처치	
QUEST_LV_0500_20200128_000063	クラペダ依頼所の受付係ラムダの依頼で、{nl}終焉の道で十分な数のモンスター退治を遂行してください。	클라페다 의뢰소의 접수원 람다의 의뢰로{nl}종언의 길에서 충분한 수의 몬스터 처치를 수행해야 합니다.	
QUEST_LV_0500_20200128_000064	クラペダ依頼所の受付係ラムダの依頼で、トビルトゥマスの要塞でヌカウォリアー、ヌオアサシンを退治してください。	클라페다 의뢰소의 접수원 람다의 의뢰로 트비르투마스 요새에서 누카 전사, 누오 암살자 처치를 수행해야 합니다.	
QUEST_LV_0500_20200128_000065	クラペダ依頼所の受付係ラムダの依頼で、トビルトゥマスの要塞でアクラスペタルウォリアーを退治してください。	클라페다 의뢰소의 접수원 람다의 의뢰로 트비르투마스 요새에서 아클라스 페탈 전사 처치를 수행해야 합니다.	
QUEST_LV_0500_20200128_000066	クラペダ依頼所の受付係ラムダの依頼で、トビルトゥマスの要塞でリビングアーマーを退治してください。	클라페다 의뢰소의 접수원 람다의 의뢰로 트비르투마스 요새에서 리빙 아머 처치를 수행해야 합니다.	
QUEST_LV_0500_20200128_000067	クラペダ依頼所の受付係ラムダの依頼で、トビルトゥマスの要塞でイルガランカを退治してください。	클라페다 의뢰소의 접수원 람다의 의뢰로 트비르투마스 요새에서 일가란카 처치를 수행해야 합니다.	
QUEST_LV_0500_20200128_000068	クラペダ依頼所の受付係ラムダの依頼で、スカルダ外郭でブロガーズゴブリンライダー、ネッコを退治してください。	클라페다 의뢰소의 접수원 람다의 의뢰로 스칼다 외곽에서 블로거즈 고블린 라이더, 넥코 처치를 수행해야 합니다.	
QUEST_LV_0500_20200128_000069	クラペダ依頼所の受付係ラムダの依頼で、スカルダ外郭でグレーウルフを退治してください。	클라페다 의뢰소의 접수원 람다의 의뢰로 스칼다 외곽에서 그레이 울프 처치를 수행해야 합니다.	
QUEST_LV_0500_20200128_000070	クラペダ依頼所の受付係ラムダの依頼で、スカルダ外郭でブロガーズゴブリンアーチャーを退治してください。	클라페다 의뢰소의 접수원 람다의 의뢰로 스칼다 외곽에서 블로거즈 고블린 궁수 처치를 수행해야 합니다.	
QUEST_LV_0500_20200128_000071	クラペダ依頼所の受付係ラムダの依頼で、スカルダ外郭でグレーウルフチーフを退治してください。	클라페다 의뢰소의 접수원 람다의 의뢰로 스칼다 외곽에서 그레이 울프 치프 처치를 수행해야 합니다.	
QUEST_LV_0500_20200128_000072	クラペダ依頼所の受付係ラムダの依頼で、リンクスマスの廃墟でダブルアックスオークを退治してください。	클라페다 의뢰소의 접수원 람다의 의뢰로 링크스마스 폐허에서 오크 살수병 처치를 수행해야 합니다.	
QUEST_LV_0500_20200128_000073	クラペダ依頼所の受付係ラムダの依頼で、リンクスマスの廃墟でオークシャーマンを退治してください。	클라페다 의뢰소의 접수원 람다의 의뢰로 링크스마스 폐허에서 오크 주술사 처치를 수행해야 합니다.	
QUEST_LV_0500_20200128_000074	クラペダ依頼所の受付係ラムダの依頼で、リンクスマスの廃墟でオーク盾兵を退治してください。	클라페다 의뢰소의 접수원 람다의 의뢰로 링크스마스 폐허에서 오크 방패병 처치를 수행해야 합니다.	
QUEST_LV_0500_20200128_000075	クラペダ依頼所の受付係ラムダの依頼で、リンクスマスの廃墟でオークリーダーを退治してください。	클라페다 의뢰소의 접수원 람다의 의뢰로 링크스마스 폐허에서 오크 리더 처치를 수행해야 합니다.	
QUEST_LV_0500_20200128_000076	クラペダ依頼所の受付係ラムダの依頼で、リンクスマスの廃墟で十分な数のモンスター退治を遂行してください。	클라페다 의뢰소의 접수원 람다의 의뢰로 링크스마스 폐허에서 충분한 수의 몬스터 처치를 수행해야 합니다.	
QUEST_LV_0500_20200128_000077	クラペダ依頼所の受付係ラムダの依頼で、終焉の道でオークキャノン兵を退治してください。	클라페다 의뢰소의 접수원 람다의 의뢰로 종언의 길에서 오크 캐논병 처치를 수행해야 합니다.	
QUEST_LV_0500_20200128_000078	クラペダ依頼所の受付係ラムダの依頼で、終焉の道でオーク旗兵を退治してください。	클라페다 의뢰소의 접수원 람다의 의뢰로 종언의 길에서 오크 깃발병 처치를 수행해야 합니다.	
QUEST_LV_0500_20200128_000079	クラペダ依頼所の受付係ラムダの依頼で、終焉の道でオーク隊長を退治してください。	클라페다 의뢰소의 접수원 람다의 의뢰로 종언의 길에서 오크 대장 처치를 수행해야 합니다.	
QUEST_LV_0500_20200128_000080	クラペダ依頼所の受付係ラムダの依頼で、終焉の道で十分な数のモンスター退治を遂行してください。	클라페다 의뢰소의 접수원 람다의 의뢰로 종언의 길에서 충분한 수의 몬스터 처치를 수행해야 합니다.	
QUEST_LV_0500_20200324_000081	お待ちください、もしやあなたは啓示者でしょうか？	잠시만요, 혹시 계시자인가요?	세이지 파견원
QUEST_LV_0500_20200324_000082	大変です。{nl}神樹の日以降、しばしば次元が崩壊する現象が現れています。{nl}	큰일입니다.{nl}신수의 날 이후로 종종 차원이 붕괴하는 현상이 나타나고 있어요.{nl}	세이지 파견원
QUEST_LV_0500_20200324_000083	それに加えて周りのモンスターたちも崩壊を加速させています。{nl}何とかしないと次元の崩壊が大陸全域に広がるでしょう。私一人では手に負えない事態だったので啓示者たちに助けを求めていました。{nl}どうか手を貸しては貰えないでしょうか。	더군다나 근처의 몬스터들이 붕괴를 가속하고 있죠.{nl}막지 않으면 차원 붕괴가 대륙 전역으로 번질 거예요.{nl}저 혼자서는 벅찬일이라 계시자들에게 도움을 구하고 있습니다.{nl}이렇게 부탁드립니다.	세이지 파견원
QUEST_LV_0500_20200324_000084	次元の崩壊に巻き込まれて命を失わないよう気をつけてください。{nl}万全の準備が揃わないと近づかない方が身のためです。	차원 붕괴에 휘말려 아까운 목숨을 잃지 않도록 주의하세요.{nl}준비가 충분하지 않으면 가까이 가지 않는 게 좋습니다.	세이지 파견원
QUEST_LV_0500_20200324_000085	次元の崩壊を防ぐ	차원 붕괴 저지	
QUEST_LV_0500_20200324_000086	自分のことだと言う	계시자가 맞다고 한다.	
QUEST_LV_0500_20200324_000087	自分ではないと言う	계시자가 아니라고 한다.	
QUEST_LV_0500_20200324_000088	セージ派遣員と会話する	세이지 파견원과 대화하기.	
QUEST_LV_0500_20200324_000089	廃都からセージ派遣員が啓示者たちへ何かを支給しています。シージ派遣員と話して下さい。	폐도에 위치한 세이지 파견원이 계시자들에게 무언가를 지급하고 있습니다. 세이지 파견원과 대화하세요.	
QUEST_LV_0500_20200723_000090	私達は、此処で近頃発生している寒波現象についての調査を行っています。{nl}	저희는 여기서 최근에 일어난 한파 현상에 대해 조사하고 있습니다.{nl}	크루세이더 마스터
QUEST_LV_0500_20200723_000091	三度に渡る調査の結果、この崖の下にいる魔族が寒波の原因だと判明しました。{nl}	세 차례에 걸친 조사로 이 절벽 아래에 있는 마족이 한파의 원인이라는 건 알아냈습니다.{nl}	크루세이더 마스터
QUEST_LV_0500_20200723_000092	魔族の名は――――{nl}	마족의 이름은..{nl}	크루세이더 마스터
QUEST_LV_0500_20200723_000093	『グレイシア』{nl}	글레이시어.{nl}	크루세이더 마스터
QUEST_LV_0500_20200723_000094	グレイシアという魔族です。{nl}そして特殊な装置の上に浮かんでいる黒い水晶も発見されています。{nl}正体は明らかになっていませんが、強い魔力を内に秘めていました。{nl}	글레이시어라고 하는 마족입니다.{nl}그리고 특별한 장치 위에 떠 있는 검은 수정도 발견했습니다.{nl}정체가 확실하지는 않지만, 강한 마력을 응축하고 있었습니다.{nl}	크루세이더 마스터
QUEST_LV_0500_20200723_000095	幾度かグレイシア討伐を試みましたが、寒波と魔族の攻勢を突破することは敵いませんでした。{nl}	몇 차례 글레이시어 토벌을 시도했지만, 한파와 마족의 공세를 뚫는 데 실패했습니다.{nl}	크루세이더 마스터
QUEST_LV_0500_20200723_000096	啓示者様方の活躍は耳にしております。{nl}グレイシア討伐にどうかご協力ください。	계시자들의 활약상은 들었습니다.{nl}글레이시어  처치를 도와주십시오.	크루세이더 마스터
QUEST_LV_0500_20200723_000097	では、崖の下へ降りる支度が済みましたら、ここで落ち合いましょう。	그럼, 절벽 아래로 내려갈 준비를 마친 후 다시 뵙겠습니다.	크루세이더 마스터
QUEST_LV_0500_20200723_000098	崖の下に降りるとなると、増援を要請することは難しくなるでしょう。{nl}グレイシアが起こしている寒波を何事もなく突破する事だって容易ではないでしょう。	절벽 아래로 내려간다면, 추가 지원을 요청하기는 힘들 겁니다.{nl}글레이시어가 일으키고 있는 한파를 버젓이 뚫고 가기도 쉽지 않을 겁니다.{nl}	크루세이더 마스터
QUEST_LV_0500_20200723_000099	私達はここで啓示者様が鉄格子に乗って崖の下へ無事降りれるよう、サポートします。{nl}	저희는 여기서 계시자님이 철창을 타고 절벽 아래로 무사히 내려갈 수 있도록 돕겠습니다.{nl}	크루세이더 마스터
QUEST_LV_0500_20200723_000100	……グレイシアを、よろしく頼みます。	글레이시어를 잘 부탁합니다.	크루세이더 마스터
QUEST_LV_0500_20200723_000101	啓示者様。{nl}少しお時間をいただけないでしょうか？{nl}	계시자님.{nl}잠시 시간 좀 내주시겠습니까?{nl}	크루세이더 파견원
QUEST_LV_0500_20200723_000102	以前、崖の下を調査中いくつか発見したものがあるのです。{nl}その内の一つが、この赤い液体……{nl}あの寒さの中、凍らずに薄氷だけ浮いていたのです。{nl}	지난 번, 절벽 아래를 조사하는 중에 몇 가지를 발견한 게 있습니다.{nl}그중 이 붉은 액체..{nl}그 추위 속에서 얼지 않고 살얼음만 띄고 있더군요.{nl}	크루세이더 파견원
QUEST_LV_0500_20200723_000103	どうも尋常ではない気がして、採取しました。{nl}もし分析を任せられるような方に心当たりありましたら、啓示者様にお預けします。	아무래도 심상치 않아 채취했습니다.{nl}혹시 분석을 맡길 만한 사람이 있다면 계시자님께 맡기겠습니다.	크루세이더 파견원
QUEST_LV_0500_20200723_000104	ありがとうございます。{nl}分析が完了しましたら、また私のところへ訪ねてきてください。	감사합니다.{nl}분석이 완료되면 다시 저를 찾아와 주세요.	크루세이더 파견원
QUEST_LV_0500_20200723_000105	なるほど……。この溶液を分析してほしい、ということですね？{nl}難しい事ではありませんが、……何やら不吉な予感がしますね。	용액을 분석해 달라는 말씀이신가요?{nl}어려운 일은 아니지만, 불길한 짐작이 드는군요.{nl}	플레이그 닥터 마스터
QUEST_LV_0500_20200723_000106	確実に分析するためには植物が必要です。{nl}この近辺のどんな植物でも構いませんので、一つだけ採取してきていただけますか？{nl}そういえば丁度ここからあまり離れていない場所に生えている植物を見かけたので、それを採取した方が良さそうですね。	확실히 하기 위해서는 식물이 필요합니다.{nl}근처에서 어떤 것이든 상관없으니 하나만 구해주시겠습니까?{nl}그러고 보니 마침, 여기서 멀지 않은 쪽에 길게 자란 식물이 있으니 그게 좋겠네요.	플레이그 닥터 마스터
QUEST_LV_0500_20200723_000107	分析が完了しましたら、また私のところへ訪ねてきてください。	분석이 완료되면 다시 저를 찾아와 주세요.	크루세이더 파견원
QUEST_LV_0500_20200723_000108	これは………{nl}	이건..{nl}	플레이그 닥터 마스터
QUEST_LV_0500_20200723_000109	どうやら、クルビナのようですね……。{nl}噂で聞いたことがあります。{nl}液体とはいえ……実際に見るのは初めてです。{nl}	아무래도 크루비나인 것 같군요.{nl}소문으로 들은 적이 있습니다.{nl}액체의 형태이지만.. 실제로 보는 건 처음이군요.{nl}	플레이그 닥터 마스터
QUEST_LV_0500_20200723_000110	ですが、コレには血がより濃く混ざっていますね。{nl}これは推測に過ぎませんが……誰かの体内に取り込まれていたものが血と共に吐き出されたのではないかと。{nl}	다만, 여기에는 피가 더 많이 섞여 있습니다.{nl}아무래도.. 누군가의 몸에 있다가 피와 함께 토해낸 거로 생각합니다.{nl}	플레이그 닥터 마스터
QUEST_LV_0500_20200723_000111	そしてその『誰か』とは、おそらく……仰っていたグレイシアという魔族であるかもしれません。{nl}	이를테면.. 말씀하신 글레이시어라는 마족이겠네요.{nl}	플레이그 닥터 마스터
QUEST_LV_0500_20200723_000112	よくない兆候ですね……。	안 좋은 징조입니다.	플레이그 닥터 마스터
QUEST_LV_0500_20200723_000113	今回の件につきましては、責任を持って調査していただきますよう、お願いします。{nl}こういった物は、平凡な魔族だけが欲しがる代物ではないでしょうから。	이번 일에 대해서 책임을 갖고 조사해주시기를 부탁드립니다.{nl}이런 물건이라면 평범한 마족 정도만 탐낼 물건이 아닐 겁니다.	플레이그 닥터 마스터
QUEST_LV_0500_20200723_000114	戻られましたか。{nl}	오셨습니까?{nl}	크루세이더 파견원
QUEST_LV_0500_20200723_000115	なるほど……分かりました。{nl}この溶液の処理と調査は我々が引き受けます。{nl}ご助力いただき本当に感謝いたします。	알겠습니다.{nl}이 용액에 대한 처리와 조사는 저희가 맡겠습니다.{nl}도와주셔서 정말 감사합니다.	크루세이더 파견원
QUEST_LV_0500_20200723_000116	啓示者様。{nl}ストーガス高原の野営地に駐屯している兵士の中に、謎の女性を目撃したと話している者がいるとの報告を受けました。	계시자님.{nl}스토가스 고원의 야영지에 주둔한 병사 중에서 의문의 여인에 대한 목격담을 이야기했다는 소식을 들었습니다.	크루세이더 파견원
QUEST_LV_0500_20200723_000117	私は現在の持ち場を離れるなとの命令を受けました。{nl}どうやら、クルセイダーマスター様へ報告していない調査であるせいか、私が動くのは難しいと思います。{nl}私の代わりに野営地の兵士達に会っていただけませんか？	저는 현 위치를 유지하라는 명령을 받았습니다.{nl}아무래도 마스터님에게는 보고하지 않은 조사라 제가 움직이기는 힘들 것 같습니다.{nl}저를 대신해 야영지의 병사들을 만나봐 주실 수 있으실까요?	크루세이더 파견원
QUEST_LV_0500_20200723_000118	助けていただき本当にありがとうございました。{nl}野営地にいらっしゃる分隊長アデスという方を訪ねれば、多少手間が省けるでしょう。	도와주셔서 정말 감사합니다.{nl}야영지에 있는 스토가스 분대장 아데스라는 사람을 찾아보시면 수고를 줄이실 수 있으실 겁니다.	크루세이더 파견원
QUEST_LV_0500_20200723_000119	謎の女性を目撃した話を聞きにきた…？ああ、その話ですか。	의문의 여인에 대한 목격담을 듣고 오셨다고요?	스토가스 분대장 아데스
QUEST_LV_0500_20200723_000120	ええ、はっきり覚えております。{nl}変だと思ったのが、「誰でもいいから助けて」と泣いていたのに、助けようとした我々がまるで見えてないかのようにシカトしていたんです。{nl}そうして『誰も自分を助けてくれない』と何かブツブツと呟いていたのです。{nl}どうも正気であるとは思えませんでした。	분명히 기억하고 있어요.{nl}이상했던 게, 누구든지 자신을 도와달라며 울면서도 도와주려는 저희를 무시하는 듯했었죠.{nl}그러면서 아무도 자신을 돕지 않는다며 중얼거리기도 했습니다.{nl}제정신 같지가 않았어요.	스토가스 분대장 아데스
QUEST_LV_0500_20200723_000121	もっと分かりやすく知りたければ、高原の兵士モティマーにも訊いてみてください。{nl}その女性を発見したというのが、そのモティマーだったんです。	이해하기 힘드시다면, 고원병사 모티머에게 물어보시면 됩니다.{nl}그 여인을 발견했던 게 바로 모티머였습니다.	스토가스 분대장 아데스
QUEST_LV_0500_20200723_000122	野営地にいらっしゃる分隊長アデスという方を訪ねれば、多少手間が省けるでしょう。	야영지에 있는 스토가스 분대장 아데스라는 사람을 찾아보시면 수고를 줄이실 수 있으실 겁니다.	크루세이더 파견원
QUEST_LV_0500_20200723_000123	どうされました？	무슨 일이시죠?	고원병사 모티머
QUEST_LV_0500_20200723_000124	例の女性についてならば、高原の兵士モティマーに訊くと良いでしょう。{nl}その女性を発見したというのが、そのモティマーだったんです。	여인에 대해서라면 고원병사 모티머에게 물어보시면 됩니다.{nl}그 여인을 발견했던 게 바로 모티머였습니다.	스토가스 분대장 아데스
QUEST_LV_0500_20200723_000125	例の女性について、お聞きしたいのですね。	여인에 대해서 여쭤보시는 거군요.	고원병사 모티머
QUEST_LV_0500_20200723_000126	あ、ですが今は少々……うーん、困りましたね。{nl}急いで済ませなければならない用事があるのです。{nl}私が用事を済ませている間に、ゲヒマの空き地を調べておいた方が良いでしょう。{nl}その女性を最初に発見したのが、そこの近辺だったので。	아, 하지만 지금은 곤란합니다.{nl}서둘러 처리할 일이 있어서요.{nl}제가 일을 마무리하는 동안 게히마 공터로 가는 길목을 살펴보시는 게 좋을 겁니다.{nl}그 여인을 처음 발견했던 게 그 근처였습니다.	고원병사 모티머
QUEST_LV_0500_20200723_000127	では、急いで用を済ませてきますので、先にゲヒマの空き地を調べてみてくださいね。	그럼, 서둘러 일을 마무리할 테니 게히마 공터의 길목을 먼저 조사해 보십시오.	고원병사 모티머
QUEST_LV_0500_20200723_000128	私は急いで用を済ませてきますので、先にゲヒマの空き地を調べてみてください。	저는 서둘러 일을 마무리할 테니 게히마 공터의 길목을 먼저 조사해 보십시오.	고원병사 모티머
QUEST_LV_0500_20200723_000129	ちょうど啓示者様を捜しているところでした。	마침 계시자님을 찾던 중이었습니다.	고원병사 모티머
QUEST_LV_0500_20200723_000130	その足かせは……{nl}あの女性の足首に付けられていた足かせですね。	그 족쇄는..{nl}그 여인의 발목에 채워져 있던 족쇄군요.	고원병사 모티머
QUEST_LV_0500_20200723_000131	あの女性は、まるで私達のことが全く見えても声も聞こえていないかのように、ただ虚空を見つめながら「助けて」とだけ言っていました。{nl}私は何とかして彼女を助けようとしたのですが、そうすることもままならない状態でした。{nl}女性は「誰も自分を助けてくれない」とブツブツ呟きながら、アルモール第2労役場の方へ向かっていきました。	그 여인은 마치 저희가 전혀 보이지도 들리지도 않는 것처럼 허공을 응시하며 도와달라고만 했습니다.{nl}제가 어떻게든 도우려고 했지만, 그럴 수도 없을 지경이었죠.{nl}여인은 아무도 자신을 돕지 않는다며 중얼거리면서 알몰 제2 노역장 방향으로 갔습니다.	고원병사 모티머
QUEST_LV_0500_20200723_000132	このような地形で生き残れるとは到底思えない状態でした。{nl}……そういえば、虚空を見つめていた目もどことなく変な感じだった気がします。{nl}瞳孔が無かったような……{nl}歩くのも大変そうで……。足かせを外すことだけが、当時私にできる全てでした……。	이런 지형에서 살아남기도 힘들어 보이는 상태였죠.{nl}그러고 보니 허공을 응시하고 있던 눈동자가 이상했습니다.{nl}검은자가.. 없었던 것 같습니다.{nl}걷는 것이 힘들어 보여 족쇄를 끊어 주는 것만이 제가 할 수 있는 전부였습니다.	고원병사 모티머
QUEST_LV_0500_20200723_000133	戻られたのですね。{nl}野営地で発見された女性の目撃談に関する調査は終わりましたか？	오셨군요.{nl}야영지에서 발견된 여인의 목격담에 대해 조사를 마치셨습니까?	크루세이더 파견원
QUEST_LV_0500_20200723_000134	なるほど……。{nl}その女性はここまで辿り着き、崖の下へ落ちた可能性が高いですね。{nl}……当然、無事では済まなかったでしょう。	그렇게 된 것이군요.{nl}이곳까지 와서 절벽 아래로 떨어졌을 가능성이 높습니다.{nl}당연히 무사하진 못 했겠군요.	크루세이더 파견원
QUEST_LV_0500_20200723_000135	落ちていた物にクルビナ液が付着していたということは……その女性こそ、まさしくグレイシアだったのでしょう。	떨어져 있던 물품에 크루비나 용액이 묻어 있었다는 말은.. 그 여인이 곧, 글레이시어겠군요.	크루세이더 파견원
QUEST_LV_0500_20200723_000136	啓示者様が調査してくださった内容と、私達がこれまで調査してきた内容を基に推測すると、グレイシアはもっと大きな存在に害されたのではないかと考えられます。{nl}どうやら裏に、彼女の精神に害をなして魔族化させた存在がいるようですね。	계시자님께서 조사해주신 내용과 저희가 그동안 조사한 내용을 토대로 추측해봤을 때, 글레이시어는 더 큰 존재에게 해를 입었을 것으로 생각됩니다.{nl}아무래도 그녀의 정신을 해치고 마족화시킨 배후가 있겠군요.	크루세이더 파견원
QUEST_LV_0500_20200723_000137	啓示者様。{nl}そろそろ崖の下へ降りる頃合いです。{nl}どんな些細な事でも構いません。白き魔女の森で何か発見しましたら、私にお知らせください。	계시자님.{nl}이제는 저 절벽 아래로 내려가봐야 할 때인 것 같습니다.{nl}하얀 마녀의 숲에서 무엇이든지 발견하신다면 저에게 알려주시길 부탁드립니다.	크루세이더 파견원
QUEST_LV_0500_20200723_000138	グレイシアは崖の下へ落ちた後、今のような姿に至ったはずです。{nl}どんな些細な事でも構いません。白き魔女の森で何か発見しましたら、私にお知らせください。	글레이시어는 절벽 아래로 떨어진 이후 지금에 이르렀을 겁니다.{nl}하얀 마녀의 숲에서 무엇이든지 발견하신다면, 저에게 알려주시길 부탁드립니다.	크루세이더 파견원
QUEST_LV_0500_20200723_000139	啓示者様、今は……	계시자님 지금은..	크루세이더 파견원
QUEST_LV_0500_20200723_000140	お待ちください。	멈춰주십시오.	크루세이더 마스터
QUEST_LV_0500_20200723_000141	啓示者様。{nl}申し上げたいことがあります。	계시자님.{nl}드릴 말씀이 있습니다.	크루세이더 마스터
QUEST_LV_0500_20200723_000142	この場の指揮を預かっているのは、この私です。{nl}許可の無い調査は慎んでください。{nl}啓示者様といえど、王国の法に背けば立場が不利になるでしょう。	이곳의 지휘를 담당하고 있는 것은 바로 저입니다.{nl}허가되지 않은 조사 활동은 삼가 주십시오.{nl}아무리 계시자님이라고 하셔도, 왕국의 법을 어기신다면 불리한 입장에 처하시게 될 겁니다.	크루세이더 마스터
QUEST_LV_0500_20200723_000143	調査にご協力いただいた啓示者様の献身につきましては、謝意を表します。{nl}但し、敵が誰であれ神樹の脅威となり得る存在であるなら……当然、処断せねばなりません。{nl}それだけが、クルセイダーが代々請け負ってきた義務です。	조사에 협조해주신 계시자님의 헌신에 대해서는 분명한 감사를 표하겠습니다.{nl}다만, 적이 누구든지 신수에 위협이 될 존재라면 마땅히 처단해야 합니다.{nl}크루세이더가 가진 의무는 그것뿐입니다.	크루세이더 마스터
QUEST_LV_0500_20200723_000144	以後、独断の調査はお控えください。	앞으로는 독단적인 조사는 지양해주십시오.	크루세이더 마스터
QUEST_LV_0500_20200723_000145	ヌバースク絶壁で発生している異常寒波現象について調査しています。{nl}ですが、人手不足で色々と困難な状況です。{nl}差支えなければ、ご協力いただけませんか？	누바스크 절벽에서 발생하고 있는 이상 한파 현상에 대해 조사하고 있습니다.{nl}하지만, 인력이 부족한 탓에 어려움을 겪고 있습니다.{nl}괜찮으시다면 도와주실 수 있으십니까?	크루세이더 파견원
QUEST_LV_0500_20200723_000146	感謝します。{nl}では、ヌバースク絶壁へ向かいましょう。	감사합니다.{nl}누바스크 절벽으로 가시죠.	크루세이더 파견원
QUEST_LV_0500_20200723_000147	異常寒波は、ヌバースク絶壁で発生しています。	이상 한파는 누바스크 절벽에서 발생하고 있습니다.	크루세이더 파견원
QUEST_LV_0500_20200723_000148	調査のご協力、感謝いたします。{nl}十分な証拠が集まり次第、王国へ持っていき対策を講じようと思います。{nl}毎度人手不足で……参ってしまいます……	조사를 도와주셔서 감사합니다.{nl}충분한 증거가 모이면 왕국에 가져가 대책을 마련할 생각입니다.{nl}항상 인력이 부족해서 고민이군요..	크루세이더 파견원
QUEST_LV_0500_20200723_000149	協力できない	도울 수 없다고 한다.	
QUEST_LV_0500_20200723_000150	白き魔女とクルセイダー(1)	하얀 마녀와 크루세이더(1)	
QUEST_LV_0500_20200723_000151	我去去就回來。	다녀오겠다고 한다.	
QUEST_LV_0500_20200723_000152	今は別件で忙しい	지금은 다른 일 때문에 바쁘다고 한다.	
QUEST_LV_0500_20200723_000153	白き魔女とクルセイダー(2)	하얀 마녀와 크루세이더(2)	
QUEST_LV_0500_20200723_000154	最善を尽くす	이번 일에 최선을 다하겠다고 한다.	
QUEST_LV_0500_20200723_000155	このあたりで手を引きたい	이쯤에서 그만두고 싶다고 한다.	
QUEST_LV_0500_20200723_000156	白き魔女とクルセイダー(3)	하얀 마녀와 크루세이더(3)	
QUEST_LV_0500_20200723_000157	もう関わりたくない	더 관여하고 싶지 않다고 말한다.	
QUEST_LV_0500_20200723_000158	白き魔女とクルセイダー(4)	하얀 마녀와 크루세이더(4)	
QUEST_LV_0500_20200723_000159	興味無い	관심이 없다고 한다.	
QUEST_LV_0500_20200723_000160	白き魔女とクルセイダー(5)	하얀 마녀와 크루세이더(5)	
QUEST_LV_0500_20200723_000161	調査結果を報告する	조사 결과를 전한다.	
QUEST_LV_0500_20200723_000162	まだ調査が終わっていない	아직 조사가 끝나지 않았다고 한다.	
QUEST_LV_0500_20200723_000163	白き魔女とクルセイダー(6)	하얀 마녀와 크루세이더(6)	
QUEST_LV_0500_20200723_000164	今は他に用事がある	지금은 다른 일이 있다고 한다.	
QUEST_LV_0500_20200723_000165	白き魔女とクルセイダー(7)	하얀 마녀와 크루세이더(7)	
QUEST_LV_0500_20200723_000166	手紙を見せる	편지를 보여준다.	
QUEST_LV_0500_20200723_000167	しらを切る	시치미를 뗀다.	
QUEST_LV_0500_20200723_000168	ストーガス高原の異常寒波	스토가스 고원의 이상 한파	
QUEST_LV_0500_20200723_000169	調査に協力する	조사에 도움을 준다.	
QUEST_LV_0500_20200723_000170	調査に協力しない	조사를 돕지 않는다.	
QUEST_LV_0500_20200723_000171	クルセイダーマスターと会話する	크루세이더 마스터와 대화하기	
QUEST_LV_0500_20200723_000172	ストーガス高原地帯で調査任務にあたっていたクルセイダーマスターが啓示者達に協力を仰いでいます。{nl}ストーガス高原のクルセイダーマスターであるゾフィア・エレノーラを訪ね、話を聞いてみましょう。	스토가스 고원 지대에서 조사 임무를 맡던 크루세이더 마스터가 계시자들에게 도움을 요청하고 있습니다.{nl}스토가스 고원의 크루세이더 마스터 조피아 엘레노라를 찾아가 이야기를 들어보세요.	
QUEST_LV_0500_20200723_000173	準備を済ませてクルセイダーマスターの元へ戻る	준비를 마치고 크루세이더 마스터에게 돌아가기	
QUEST_LV_0500_20200723_000174	ゾフィアは崖の下にいるグレイシアを討伐するため、啓示者達の協力を要請したとのこと。{nl}崖の下へ降りる準備を済ませたら、ゾフィアのところへ戻って伝えましょう。	조피아는 절벽 아래에 있는 글레이시어를 처치하기 위해 계시자들에게 도움을 요청했다고 합니다.{nl}절벽 아래로 내려 갈 준비를 마쳤다면 조피아에게 돌아가 이야기하세요.	
QUEST_LV_0500_20200723_000175	白き魔女とクルセイダー	하얀 마녀와 크루세이더	
QUEST_LV_0500_20200723_000176	クルセイダー派遣員	크루세이더 파견원과 대화하기.	
QUEST_LV_0500_20200723_000177	クルセイダー派遣員が、貴方に話があるようです。{nl}クルセイダー派遣員と話をしてみましょう。	크루세이더 파견원이 당신에게 할 말이 있는 듯 합니다.{nl}크루세이더 파견원과 이야기를 나눠 보세요.	
QUEST_LV_0500_20200723_000178	植物を採取する	식물을 채집하기.	
QUEST_LV_0500_20200723_000179	クルセイダー派遣員から、白き魔女の森を探索中に発見されたアイテムに関する調査を任されました。{nl}プレイグドクターマスターを訪ね、薄氷の帯びた赤い液体の分析を依頼しましょう。	크루세이더 파견원은 하얀 마녀의 숲을 탐사 중 발견한 물건에 대해 조사를 맡겼습니다.{nl}플레이그 닥터 마스터에게 찾아가 살얼음 띈 붉은 액체의 분석을 의뢰하세요.	
QUEST_LV_0500_20200723_000180	プレイグドクターマスターのところへ戻る	플레이그 닥터 마스터에게 돌아가기.	
QUEST_LV_0500_20200723_000181	プレイグドクターマスターから頼まれた植物を手に入れました。{nl}プレイグドクターマスターの元へ戻り、溶液分析の依頼を達成できるよう植物を渡しましょう。	플레이그 닥터 마스터가 말한 식물을 구했습니다.{nl}플레이그 닥터 마스터에게 돌아가 의뢰를 용액 분석을 마무리할 수 있도록 식물을 전해주세요.	
QUEST_LV_0500_20200723_000182	プレイグドクターマスターから調査結果を聞く	플레이그 닥터 마스터에게 조사 결과를 받기	
QUEST_LV_0500_20200723_000183	プレイグドクターマスターと再度会話する	플레이그 닥터와 다시 이야기 하기.	
QUEST_LV_0500_20200723_000184	プレイグドクターマスターは溶液の正体がクルビナ液である事実を知り、懸念を抱きました。彼は、何やら頼み事があるようです。もう一度プレイグドクターマスターと会話しましょう。	플레이그 닥터 마스터는 용액의 정체가 크루비나 용액이라는 사실을 알고 우려를 표했습니다.{nl}그가 당부할 것이 있는 것 같으니 다시 플레이그 닥터 마스터와 대화하세요.	
QUEST_LV_0500_20200723_000185	クルセイダー派遣員のところへ戻る	크루세이더 파견원에게 돌아가기.	
QUEST_LV_0500_20200723_000186	溶液の分析依頼を完了しました。{nl}クルセイダー派遣員の元へ戻り、クルビナ液を返しましょう。	용액의 분석 의뢰를 완료했습니다.{nl}크루세이더 파견원에게 돌아가 크루비나 용액을 돌려주세요.	
QUEST_LV_0500_20200723_000187	クルセイダー派遣員は、クルビナ液に関する今後の調査は自分達が引き受けると言いました。{nl}派遣員ともう一度会話し、何か手伝えることはないか聞いてみましょう。	크루세이더 파견원은 크루비나 용액에 대한 이후 조사는 자신들이 맡겠다고 했습니다.{nl}파견원과 다시 이야기해서 도울 일이 있는지 물어보세요.	
QUEST_LV_0500_20200723_000188	ストーガス分隊長アデスを訪ねる	스토가스 분대장 아데스 찾아가기.	
QUEST_LV_0500_20200723_000189	クルセイダー派遣員がグレイシアと思われる人物が目撃された場所があるのだと言います。{nl}ストーガス高原の野営地にいるストーガス分隊長アデスを訪ねて話を聞いてみましょう。	크루세이더 파견원은 글레이시어로 추정되는 인물이 목격된 장소가 있다고 합니다.{nl}스토가스 고원의 야영지 지역에 있는 스토가스 분대장 아데스를 찾아가 관련된 이야기를 들어보세요.	
QUEST_LV_0500_20200723_000190	高原の兵士モティマーを訪ねる	고원병사 모티머 찾아가기.	
QUEST_LV_0500_20200723_000191	アデスからグレイシアと思わしき女性の話を聞きました。{nl}詳しく話を聞くためにも高原の兵士モティマーを訪ねましょう。	아데스로부터 글레이시어로 추정되는 여인의 이야기를 들었습니다.{nl}자세한 이야기를 듣기 위해 고원병사 모티머를 찾아세요.{nl}	
QUEST_LV_0500_20200723_000192	高原の兵士モティマーと会話	고원병사 모티머와 대화하기.	
QUEST_LV_0500_20200723_000193	高原の兵士モティマーからグレイシアと思わしき女性について話を聞きましょう。	고원병사 모티머에게 글레이시어로 추정되는 여인에 대한 이야기를 들으세요.	
QUEST_LV_0500_20200723_000194	事件の現場を調査する	사건 장소 조사하기.	
QUEST_LV_0500_20200723_000195	高原の兵士モティマ―が用事を済ませている間に女性が発見されたという場所を調査してみましょう。	고원병사 모티머가 자신의 일을 마무리하는 동안 여인이 발견되었던 장소를 조사해 보세요.	
QUEST_LV_0500_20200723_000196	高原の兵士モティマ―のところへ戻る	고원병사 모티머에게 돌아가기.	
QUEST_LV_0500_20200723_000197	現場でクルビナ液を発見し、モンスターからは足かせを見つけることができました。{nl}高原の兵士モティマ―のところへ戻り調査結果を見せて事件の経緯について訊いてみましょう。	사건 현장에서 크루비나 용액을 발견했고, 몬스터로 부터 족쇄를 찾을 수 있었습니다.{nl}고원병사 모티머에게 돌아가 조사 결과를 보여주고 사건의 경위에 대해 물어보세요.	
QUEST_LV_0500_20200723_000198	遺失した物を回収	유실된 물건 회수	
QUEST_LV_0500_20200723_000199	クルセイダー派遣員に擦り減っている足かせを渡す	크루세이더 파견원에게 닳고 닳은 족쇄 전해주기.	
QUEST_LV_0500_20200723_000200	野営地での調査を終えました。{nl}クルセイダー派遣員の元へ戻り、調査結果を報告しましょう。	야영지에서의 조사를 끝냈습니다.{nl}크루세이더 파견원에게 돌아가 조사 결과를 알려주세요.	
QUEST_LV_0500_20200723_000201	調査を続行するためクルセイダー派遣員と会話しましょう。	조사를 지속하기 위해 크루세이더 파견원과 이야기를 나누세요.	
QUEST_LV_0500_20200723_000202	白き魔女の森で調査を進める	하얀 마녀의 숲에서 조사를 진행하기.	
QUEST_LV_0500_20200723_000203	クルセイダー派遣員はこの件には何か裏があるはずだと推察しました。{nl}白き魔女の森でグレイシアの痕跡を調査してください。	크루세이더 파견원은 이 일의 배후가 있을 것임을 짐작했습니다.{nl}하얀 마녀의 숲에서 글레이시어의 흔적을 조사하세요.	
QUEST_LV_0500_20200723_000204	クルセイダー派遣員に手紙の束を渡す	크루세이더 파견원에게 편지 뭉치를 전달하기.	
QUEST_LV_0500_20200723_000205	クルセイダー派遣員に白き魔女の森で見つけたものを渡しましょう。	크루세이더 파견원에게 하얀 마녀의 숲에서 발견한 것들을 가져다주세요.	
QUEST_LV_0500_20200723_000206	クルセイダーマスターと会話する	크루세이더 마스터와 대화하기.	
QUEST_LV_0500_20200723_000207	クルセイダーマスターのゾフィア・エレノーラから何か話があるようです。{nl}彼女と会話しましょう。	크루세이더 마스터 조피아 엘레노라가 할말이 있는 듯 합니다.{nl}그녀와 대화하세요.	
QUEST_LV_0500_20200723_000208	クルセイダー派遣員を訪ねる	크루세이더 파견원을 찾아가기.	
QUEST_LV_0500_20200723_000209	ストーガス高原の異常寒波現象を調査しているクルセイダー派遣員を訪ねましょう。	스토가스 고원의 이상 한파를 조사하고 있는 크루세이더 파견원에게 찾아가세요.	
QUEST_LV_0500_20200723_000210	ヌバースク絶壁で発生している異常寒波について調査する	누바스크 절벽에서 나타나는 이상 한파에 대해 조사하기.	
QUEST_LV_0500_20200723_000211	ヌバースク絶壁で異常寒波の調査し結果をクルセイダー派遣員に報告しましょう。	누바스크 절벽에서 이상 한파 현상에 대해 조사하고 결과를 크루세이더 파견원에게 들려주세요.	
QUEST_LV_0500_20200723_000212	異常寒波に関する調査結果をクルセイダー派遣員に報告しましょう。	이상 한파에 대한 조사 결과를 크루세이더 파견원에게 알려주세요.	
QUEST_LV_0500_20200902_000213	お待ちしておりました。{nl}啓示者様には協力に応じていただきたく、ここまで来ていただきました。	오셨습니까?{nl}협조를 부탁드리려고 계시자님을 불렀습니다.	크루세이더 마스터
QUEST_LV_0500_20200902_000214	グレイシアに関する調査を行った経験もありますし、やはりこの事件の真相の間近に辿り着けた者は啓示者様以外にはいないと思いました。{nl}調査にご協力願えますか？	글레이시어에 대한 조사를 진행하신 적이 있으시니, 아무래도 계시자님만큼 이 사건의 진상에 가까이 다가간 사람은 없을 거로 생각합니다.{nl}조사에 협조해 주실 수 있으십니까?	크루세이더 마스터
QUEST_LV_0500_20200902_000215	ご協力感謝します。{nl}啓示者様に渡した物はグレイシアの服から落ちた装身具です。{nl}グレイシアがこの場所へ辿り着くまでの間、どうやって魔族から命を守ることが出来たのか確認する必要があります。	협조에 감사드립니다.{nl}계시자님께 드린 물건은 글레이시어의 옷에서 떨어져 나온 장신구입니다.{nl}글레이시어가 어떻게 이곳까지 마족으로부터 목숨을 지킬 수 있었는지 알아볼 필요가 있습니다.	크루세이더 마스터
QUEST_LV_0500_20200902_000216	その装身具を魔族に見せて、反応を見ていただけますか？	그 장신구를 마족에게 보여주고 반응을 살펴봐 주십시오.	크루세이더 마스터
QUEST_LV_0500_20200902_000217	ご協力ありがとうございます。{nl}きらめく珠を魔族に見せて、反応を見てください。	협조에 감사드립니다.{nl}반짝이는 구슬을 마족에게 보여주고 반응을 살펴봐 주십시오.	크루세이더 마스터
QUEST_LV_0500_20200902_000218	戻られましたか。	돌아오셨습니까?	크루세이더 마스터
QUEST_LV_0500_20200902_000219	魔族が怯えて逃げた……ですか。{nl}グレイシアが強力な魔族であることは事実ですが…...彼女がここを通った時はまだ人間だったはずです。	마족이 겁에 질려 도망갔다고요?{nl}글레이시어가 강력한 마족인 건 사실이지만.. 그녀가 여기를 지날 때는 아직 인간이었을 때입니다.	크루세이더 마스터
QUEST_LV_0500_20200902_000220	だとすると……グレイシア以上の力を持つ他の魔族がこの事件に関わった可能性が大きいですね。	그렇다면.. 글레이시어 이상의 다른 마족이 이 사건과 연관되어 있을 가능성이 크군요.	크루세이더 마스터
QUEST_LV_0500_20200902_000221	以前、私達の派遣員が岩壁にある木の根近くでクルビナ液がこびれ付いている怪しい欠片を発見したそうです。{nl}現場保存のために、対象には触れませんでしたが。	지난번 저희 파견원이 암벽에 있는 나무뿌리 근처에서 크루비나 용액이 묻은 수상한 조각을 봤다고 하더군요.{nl}현장 보존을 위해 건들지는 않았습니다.	크루세이더 마스터
QUEST_LV_0500_20200902_000222	その欠片については、私が直接調べますので、啓示者様は怪しい欠片を探しながら調査の準備を進めてください。	제가 직접 그 조각을 조사할 테니 계시자님 께서는 수상한 조각을 찾아 조사를 준비해 주세요.	크루세이더 마스터
QUEST_LV_0500_20200902_000223	怪しい欠片は左の階段を下り、そのまま進むと見えてくる岩壁と木の根の間にあります。{nl}先に啓示者様が向かい調査の準備をしてください。	수상한 조각은 왼쪽 계단 아래로 내려가, 그대로 가시다 보면 암벽과 나무뿌리 사이에 있습니다.{nl}계시자님께서 먼저 가서 조사를 준비해주십시오.	크루세이더 마스터
QUEST_LV_0500_20200902_000224	そう、ですね……どう説明すれば良いのか...…{nl}結論から話しますと……	어떻게 말씀을 드려야 할지..{nl}결론부터 말씀드리자면..	크루세이더 마스터
QUEST_LV_0500_20200902_000225	この欠片には、長い時間をかけて染み付いた魔族の力が込められているようです。{nl}私が遭遇したどの魔族よりも強い力が感じられます。{nl}もしかしたらグレイシアは……	이 조각에는 오랜 시간에 걸쳐 마족의 힘이 배어있습니다.{nl}제가 마주쳤던 그 어떤 마족보다도 더욱 강한 힘이군요.{nl}어쩌면 글레이시어는..	크루세이더 마스터
QUEST_LV_0500_20200902_000226	もし……この力の持ち主に比べればグレイシアは大したことないレベルだと言えるほど……と言ったら、信じますか？	이 힘의 주인에 비하면 글레이시어는 큰 걱정거리가 아닌 수준이라면 믿으시겠습니까?	크루세이더 마스터
QUEST_LV_0500_20200902_000227	啓示者様のご協力のおかげで調査が早く進んでいます。	계시자님의 협조 덕분에 조사가 빠르게 진척되고 있습니다.	크루세이더 마스터
QUEST_LV_0500_20200902_000228	面倒をかけますが……グレイシアの背後にいる存在を証明するためには、もっと確実な証拠が必要です。	번거롭게도.. 글레이시어의 배후를 증명해내기 위해서는 더 확실한 증거가 필요합니다.	크루세이더 마스터
QUEST_LV_0500_20200902_000229	以前グレイシアの手紙を発見した場所が、崖の下だと仰られてましたよね?{nl}其処へ戻り、見逃した証拠はないかもう一度確認お願いします。	지난번 글레이시어의 편지를 발견한 곳이 절벽 아래라고 하셨죠?{nl}그곳에 가서 그때 놓친 증거가 없는 지, 다시 확인해주셨으면 합니다.	크루세이더 마스터
QUEST_LV_0500_20200902_000230	白き魔女の森の調査をお願いします。	하얀 마녀의 숲을 조사해주시길 바랍니다.	크루세이더 마스터
QUEST_LV_0500_20200902_000231	この指令書であれば確実な証拠になります。{nl}グレイシアの名前まで書かれています。	지령서라면 확실한 증거입니다.{nl}글레이시어의 이름까지 적혀있군요.	크루세이더 마스터
QUEST_LV_0500_20200902_000232	ですが、何故人間の言葉で書かれいるのでしょうか……？{nl}欠片に感じられた力は魔族の力で間違いありません。	그렇지만 어째서 인간의 언어로 적혀있을까요?{nl}조각에서 느꼈던 힘은 마족의 힘이 분명했습니다.	크루세이더 마스터
QUEST_LV_0500_20200902_000233	……私たちに自分の存在を知らせたいのかも知れません。	우리에게 자신의 존재를 알리고 싶어 하는군요.	크루세이더 마스터
QUEST_LV_0500_20200902_000234	黒幕がいるという証拠は確かになりました。{nl}啓示者様が崖の下に降りている間、私は欠片を調べるために王国に協力を要請しました。	배후가 있다는 증거는 확실해졌습니다.{nl}계시자님께서 절벽 아래로 내려가 있는 동안, 저는 조각을 조사하기 위해 왕국에 협조를 요청했습니다.	크루세이더 마스터
QUEST_LV_0500_20200902_000235	王国からは、魔族の力に最も詳しい人がいるのだそうです。{nl}ランダマスターのウオリオス・ワヒドに欠片をお渡しください。{nl}……あまり好ましくありませんが……王国の命令です。	왕국에서는 마족의 힘이라면 가장 잘 알만한 사람이 있다고 하더군요.{nl}랑다 마스터인 우올리오스 와히드에게 조각을 전해주십시오.{nl}탐탁지는 않지만.. 왕국의 명령입니다.	크루세이더 마스터
QUEST_LV_0500_20200902_000236	では、よろしくお願いします。{nl}この欠片さえ届けてくだされば、啓示者様にお手伝いいただく事はもうありません。	그럼 부탁드립니다.{nl}그 조각만 전해주신다면 계시자님께서 도와주실 일은 더 없습니다.	크루세이더 마스터
QUEST_LV_0500_20200902_000237	啓示者様、ご助力……ありがとうございました。	계시자님, 도와주셔서 감사했습니다.	크루세이더 마스터
QUEST_LV_0500_20200902_000238	グレイシア・カシミーラ{/}{nl}……グレイシアがまだ人間であった時の名前です。	글레이시어 카시밀라.{nl}글레이시어가 인간이었을 때의 이름입니다.	크루세이더 마스터
QUEST_LV_0500_20200902_000239	お待ちしておりました。{nl}話は既に聞いております。	오셨군요.{nl}이야기는 미리 들었습니다.	랑다 마스터
QUEST_LV_0500_20200902_000240	強いオーラですね……。{nl}クルセイダーマスター殿の措置がなければ、ここへ来る途中で倒れてもおかしくないほどです。	강한 기운이군요.{nl}크루세이더 마스터님의 조치가 없었더라면, 이곳에 오는 중에 쓰러지셨어도 이상하지 않았을 겁니다.	랑다 마스터
QUEST_LV_0500_20200902_000241	この力の持ち主は、この地で注視者と呼ばれる存在ですね。{nl}この先の話は、後に機会があればお話ししましょう。{nl}この欠片は私達が管理しましょう。{nl}隣の少女に渡してもらえますか？	이 힘의 주인은 이 땅의 명칭으로 주시자라는 이름의 존재군요.{nl}이 이상의 이야기는 나중에 기회가 된다면 말씀드리죠.{nl}이 조각은 저희가 관리하겠습니다.{nl}저 옆의 소녀에게 주시겠습니까?	랑다 마스터
QUEST_LV_0500_20200902_000242	ランダの少女	랑다 소녀	
QUEST_LV_0500_20200902_000243	彼女はまだ幼いので、気をつけて接してあげてください。	어린 아이이니 조심히 대해주세요.	랑다 마스터
QUEST_LV_0500_20200902_000244	次元の崩壊と分裂特異点に巻き込まれて命を失わないよう気をつけてください。{nl}特に分裂特異点では慎重に行動してください。とても危険な場所です。	차원 붕괴와 분열 특이점에 휘말려 아까운 목숨을 잃지 않도록 주의하세요.{nl}특히 분열 특이점에서는 행동을 주의하세요. 무척 위험한 장소입니다.	QUEST_LV_0500_20200324_000084	次元の崩壊に巻き込まれて命を失わないよう気をつけてください。{nl}万全の準備が揃わないと近づかない方が身のためです。	차원 붕괴에 휘말려 아까운 목숨을 잃지 않도록 주의하세요.{nl}준비가 충분하지 않으면 가까이 가지 않는 게 좋습니다.	세이지 파견원
QUEST_LV_0500_20200902_000245	十分な準備無しで近づかない方が身のためです。万全の準備を整えてから接近するように……。	준비가 충분하지 않으면 가까이 가지 않는 게 좋습니다. 철저한 준비를 하시고 접근하시기 바랍니다. 	세이지 파견원
QUEST_LV_0500_20200902_000246	白き魔女とクルセイダー(8)	하얀 마녀와 크루세이더(8)	
QUEST_LV_0500_20200902_000247	調査に協力する	조사에 협조한다.	
QUEST_LV_0500_20200902_000248	協力に応じない	협조하고 싶지 않다.	
QUEST_LV_0500_20200902_000249	白き魔女とクルセイダー(9)	하얀 마녀와 크루세이더(9)	
QUEST_LV_0500_20200902_000250	準備を整えておく	준비해 두겠다고 한다.	
QUEST_LV_0500_20200902_000251	後で行こう	나중에 가자고 한다.	
QUEST_LV_0500_20200902_000252	白き魔女とクルセイダー(10)	하얀 마녀와 크루세이더(10)	
QUEST_LV_0500_20200902_000253	今は難しい	지금은 어렵다고 한다.	
QUEST_LV_0500_20200902_000254	白き魔女とクルセイダー(11)	하얀 마녀와 크루세이더(11)	
QUEST_LV_0500_20200902_000255	渡しておく	전해주겠다고 말한다.	
QUEST_LV_0500_20200902_000256	手伝えない	도울수 없다고 한다.	
QUEST_LV_0500_20200902_000257	白き魔女とクルセイダー(12)	하얀 마녀와 크루세이더(12)	
QUEST_LV_0500_20200902_000258	これ以上関わりたくない	더 이상 관여하고 싶지 않다고 한다.	
QUEST_LV_0500_20200902_000259	クルセイダーマスターを訪ねる	크루세이더 마스터를 찾아가기.	
QUEST_LV_0500_20200902_000260	クルセイダーマスターが貴方に話があるようです。{nl}彼女の元を訪ねて、話を聞いてみましょう。	크루세이더 마스터가 당신에게 할 말이 있는 듯 합니다.{nl}그녀를 찾아가 무슨 일인지 물어보세요.	
QUEST_LV_0500_20200902_000261	グレイシアの所持品をモンスターに使用する	글레이시어의 소지품을 몬스터에게 사용하기.	
QUEST_LV_0500_20200902_000262	クルセイダーマスターの言われた通り、グレイシアの所持品をモンスターに見せてみてください。	크루세이더 마스터의 요청대로, 글레시이어의 소지품을 몬스터들에게 보여주세요.	
QUEST_LV_0500_20200902_000263	調査結果をクルセイダーマスターに報告する	조사 결과를 크루세이더 마스터에게 보고하기.	
QUEST_LV_0500_20200902_000264	グレイシアの所持品をモンスターに見せると、モンスター達が慌ててその場から逃げ出しました！{nl}調査結果をクルセイダーマスターに報告しましょう。	글레시이서의 소지품을 몬스터에게 보여주니, 몬스터들은 허겁지겁 달아났습니다!{nl}조사 결과를 크루세이더 마스터에게 알려주세요.	
QUEST_LV_0500_20200902_000265	クルセイダーマスターが次の調査への協力も頼みたいそうです。{nl}クルセイダーマスターと会話してください。	크루세이더 마스터가 다음 조사를 위해 협조를 요청하려고 합니다.{nl}크루세이더 마스터와 대화하세요.	
QUEST_LV_0500_20200902_000266	怪しい欠片の調査の準備を行う	수상한 조각 조사 준비하기.	
QUEST_LV_0500_20200902_000267	クルセイダーマスターは、派遣員からグレイシアから零れたと推測される怪しい欠片に関する報告を受けました。{nl}怪しい欠片がある場所へ向かい、クルセイダーマスターが調査できるよう先に準備をしておきましょう。	크루세이더 마스터는 파견원으로부터 글레이시어가 흘린 것으로 추정되는 수상한 조각에 대한 보고를 받았습니다.{nl}수상한 조각이 있는 곳으로 가서 크루세이더 마스터가 조사할 수 있도록 미리 준비를 해두세요.	
QUEST_LV_0500_20200902_000268	クルセイダーマスターの元へ戻る	크루세이더 마스터에게 돌아가기.	
QUEST_LV_0500_20200902_000269	クルセイダーマスターが怪しい欠片を持って行きました。{nl}彼女のところへ戻り調査結果を聞いてみましょう。	크루세이더 마스터가 수상한 조각을 가져갔습니다.{nl}그녀에게 돌아가 조사 결과에 대해 들어보세요.	
QUEST_LV_0500_20200902_000270	クルセイダーマスターに次の調査のために必要なものは何か聞いてみましょう。	크루세이더 마스터에게 다음 조사를 위해 필요한 건 무엇인지 물어보세요.	
QUEST_LV_0500_20200902_000271	白き魔女の森(レジェンド)で調査を進める	하얀 마녀의 숲(레전드)에서 조사를 진행하기.	
QUEST_LV_0500_20200902_000272	クルセイダーマスターはグレイシアの背後にいる魔族の存在を特定するには確かな証拠が必要だと言います。{nl}白き魔女の森に入り古い袋を調べてみてください。	크루세이더 마스터는 글레이시어의 배후에 있는 마족의 존재를 특정하기 위해서는 더 확실한 증거가 필요하다고 합니다.{nl}하얀 마녀의 숲으로 돌아가 해진 주머니를 살펴보세요.	
QUEST_LV_0500_20200902_000273	クルセイダーマスターに古い袋から発見された謎の指令書を見せましょう。	크루세이더 마스터에게 해진 주머니에서 발견한 의문의 지령서를 보여주세요.	
QUEST_LV_0500_20200902_000274	クルセイダーマスターに他に手伝ることはないかと訊いてみましょう。	크루세이더 마스터에게 더 도와줄 일은 없는 지 물어보세요.	
QUEST_LV_0500_20200902_000275	ランダマスターを訪ねる	랑다 마스터를 찾아가기.	
QUEST_LV_0500_20200902_000276	クルセイダーマスターは調査への協力に応じてくれたことに謝意を表し、最後に怪しい欠片について確実な調査を行うため、ランダマスターの元を訪ねるように言いました。{nl}サルラス修道女院にいるランダマスターの元へ向かい怪しい欠片について訊いてみましょう。	크루세이더 마스터는 조사에 협력해주어서 고맙다는 말을 전하며, 마지막으로 수상한 조각에 대해서 확실한 조사를 하기 위해 랑다 마스터를 찾아가 달라고했습니다.{nl}살러스 수녀원에 있는 랑다 마스터를 찾아가 수상한 조각에 대해 물어보세요.	
QUEST_LV_0500_20200902_000277	ランダマスターと話す	랑다 마스터와 대화하기.	
QUEST_LV_0500_20200902_000278	ランダマスターに怪しい欠片について話を聞いてみましょう。	랑다 마스터에게 수상한 조각에 대해서 의견을 들으세요.	
QUEST_LV_0500_20200902_000279	怪しい欠片をランダの少女に渡す	수상한 조각을 랑다 소녀에게 전해주기.	
QUEST_LV_0500_20200902_000280	ランダマスターに怪しい欠片について説明しました。{nl}危険な物であるため、魔族の力を扱うことに長けたランダに欠片を任せる必要があります。{nl}欠片をランダの少女に渡しましょう。	랑다 마스터에게 수상한 조각에 대한 설명을 들었습니다.{nl}위험한 물건이니 마족의 힘을 다루는 데 더 능숙한 랑다에게 조각을 맡겨야 합니다.{nl}조각을 랑다 소녀에게 전해주세요.	
