INTL_20180327_000001	จำนวนครั้งในการเข้าภารกิจและดันเจี้ยนเพิ่มขึ้น 1	인던,미션 1회 추가입장	
INTL_20180327_000002	活動	이벤트	
INTL_20180327_000003	完美的翻譯家	완벽한 번역가	
INTL_20180327_000004	為了支援完美翻譯的玩家所準備的稱號。	완변한 번역을 지원해준 유저를 위해 주어지는 칭호입니다.	
INTL_20180327_000005	消滅怪物時經驗值增加+60%{nl}角色移動速度增加+2	몬스터 처치 시 획득 경험치 +60%{nl}이동 속도 +2	
INTL_20180327_000006	消滅怪物時經驗值增加+90%{nl}角色移動速度增加+3	몬스터 처치 시 획득 경험치 +90%{nl}이동 속도 +3	
INTL_20180327_000007	消滅怪物時經驗值增加+120%{nl}角色移動速度增加+4	몬스터 처치 시 획득 경험치 +120%{nl}이동 속도 +4	
INTL_20180327_000008	消滅怪物時經驗值增加+150%{nl}角色移動速度增加+5	몬스터 처치 시 획득 경험치 +150%{nl}이동 속도 +5	
INTL_20180327_000009	Hunter's Buff - 1	가문의 영광 1단계	
INTL_20180327_000010	+20% EXP from hunting monsters	몬스터 처치 시 획득 경험치 +20%	
INTL_20180327_000011	Hunter's Buff - 2	가문의 영광 2단계	
INTL_20180327_000012	+40% EXP from hunting monsters	몬스터 처치 시 획득 경험치 +40%	
INTL_20180327_000013	Hunter's Buff - 3	가문의 영광 3단계	
INTL_20180327_000014	+60% EXP from hunting monsters	몬스터 처치 시 획득 경험치 +60%	
INTL_20180327_000015	Hunter's Buff - 4	가문의 영광 4단계	
INTL_20180327_000016	+80% EXP from hunting monsters	몬스터 처치 시 획득 경험치 +80%	
INTL_20180327_000017	Hunter's Buff - 5	가문의 영광 5단계	
INTL_20180327_000018	Box of Chocolates	소녀의 마음	
INTL_20180327_000019	消滅怪物時經驗值獲得+50%	몬스터 처치 시 획득 경험치 +50%	
INTL_20180327_000020	新手玩家之書	신규 유저의 서	
INTL_20180327_000021	60分內全體隊員經驗值+50%	60분 동안 파티원 전체에 경험치 +50%	
INTL_20180327_000022	回歸玩家之書	복귀 유저의 서	
INTL_20180327_000023	60分內全體隊員{nl}最大HP +2000{nl}最大SP +1000{nl}移動速度 +1	60분 동안 파티원 전체에{nl}최대HP +2000{nl}최대SP +1000{nl}이동 속도 +1	
INTL_20180327_000024	回歸玩家的藥水	복귀 유저의 포션	
INTL_20180327_000025	60分內{nl}物理攻擊力 +500{nl}魔法攻擊力 +500	60분 동안{nl}물리 공격력 +500{nl}마법 공격력 +500	
INTL_20180327_000026	家門的榮光	가문의 영광	
INTL_20180327_000027	BUFF等級增加時效果也會增加。	버프 레벨이 증가하면 효과도 증가합니다.	
INTL_20180327_000028	祕密紅牛飲料	비밀 레드옥스	
INTL_20180327_000029	10分鐘內最大SP+1000、廣域攻擊比率+1、不會消耗耐力。	10분 동안 최대 SP +1000, 광역 공격 비율 +1, 스태미나가 소비되지 않습니다.	
INTL_20180327_000030	參與夜市活動中	야시장 참여 중	
INTL_20180327_000031	無法使用技能。{nl}10分鐘後移動至村莊。	스킬을 사용할 수 없습니다.{nl}10분 뒤 마을로 이동합니다.	
INTL_20180327_000032	Last Winter Buff	마지막 겨울 버프	
INTL_20180327_000033	+30% EXP from hunting monsters	몬스터 처치 시 획득 경험치 +30%	
INTL_20180327_000034	救世熊持有中	회색 레서 팬더 보유중	
INTL_20180327_000035	物理、魔法攻擊力增加。	물리 마법 공격력이 증가합니다.	
INTL_20180327_000036	特務零零八持有中	특수요원 008 보유 중	
INTL_20180327_000037	野獸型攻擊力增加。	야수형 공격력이 증가합니다.	
INTL_20180327_000038	- Able to learn attributes instantaneously{nl} - Reduced Market commission fee (30% {img white_right_arrow 16 16} 10%){nl} - Able to list up to 10 items on the Market{nl} - +3 increased character movement{nl} - One additional entry in missions and dungeon	 - 특성 즉시 수련 가능{nl} - 마켓 판매 수수료율 감소(30%{img white_right_arrow 16 16}10%){nl} - 마켓 판매 등록 아이템 개수 10개{nl} - 캐릭터 이동속도 +3{nl} - 미션,던전 1회 추가입장{nl} - 프리미엄 제스쳐 사용 가능{nl}	
INTL_20180327_000039	稱號 - 小吉	칭호 - 소길	
INTL_20180327_000040	可獲得小吉稱號的稱號道具。對道具點擊右鍵可立即獲得稱號。	"소길" 칭호를 얻을 수 있는 칭호 아이템입니다. 아이템 우클릭으로 사용하여 칭호를 획득할 수 있습니다.	
INTL_20180327_000041	稱號 - 中吉	칭호 - 중길	
INTL_20180327_000042	可獲得中吉稱號的稱號道具。對道具點擊右鍵可立即獲得稱號。	"중길" 칭호를 얻을 수 있는 칭호 아이템입니다. 아이템 우클릭으로 사용하여 칭호를 획득할 수 있습니다.	
INTL_20180327_000043	稱號 - 吉	칭호 - 길	
INTL_20180327_000044	可獲得吉稱號的稱號道具。對道具點擊右鍵可立即獲得稱號。	"길" 칭호를 얻을 수 있는 칭호 아이템입니다. 아이템 우클릭으로 사용하여 칭호를 획득할 수 있습니다.	
INTL_20180327_000045	稱號 - 大吉	칭호 - 대길	
INTL_20180327_000046	可獲得大吉稱號的稱號道具。對道具點擊右鍵可立即獲得稱號。	"대길" 칭호를 얻을 수 있는 칭호 아이템입니다. 아이템 우클릭으로 사용하여 칭호를 획득할 수 있습니다.	
INTL_20180327_000047	使用時30分鐘內經驗值增加+30%和移動速度增加，最多可以疊加5次。	사용시 30분동안 중첩당 +30%와 이동속도가 증가합니다. 최대 5중첩까지 가능 합니다.	
INTL_20180327_000048	稱號 - Passionate Artist	칭호 - Passionate Artist	
INTL_20180327_000049	可以獲得 Passionate Artist 稱號的道具，對道具點擊右鍵即可獲得稱號。	"Passionate Artist" 칭호를 얻을 수 있는 칭호 아이템입니다. 아이템 우클릭으로 사용하여 칭호를 획득할 수 있습니다.	
INTL_20180327_000050	60分內攻擊力 +100、攻擊速度 +80、移動速度 +5，對道具點擊右鍵即可使用。{nl}冷卻時間360分。{nl}(地區移動時Buff會解除。)	60분 동안 공격력 +100, 공격속도 +80, 이동속도 +5 가 증가합니다. 아이템 우클릭으로 사용합니다. {nl}재사용 대기시간 360분.{nl}(지역 이동시 버프가 해제됩니다.)	
INTL_20180327_000051	達成指定的等級即可使用。獎勵會隨著達成次數改變。	지정된 레벨을 달성하면 사용할 수 있습니다. 보상은 달성 횟수에 따라 달라집니다.	
INTL_20180327_000052	活動任務文件	이벤트 퀘스트 문서	
INTL_20180327_000053	使用時可確認任務內容。	사용 시 퀘스트 내용을 확인할 수 있습니다.	
INTL_20180327_000054	初級升級卡片	초급 레벨업 카드	
INTL_20180327_000055	幫助提升經驗及和職業經驗值，只有85級以下角色可以使用。	경험치와 클래스 경험치를 상승시켜 줍니다. 85 레벨이하에서만 사용할 수 있습니다.	
INTL_20180327_000056	中級升級卡片	중급 레벨업 카드	
INTL_20180327_000057	幫助提升經驗及和職業經驗值，只有185級以下角色可以使用。	경험치와 클래스 경험치를 상승시켜 줍니다. 185 레벨이하에서만 사용할 수 있습니다.	
INTL_20180327_000058	高級升級卡片	고급 레벨업 카드	
INTL_20180327_000059	幫助提升經驗及和職業經驗值，只有280級以下角色可以使用。	경험치와 클래스 경험치를 상승시켜 줍니다. 280 레벨이하에서만 사용할 수 있습니다.	
INTL_20180327_000060	最高級升級卡片。	최고급 레벨업 카드	
INTL_20180327_000061	幫助提升經驗及和職業經驗值，只有330級以下角色可以使用。	경험치와 클래스 경험치를 상승시켜 줍니다. 330 레벨이하에서만 사용할 수 있습니다.	
INTL_20180327_000062	幸運餅乾(14天)	포춘 쿠키 (14일)	
INTL_20180327_000063	30分鐘內根據疊加經驗值、移動速度、最大HP會增加，最多可以疊加至5為止。	30분간 중첩에 따라 경험치, 이동속도, 최대HP가 증가하며, 최대 5중첩까지 가능합니다.	
INTL_20180327_000064	怪物寶石箱：3階(劍士、聖職者) 	몬스터 젬 상자:3랭크(전사, 성직자)	
INTL_20180327_000065	可以隨機獲得1個材料道具。{nl}裡面裝有重裝步兵、野蠻人、邪靈祭司、雕刻師相關怪物寶石。	재료 아이템을 무작위로 1개 획득할 수 있습니다.{nl}하플라이트, 바바리안, 보코르, 딥디르비 관련 몬스터 젬이 들어 있습니다.	
INTL_20180327_000066	怪物寶石箱：3階(魔法師、弓箭手) 	몬스터 젬 상자:3랭크(마법사, 궁수)	
INTL_20180327_000067	可以隨機獲得1個材料道具。{nl}裡面裝有念力法師、鎖鏈法師、工兵、獵人相關怪物寶石。	재료 아이템을 무작위로 1개 획득할 수 있습니다.{nl}사이코키노, 링커, 헌터, 새퍼 관련 몬스터 젬이 들어 있습니다.	
INTL_20180327_000068	隨機材料箱IV	재료 랜덤 상자:4차	
INTL_20180327_000069	LV315武器製作書幸運箱 	Lv315 제작서 상자 - 무기	
INTL_20180327_000070	開啟時可以隨機獲得LV315武器製作書中的1種。	사용 시 LV315 무기 레시피 중에 무작위로 1장을 획득할 수 있습니다.	
INTL_20180327_000071	怪物卡片幸運箱II	몬스터 카드 행운 상자:2차	
INTL_20180327_000072	怪物寶石箱：1階	몬스터 젬 상자:1랭크	
INTL_20180327_000073	可以隨機獲得1個怪物寶石。{nl裡面裝有劍士、 法師、弓箭手、牧師等各種怪物寶石。	몬스터 젬을 무작위로 1개 획득할 수 있습니다.{nl}소드맨, 위자드, 아쳐, 클래릭 관련 몬스터 젬이 들어 있습니다.	
INTL_20180327_000074	怪物寶石箱：2階	몬스터 젬 상자:2랭크	
INTL_20180327_000075	可以隨機獲得1個怪物寶石。{nl}裡面裝有高地戰士、輕裝步兵、聖水祭司、聖火祭司、烈焰法師、寒冰法師、弩箭手、遊俠等各種怪物寶石。	몬스터 젬을 무작위로 1개 획득할 수 있습니다.{nl}하이렌더, 펠타스타, 프리스트, 크리비,파이로맨서, 크리오맨서, 쿼렐슈터, 레인저 관련 몬스터 젬이 들어 있습니다.	
INTL_20180327_000076	怪物寶石箱：3階	몬스터 젬 상자:3랭크	
INTL_20180327_000077	可以隨機獲得1個材料道具。{nl}裡面裝有重裝步兵、野蠻人、念力法師、鎖鏈法師、獵人、工兵、邪靈祭司、雕刻師等相關怪物寶石。	몬스터 젬을 무작위로 1개 획득할 수 있습니다.{nl}하플라이트, 바바리안, 사이코키노, 링커,헌터, 새퍼, 보코르, 딥디르비 관련 몬스터 젬이 들어 있습니다.	
INTL_20180327_000078	怪物寶石箱：4階	몬스터 젬 상자:4랭크	
INTL_20180327_000079	可以隨機獲得1個材料道具。{nl}裡面裝有鐵甲騎兵、圓盾劍士、奇術師、元素使、巫蠱師、斥候、聖者、聖殿十字軍等相關怪物寶石。	몬스터 젬을 무작위로 1개 획득할 수 있습니다.{nl}캐터프랙트, 로델레로, 쏘마터지, 엘리멘탈리스트, 무고사, 스카우트, 사두, 팔라딘 관련 몬스터 젬이 들어 있습니다.	
INTL_20180327_000080	BOSS卡片收集箱	보스 카드 수집 상자	
INTL_20180327_000081	職業套裝箱(7天)	클래스 코스튬 상자 (7일)	
INTL_20180327_000082	使用時可以獲得7天期間制套裝。	사용시 7일 기간제 코스튬을 획득합니다.	
INTL_20180327_000083	大地之塔入場劵(14天)	대지의 탑 1회 입장권 (14일)	
INTL_20180327_000084	莎勒斯修女院入場劵(14天)	살러스 미션 1회 입장권 (14일)	
INTL_20180327_000085	大地之塔1次入場劵	대지의 탑 1회 입장권	
INTL_20180327_000086	點擊滑鼠右鍵時可獲得組合物品。{nl} -即時副本倍數VIP x2{nl} -副本掃盪卷 x2"	사용 시 던전 배수 토큰, 인스턴스 던전 소탕권을 얻을 수 있습니다.{nl}마우스 오른쪽 클릭으로 사용합니다.	
INTL_20180327_000087	[活動]擴音器(限時)	확성기:14일	
INTL_20180327_000088	讓聲音變大。獲得後，若14日內沒有使用系統回收。	목소리를 크게 키워줍니다.{nl}[/y 채팅내용] 으로 모든 지역에 채팅 내용을 보여줄 수 있습니다. 획득 후부터 14일동안 사용 가능합니다.	
INTL_20180327_000089	救世熊箱	회색 레서판다 상자	
INTL_20180327_000090	點擊右鍵可以直接使用，點擊之後寵物就會自動登錄。 {nl} 寵物就算沒有騎乘功能玩家也可以騎乘寵物。{nl} 玩家與寵物一起行動時，玩家可獲得物理攻擊力與魔法攻擊力增加Buff。	마우스 오른쪽 클릭으로 사용가능하며, 사용시 바로 컴패니언으로 등록됩니다. {nl} 해당 컴패니언은 컴패니언 탑승 스킬이 없어도 탑승 가능합니다. {nl} 해당 컴패니언과 동행 시 캐릭터의 물리 공격력과 마법 공격력이 증가하는 버프를 얻습니다.	
INTL_20180327_000091	特務零零八箱	특수요원 008 상자	
INTL_20180327_000092	Shining Battlebird Egg	빛나는 전투 뱁새 알	
INTL_20180327_000093	杜奈斯信物	도네스의 증표	
INTL_20180327_000094	答應杜奈斯的委託後可以獲得的信物。{nl}跟公佈欄交換可以獲得獎勵。	도네스의 의뢰를 들어주면 얻는 증표입니다.{nl}안내원에게 교환하여 보상받을 수 있습니다.	
INTL_20180327_000095	回歸者禮物箱 (15天)	복귀자의 선물상자 (15일)	
INTL_20180327_000096	使用時將可進行復歸者專屬任務。{nl}完成任務可獲得獎勵。	사용시 복귀자를 위한 퀘스트를 진행할 수 있습니다.{nl}퀘스트 완료시 보상을 획득할 수 있습니다.	
INTL_20180327_000097	新玩家引導員升級箱。{nl}使用時可以獲得道具。{nl}(等級5以上可使用)	신규 유저 가이드 큐브입니다.{nl}사용 시 아이템을 획득할 수 있습니다.{nl}(5레벨 이상 사용 가능합니다.)	
INTL_20180327_000098	新玩家引導員升級箱。{nl}使用時可以獲得道具。{nl}(等級10以上可使用)	신규 유저 가이드 큐브입니다.{nl}사용 시 아이템을 획득할 수 있습니다.{nl}(10레벨 이상 사용 가능합니다.)	
INTL_20180327_000099	新玩家引導員升級箱。{nl}使用時可以獲得道具。{nl}(等級15以上可使用)	신규 유저 가이드 큐브입니다.{nl}사용 시 아이템을 획득할 수 있습니다.{nl}(15레벨 이상 사용 가능합니다.)	
INTL_20180327_000100	新玩家引導員升級箱。{nl}使用時可以獲得道具。{nl}(等級30以上可使用)	신규 유저 가이드 큐브입니다.{nl}사용 시 아이템을 획득할 수 있습니다.{nl}(30레벨 이상 사용 가능합니다.)	
INTL_20180327_000101	新玩家引導員升級箱。{nl}使用時可以獲得道具。{nl}(等級50以上可使用)	신규 유저 가이드 큐브입니다.{nl}사용 시 아이템을 획득할 수 있습니다.{nl}(50레벨 이상 사용 가능합니다.)	
INTL_20180327_000102	新玩家引導員升級箱。{nl}使用時可以獲得道具。{nl}(等級80以上可使用)	신규 유저 가이드 큐브입니다.{nl}사용 시 아이템을 획득할 수 있습니다.{nl}(80레벨 이상 사용 가능합니다.)	
INTL_20180327_000103	新玩家引導員升級箱。{nl}使用時可以獲得道具。{nl}(等級100以上可使用)	신규 유저 가이드 큐브입니다.{nl}사용 시 아이템을 획득할 수 있습니다.{nl}(100레벨 이상 사용 가능합니다.)	
INTL_20180327_000104	糯米	찹쌀	
INTL_20180327_000105	15秒內每2秒每次恢復500HP和SP。{nl}只要有竹葉、豬肉、糯米、香菇、粽子製作書就可以製作出美味的粽子。	15초 동안 2초 간격으로 매회 HP와 SP를 500 회복시켜줍니다.{nl}죽엽, 돼지고기, 찹쌀, 표고버섯, 쫑쯔 레서피와 함께 쫑쯔를 만들 수 있습니다.	
INTL_20180327_000106	稱號 - Finest Moment	칭호 - Finest Moment	
INTL_20180327_000107	賦予給在迎春繪畫比賽得獎的玩家的稱號。點擊滑鼠右鍵即可使用。	봄맞이 팬아트 공모전 수상자에게 주어지는 칭호입니다. 마우스 오른쪽 클릭으로 사용합니다.	
INTL_20180327_000108	 婚禮使用的結婚蛋糕。{nl}賦予60分鐘內移動速度+3、體力+10，經驗值增加10%的效果。	 결혼식에 사용되는 웨딩 케잌입니다. {nl}60분간 이동속도 +3, 체력 +10, 경험치 10% 증가의 효과를 줍니다.	
INTL_20180327_000109	喜帖	청첩장	
INTL_20180327_000110	結婚活動道具。{nl}請轉交給還沒有拿到喜帖的人。	웨딩 이벤트 아이템입니다.{nl}아직 청첩장을 받지 못한 분들에게 건네주세요.	
INTL_20180327_000111	派對爆竹 (14天)	파티 폭죽 (14일)	
INTL_20180327_000112	放一下爆竹感受一下派對的氣氛！{nl}使用時60分內給予全體組隊成員移動速度+2、經驗值增加50%的效果。	폭죽을 터트려 파티의 기운을 느껴보세요.{nl}사용 시 60분 동안 파티원 전체의 이동속도 +2, 경험치 50% 증가의 효과를 줍니다.	
INTL_20180327_000113	猜今天的數字時所使用的今日票劵。{nl}根據票劵的數量提供猜數字的次數。{nl}(使用時可以前往想要的去的村莊，20秒內移動速度增加。)	오늘의 숫자를 맞추는데 사용되는 오늘의 티켓 입니다.{nl}티켓 개수에 따라 시도 횟수가 제공됩니다.{nl}(사용 시 원하는 마을로 이동할 수 있으며 20초 동안 이동속도가 증가합니다.)	
INTL_20180327_000114	引導員升級箱 (14天)	가이드 상자 (14일)	
INTL_20180327_000115	新玩家引導員魔方。{nl}使用時可以獲得道具。{nl}(110級以上才可以使用。)	신규 유저 가이드 큐브입니다.{nl}사용 시 아이템을 획득할 수 있습니다.{nl}(110레벨 이상 사용 가능합니다.)	
INTL_20180327_000116	新玩家引導員魔方。{nl}使用時可以獲得道具。{nl}(120級以上才可以使用。)	신규 유저 가이드 큐브입니다.{nl}사용 시 아이템을 획득할 수 있습니다.{nl}(120레벨 이상 사용 가능합니다.)	
INTL_20180327_000117	新玩家引導員魔方。{nl}使用時可以獲得道具。{nl}(140級以上才可以使用。)	신규 유저 가이드 큐브입니다.{nl}사용 시 아이템을 획득할 수 있습니다.{nl}(140레벨 이상 사용 가능합니다.)	
INTL_20180327_000118	新玩家引導員魔方。{nl}使用時可以獲得道具。{nl}(150級以上才可以使用。)	신규 유저 가이드 큐브입니다.{nl}사용 시 아이템을 획득할 수 있습니다.{nl}(150레벨 이상 사용 가능합니다.)	
INTL_20180327_000119	新玩家引導員魔方。{nl}使用時可以獲得道具。{nl}(170級以上才可以使用。)	신규 유저 가이드 큐브입니다.{nl}사용 시 아이템을 획득할 수 있습니다.{nl}(170레벨 이상 사용 가능합니다.)	
INTL_20180327_000120	新玩家引導員魔方。{nl}使用時可以獲得道具。{nl}(190級以上才可以使用。)	신규 유저 가이드 큐브입니다.{nl}사용 시 아이템을 획득할 수 있습니다.{nl}(190레벨 이상 사용 가능합니다.)	
INTL_20180327_000121	新玩家引導員魔方。{nl}使用時可以獲得道具。{nl}(200級以上才可以使用。)	신규 유저 가이드 큐브입니다.{nl}사용 시 아이템을 획득할 수 있습니다.{nl}(200레벨 이상 사용 가능합니다.)	
INTL_20180327_000122	新玩家引導員魔方。{nl}使用時可以獲得道具。{nl}(210級以上才可以使用。)	신규 유저 가이드 큐브입니다.{nl}사용 시 아이템을 획득할 수 있습니다.{nl}(210레벨 이상 사용 가능합니다.)	
INTL_20180327_000123	新玩家引導員魔方。{nl}使用時可以獲得道具。{nl}(230級以上才可以使用。)	신규 유저 가이드 큐브입니다.{nl}사용 시 아이템을 획득할 수 있습니다.{nl}(230레벨 이상 사용 가능합니다.)	
INTL_20180327_000124	新玩家引導員魔方。{nl}使用時可以獲得道具。{nl}(240級以上才可以使用。)	신규 유저 가이드 큐브입니다.{nl}사용 시 아이템을 획득할 수 있습니다.{nl}(240레벨 이상 사용 가능합니다.)	
INTL_20180327_000125	新玩家引導員魔方。{nl}使用時可以獲得道具。{nl}(260級以上才可以使用。)	신규 유저 가이드 큐브입니다.{nl}사용 시 아이템을 획득할 수 있습니다.{nl}(260레벨 이상 사용 가능합니다.)	
INTL_20180327_000126	新玩家引導員魔方。{nl}使用時可以獲得道具。{nl}(290級以上才可以使用。)	신규 유저 가이드 큐브입니다.{nl}사용 시 아이템을 획득할 수 있습니다.{nl}(290레벨 이상 사용 가능합니다.)	
INTL_20180327_000127	救援者的武器魔方(14天)	구원자 무기 큐브 (14일)	
INTL_20180327_000128	可以選擇活動期間可以使用的救援者裝備。	이벤트 기간 동안 사용할 수 있는 구원자 장비를 선택할 수 있습니다.	
INTL_20180327_000129	救援者的上衣魔方(14天)	구원자 상의 큐브 (14일)	
INTL_20180327_000130	救援者的下衣魔方(14天)	구원자 하의 큐브 (14일)	
INTL_20180327_000131	救援者的鞋子魔方(14天)	구원자 신발 큐브 (14일)	
INTL_20180327_000132	救援者的手套魔方(14天)	구원자 장갑 큐브 (14일)	
INTL_20180327_000133	救援者的飾品魔方(14天)	구원자 장신구 큐브 (14일)	
INTL_20180327_000134	回歸者的信物	복귀자의 증표	
INTL_20180327_000135	可以得到回歸者的禮物的回歸者的信物。	복귀자의 선물을 받을 수 있는 복귀자의 증표입니다.	
INTL_20180327_000136	稱號 - Giving Shade	칭호 - Giving Shade	
INTL_20180327_000137	贈送給2017年夏季徵選活動得獎者的稱號，點擊滑鼠右鍵即可使用。	2017년 여름 공모전 수상자에게 주어지는 칭호입니다. 마우스 오른쪽 클릭으로 사용합니다.	
INTL_20180327_000138	大師的魔方	마스터의 큐브	
INTL_20180327_000139	完成萊塔斯小溪邊任務時獲得的獎勵。{nl}(和大師同在活動)	레티스 개울가 미션을 클리어한 유저에게 주어지는 보상입니다.{nl}(마스터와 함께 이벤트)	
INTL_20180327_000140	大師的信物	마스터의 증표	
INTL_20180327_000141	特別的藍色晶球	특별한 블루 오브	
INTL_20180327_000142	，只能在此使用。{nl}活動結束後統一刪除。	에서만 사용 가능합니다.{nl}이벤트 종료 후 일괄 삭제됩니다.	
INTL_20180327_000143	使用時設捕獲用陷阱。{nl}活動結束後統一刪除。	사용시 포획용 덫이 설치됩니다.{nl}이벤트 종료 후 일괄 삭제됩니다.	
INTL_20180327_000144	活動材料道具。{nl}可以令捕獲的怪物等級增加。{nl}活動結束時統一刪除。	이벤트 재료 아이템입니다.{nl}포획한 몬스터 레벨을 증가시킬 수 있습니다.{nl}이벤트 종료 후 일괄 삭제됩니다.	
INTL_20180327_000145	藍色魔方 LV1	푸른색 큐브 LV1	
INTL_20180327_000146	使用時隨機獲得1個道具。{nl} - 塔特{nl} - 幸運餅乾{nl} - 特性點數 500{nl} - [活動]高階寶石研磨劑(限時)	사용시 무작위로 1개 아이템이 지급됩니다.{nl} - 탈트{nl} - 포춘쿠키{nl} - 특성 포인트 500{nl} - 고급 젬 연마제:14일	
INTL_20180327_000147	藍色魔方 LV2	푸른색 큐브 LV2	
INTL_20180327_000148	使用時隨機獲得1個道具{nl} - 塔特{nl} - 幸運餅乾{nl} - 特性點數 500{nl} - [活動]高階寶石研磨劑(限時){nl} - 銀光鐵砧(14天)	사용시 무작위로 1개 아이템이 지급됩니다.{nl} - 탈트{nl} - 포춘쿠키{nl} - 특성 포인트 500{nl} - 고급 젬 연마제:14일{nl} - 은빛 모루(14일)	
INTL_20180327_000149	藍色魔方 LV3	푸른색 큐브 LV3	
INTL_20180327_000150	使用時隨機獲得1個道具{nl} - 塔特{nl} - 幸運餅乾{nl} - 特性點數 500{nl} - [活動]高階寶石研磨劑(限時){nl} - 銀光鐵砧(14天){nl} - 黃金鐵砧(14天)	사용시 무작위로 1개 아이템이 지급됩니다.{nl} - 탈트{nl} - 포춘쿠키{nl} - 특성 포인트 500{nl} - 고급 젬 연마제:14일{nl} - 은빛 모루(14일){nl} - 황금 모루(14일)	
INTL_20180327_000151	藍色魔方 LV4	푸른색 큐브 LV4	
INTL_20180327_000152	使用時隨機獲得1個道具{nl} - 塔特{nl} - 幸運餅乾{nl} - 特性點數 500{nl} - 特性點數 1000{nl} - [活動]高階寶石研磨劑(限時){nl} - 銀光鐵砧(14天){nl} - 黃金鐵砧(14天)	사용시 무작위로 1개 아이템이 지급됩니다.{nl} - 탈트{nl} - 포춘쿠키{nl} - 특성 포인트 500{nl} - 특성 포인트 1000{nl} - 고급 젬 연마제:14일{nl} - 은빛 모루(14일){nl} - 황금 모루(14일)	
INTL_20180327_000153	藍色魔方 LV5	푸른색 큐브 LV5	
INTL_20180327_000154	使用時隨機獲得1個道具{nl} - 塔特{nl} - 幸運餅乾{nl} - 特性點數 500{nl} - 特性點數 1000{nl} - [活動]高階寶石研磨劑(限時){nl} - 銀光鐵砧(14天){nl} - 黃金鐵砧(14天){nl} - 270制活動用防具	사용시 무작위로 1개 아이템이 지급됩니다.{nl} - 탈트{nl} - 포춘쿠키{nl} - 특성 포인트 500{nl} - 특성 포인트 1000{nl} - 고급 젬 연마제:14일{nl} - 은빛 모루(14일){nl} - 황금 모루(14일){nl} - 270제 이벤트용 방어구	
INTL_20180327_000155	使用時隨機獲得1個道具。{nl} - 修行者的藥水{nl} - 塔特{nl} - 幸運餅乾{nl} - 特性點數 500{nl} - 特性點數 1000{nl} - [活動]高階寶石研磨劑(限時){nl} - [活動]即時副本倍數VIP(限時){nl} - [活動]魔法賦予卷軸(限時){nl} - 銀光鐵砧(14天){nl} - 鑽石鐵砧(14天){nl} - 活動用紐特防具{nl} - 315制活動用武器	사용시 무작위로 1개 아이템이 지급됩니다.{nl} - 수행자의 포션{nl} - 탈트{nl} - 포춘쿠키{nl} - 특성 포인트 500{nl} - 특성 포인트 1000{nl} - 고급 젬 연마제:14일{nl} - 인스턴스 던전 배수 토큰(14일){nl} - 마법 부여 스크롤(14일){nl} - 은빛 모루(14일){nl} - 다이아몬드 모루(14일){nl} - 이벤트용 뉴트 방어구{nl} - 315제 이벤트용 무기	
INTL_20180327_000156	活動用防具箱 (Lv. 270)	이벤트용 방어구 상자 (Lv. 270)	
INTL_20180327_000157	可以選擇270制防具裝備。	270제 방어구 장비를 선택할 수 있습니다.	
INTL_20180327_000158	活動用武器箱 (Lv. 315)	이벤트용 무기 상자 (Lv. 315)	
INTL_20180327_000159	Use to select one level 315 weapon.	315제 무기 장비를 선택할 수 있습니다.	
INTL_20180327_000160	稱號 - Monster Inker	칭호 - Monster Inker	
INTL_20180327_000161	贈送給2017年萬聖誕繪畫徵選活動得獎者的稱號，點擊滑鼠右鍵即可使用。	2017년 할로윈 팬아트 공모전 수상자에게 주어지는 칭호입니다. 마우스 오른쪽 클릭으로 사용합니다.	
INTL_20180327_000162	藍色晶球碎片	블루 오브 조각	
INTL_20180327_000163	活動材料道具。{nl}可以用來交換有用的道具。{nl}活動結束時統一刪除。	이벤트 재료 아이템입니다.{nl}쓸모있는 아이템으로 교환이 가능합니다.{nl}이벤트 종료 후 일괄 삭제됩니다.	
INTL_20180327_000164	新手玩家之書(14天)	신규 유저의 서(14일)	
INTL_20180327_000165	60分內給予全體隊員經驗值+50%的效果。	60분 동안 파티원 전체에게 경험치 50% 증가의 효과를 줍니다.	
INTL_20180327_000166	回歸玩家之書(14天)	복귀 유저의 서(14일)	
INTL_20180327_000167	60分內給予全體隊員最大HP +2000、最大SP +1000、移動速度 +1的效果。	60분 동안 파티원 전체에게 최대HP +2000, 최대SP +1000, 이동속도 +1 증가의 효과를 줍니다.	
INTL_20180327_000168	回歸玩家的藥水(30天)	복귀 유저의 포션(30일)	
INTL_20180327_000169	60分內物理攻擊力+500、魔法攻擊力+500。{nl}(不會消耗。)	60분 동안 물리 공격력 +500, 마법 공격력 +500 증가합니다.{nl}(소모되지 않습니다.)	
INTL_20180327_000170	女神的獎牌	여신의 메달	
INTL_20180327_000171	好像會有好事發生。{nl}(收集獎牌可以跟活動佈告欄交換道具。)	왠지 기분 좋은 일이 일어날 것 같습니다.{nl}(메달을 모으면 이벤트 알림판에서 아이템으로 교환 가능합니다.)	
INTL_20180327_000172	LV315 主武器寶石箱(14天)	LV315 주무기 보석 상자(14일)	
INTL_20180327_000173	使用時可隨時獲得1個道具。{nl} - 帕勒礦石{nl} - 鈹德礦石{nl} - 佩利尼礦石{nl} - 紫色魔方結晶	사용시 무작위로 1개 아이템이 지급됩니다.{nl} - 포르튬{nl} - 피데슘{nl} - 페리니움{nl} - 아틸로늄	
INTL_20180327_000174	稱號 - Companions for Life	칭호 - Companions for Life	
INTL_20180327_000175	贈送給Companion Maker 得獎者的稱號，點擊滑鼠右鍵即可使用。	Companion Maker 수상자에게 지급되는 칭호입니다. 마우스 오른쪽 클릭으로 사용합니다.	
INTL_20180327_000176	Cursed Doll Cube	생존 보상 큐브	
INTL_20180327_000177	稱號 - 超一流冒險家	칭호 - 초일류 모험가	
INTL_20180327_000178	贈送給達成冒險日誌排名第1的玩家的稱號，點擊滑鼠右鍵即可使用。	모험일지 랭킹 1위를 달성한 유저에게 지급되는 칭호입니다. 마우스 오른쪽 클릭으로 사용합니다.	
INTL_20180327_000179	回歸玩家的禮物箱(14天)	복귀 유저의 선물 상자(14일)	
INTL_20180327_000180	歡迎歸隊。{nl}使用時證明為回歸玩家可以獲得回歸玩家的禮物。{nl}如果不使用回歸玩家的禮物，就無法參與回歸玩家的活動。	복귀를 환영합니다.{nl}사용 시 복귀 유저가 증명되며 복귀 유저의 선물을 받을 수 있습니다.{nl}복귀 유저의 선물을 사용하지 않으면 복귀 유저의 이벤트에 참여할 수 없습니다.	
INTL_20180327_000181	R9衝等禮包 - 武器選擇箱	New Rank Booster - 무기 선택 상자	
INTL_20180327_000182	開啟時可以選擇想要的350級未鑑定裝備。	사용 시 원하는 350레벨 미감정 장비를 선택할 수 있습니다.	
INTL_20180327_000183	R9衝等禮包 - 防具選擇箱	New Rank Booster - 방어구 선택 상자	
INTL_20180327_000184	[柯拉佩達] 女神的臉部碎片	[클라페다] 여신의 얼굴 조각	
INTL_20180327_000185	此為活動材料道具。{nl}可用其他的女神碎片一起製作出 [活動] 已復原的女神像。	이벤트 재료 아이템입니다.{nl}다른 여신의 조각과 함께 [이벤트] 복원된 여신상을 만들 수 있습니다.	
INTL_20180327_000186	[共用] 女神的翅膀碎片	[공용] 여신의 날개 조각	
INTL_20180327_000187	[歐勒夏] 女神的上半部碎片	[오르샤] 여신의 상단 조각	
INTL_20180327_000188	[佩迪米安] 女神的下半部碎片	[페디미안] 여신의 하단 조각	
INTL_20180327_000189	[活動] 已復原的女神像	[이벤트] 복원된 여신상	
INTL_20180327_000190	此為活動道具。{nl}使用時可選擇想要的道具。{nl}(活動結束時統一刪除。)	이벤트 아이템입니다.{nl}사용 시 원하는 아이템을 선택할 수 있습니다.{nl}(이벤트 종료 시 일괄 삭제됩니다.)	
INTL_20180327_000191	[活動] 已復原的黃金寶箱	[이벤트] 복원된 황금 상자	
INTL_20180327_000192	此為活動道具。{nl}裡面到底裝了甚麼道具呢？{nl}(活動結束時統一刪除。)	이벤트 아이템입니다.{nl}어떤 아이템이 들어있을까요?{nl}(이벤트 종료 시 일괄 삭제됩니다.)	
INTL_20180327_000193	善意的謊言箱子	착한 거짓말 상자	
INTL_20180327_000194	聖誕活動道具。{nl}可以選項獎勵中的1個。	크리스마스 이벤트 아이템입니다.{nl}보상 중 1개를 선택할 수 있습니다.	
INTL_20180327_000195	小孩用禮物箱子	어린이용 선물 상자	
INTL_20180327_000196	聖誕活動道具。{nl}請將禮物箱子轉交給小孩。	크리스마스 이벤트 아이템입니다.{nl}어린이에게 선물 상자를 건네주세요.	
INTL_20180327_000197	女神的雕像(3天)	여신의 조각상(3일)	
INTL_20180327_000198	充滿祝福的嫩芽(3天)	축복이 깃든 씨앗(3일)	
INTL_20180327_000199	特性點數500(14天)	특성 포인트 500 (14일)	
INTL_20180327_000200	使用時特性點數增加 500，點擊滑鼠右鍵即可使用。	사용시 특성 포인트가 500 증가합니다. 마우스 오른쪽 클릭으로 사용합니다.	
INTL_20180327_000201	年糕湯(3天)	떡국(3일)	
INTL_20180327_000202	為了迎接新年而精心熬煮的年糕湯，吃完年糕湯就長一歲囉！{nl}和其他玩家組隊時使用會對全體組隊成員提供30分鐘經驗值增加15%的效果。	 신년을 맞아 끓인 떡국입니다. 많이 먹으면 빨리 한 살 더 먹을 수도 있다는 이야기가 있습니다. {nl} 다른 유저와 파티중일 때 사용시 30분간 파티원 전체에게 경험치 15% 증가의 효과를 줍니다.	
INTL_20180327_000203	BUFF強化用粉末	버프 강화용 가루	
INTL_20180327_000204	在活動佈告欄可以令家門BUFF成長的粉末。{nl}本道具在活動結束後會統一刪除。	이벤트 알림판에서 가문 버프를 성장 시킬수 있습니다.{nl}이벤트 종료 후 일괄 삭제됩니다.	
INTL_20180327_000205	討伐命令書	토벌 명령서	
INTL_20180327_000206	必須移動至文件上顯示的地區消滅怪物。{nl}本道具在活動結束後會統一刪除。	문서에 나온 지역으로 이동하여 몬스터를 처치해야 합니다. {nl}이벤트 종료 후 일괄 삭제됩니다.	
INTL_20180327_000207	討伐證明	토벌 증표	
INTL_20180327_000208	活動用變身卷軸(1天)	이벤트용 변신 스크롤(1일)	
INTL_20180327_000209	變身卷軸。{nl}注意！變身後只要移動到其它場所就會解除。	변신하는 스크롤입니다.{nl}주의! 변신후 다른 장소를 이동시 풀립니다.	
INTL_20180327_000210	活動金幣	이벤트 금화	
INTL_20180327_000211	在夜市使用的金幣。{nl}(活動結束時統一刪除。)	야시장에서 사용되는 금화입니다.{nl}(이벤트 종료 시 일괄 삭제됩니다.)	
INTL_20180327_000212	讓你擁有紅牛般的體力，10分內最大 SP +1000、廣域攻擊比率+1、不會消耗耐力。{nl}(活動結束時統一刪除。)	황소같은 체력을 가질 수 있게 해줍니다. 10분 동안 최대 SP +1000, 광역 공격 비율 +1, 스태미나가 소비되지 않습니다.{nl}(이벤트 종료 시 일괄 삭제됩니다.)	
INTL_20180327_000213	上衣-祕密裝備選擇箱(14天)	상의-비밀 장비 선택 상자(14일)	
INTL_20180327_000214	這是可以選擇Lv 315獨特裝備的箱子。	Lv 315 유니크 장비를 선택할 수 있는 상자입니다.	
INTL_20180327_000215	褲子-祕密裝備選擇箱(14天)	하의-비밀 장비 선택 상자(14일)	
INTL_20180327_000216	手套-祕密裝備選擇箱(14天)	장갑-비밀 장비 선택 상자(14일)	
INTL_20180327_000217	鞋子-祕密裝備選擇箱(14天)	신발-비밀 장비 선택 상자(14일)	
INTL_20180327_000218	祕密製作書選箱(14天)	비밀 제작서 선택 상자(14일)	
INTL_20180327_000219	這是可以選擇Lv 315獨特製作書的箱子。	Lv 315 유니크 제작서를 선택할 수 있는 상자입니다.	
INTL_20180327_000220	包裝的巧克力	포장된 초콜릿	짝사랑 소녀
INTL_20180327_000221	A lovely box of handmade chocolates for Valentine's Day. Use to apply +50% EXP gains for 1 hour.	달달한 맛으로, 뇌의 회전을 도와주는 초콜릿입니다. 사용 시, 1시간동안 경험치 획득량 +50% 효과를 얻습니다.	
INTL_20180327_000222	Winter Key	겨울 열쇠	
INTL_20180327_000223	Use it to open the Vault in Klaipeda.{nl}(Will be deleted at the end of the event.)	마지막 겨울 이벤트에서 사용되는 열쇠입니다.{nl}(이벤트 종료 시 일괄 삭제됩니다.)	
INTL_20180327_000224	Icicle (14 Days)	고드름(14일)	
INTL_20180327_000225	Melt it by the fire and see what's inside!{nl}(Will be deleted at the end of the event.)	고드름을 녹이면 무엇이 들어있을까요?{nl}(고드름은 장작 주위에서만 사용 가능합니다.)	
INTL_20180327_000226	Yes, turning your head about 270 degrees is possible!{nl}Can be exchanged for medals at the Exchange Shop.	고개를 약 270도 까지 돌리는 것이 가능합니다.{nl} 리사이클샵에서 메달로 교환 가능합니다.	
INTL_20180327_000227	雷雲	구름 번개	
INTL_20180327_000228	A crown created on behalf of a nameless queen.{nl} Can be exchanged for medals in the Exchange Shop.	이름없는 여왕을 위해서 제작된 왕관입니다.{nl} 리사이클샵에서 메달로 교환 가능합니다.	
INTL_20180327_000229	A tool used to quickly bake bread.{nl} Can be exchanged for medals in the Exchange Shop.	쉽게 빠르게 빵을 굽는 도구입니다.{nl} 리사이클샵에서 메달로 교환 가능합니다.	
INTL_20180327_000230	The most advanced way to convey information.{nl} Can be exchanged for medals in the Exchange Shop.	정보를 전달하는 이 세계의 최신 기술입니다.{nl} 리사이클샵에서 메달로 교환 가능합니다.	
INTL_20180327_000231	SPARTAAAAA!!!{nl}Can be exchanged for medals at the Exchange Shop.	스파르타!!!!!{nl} 리사이클샵에서 메달로 교환 가능합니다.	
INTL_20180327_000232	A small figurine carved by a Dievdirbys.{nl}Can be exchanged for medals at the Exchange Shop.	딥디르비가 만든 착용 가능한 세계수 조각 머리 장식입니다.{nl} 리사이클샵에서 메달로 교환 가능합니다.	
INTL_20180327_000233	捲毛狗氣泡膜	푸들 뽁뽁이	
INTL_20180327_000234	波波小獅王氣泡膜	포포리온 뽁뽁이	
INTL_20180327_000235	貓咪扇子	고양이 부채	
INTL_20180327_000236	粉紅小花怪扇子	하나밍 부채	
INTL_20180327_000237	捲毛狗扇子	푸들 부채	
INTL_20180327_000238	凱帕扇子	케파 부채	
INTL_20180327_000239	企鵝扇子	펭귄 부채	
INTL_20180327_000240	波波小獅王扇子	포포리온 부채	
INTL_20180327_000241	暖暖包(30天)	핫팩(30일)	
INTL_20180327_000242	[活動] 芭蕉扇(30天)	[이벤트] 파초선(30일)	
INTL_20180327_000243	帶來幸運的四葉草。	행운을 가져다 주는 네잎클로버.	
INTL_20180327_000244	[活動] 救援者的劍(30天)	[이벤트] 구원자의 소드 (30일)	
INTL_20180327_000245	活動所發送的期間制道具。	이벤트로 지급되는 기간제 아이템입니다.	
INTL_20180327_000246	[活動] 救援者的雙手劍(30天)	[이벤트] 구원자의 투 핸드 소드 (30일)	
INTL_20180327_000247	[活動] 救援者的鈍器(30天)	[이벤트] 구원자의 메이스 (30일)	
INTL_20180327_000248	[活動] 救援者的法杖(30天)	[이벤트] 구원자의 스태프 (30일)	
INTL_20180327_000249	[活動] 救援者的權杖(30天)	[이벤트] 구원자의 로드 (30일)	
INTL_20180327_000250	[活動] 救援者的匕首(30天)	[이벤트] 구원자의 대거 (30일)	
INTL_20180327_000251	[活動] 救援者的矛槍(30天)	[이벤트] 구원자의 스피어 (30일)	
INTL_20180327_000252	[活動] 救援者的長槍(30天)	[이벤트] 구원자의 파이크 (30일)	
INTL_20180327_000253	[活動] 救援者的細劍(30天)	[이벤트] 구원자의 레이피어 (30일)	
INTL_20180327_000254	[活動] 救援者的十字弓(30天)	[이벤트] 구원자의 크로스보우 (30일)	
INTL_20180327_000255	[活動] 救援者的弓(30天)	[이벤트] 구원자의 보우 (30일)	
INTL_20180327_000256	[活動] 救援者的手槍(30天)	[이벤트] 구원자의 피스톨 (30일)	
INTL_20180327_000257	[活動] 救援者的重砲(30天)	[이벤트] 구원자의 캐논 (30일)	
INTL_20180327_000258	[活動] 救援者的火槍(30天)	[이벤트] 구원자의 머스킷 (30일)	
INTL_20180327_000259	[活動] 救援者的盾牌(30天)	[이벤트] 구원자의 실드 (30일)	
INTL_20180327_000260	[活動] 救援者的布甲(30天)	[이벤트] 구원자의 로브 (30일)	
INTL_20180327_000261	[活動] 救援者的短褲(30天)	[이벤트] 구원자의 팬츠 (30일)	
INTL_20180327_000262	[活動] 救援者的手套(30天)	[이벤트] 구원자의 글로브 (30일)	
INTL_20180327_000263	[活動] 救援者的靴子(30天)	[이벤트] 구원자의 부츠 (30일)	
INTL_20180327_000264	[活動] 救援者的皮革盔甲(30天)	[이벤트] 구원자의 레더 아머 (30일)	
INTL_20180327_000265	[活動] 救援者的皮革短褲(30天)	[이벤트] 구원자의 레더 팬츠 (30일)	
INTL_20180327_000266	[活動] 救援者的皮革靴子(30天)	[이벤트] 구원자의 레더 부츠 (30일)	
INTL_20180327_000267	[活動] 救援者的皮革手套(30天)	[이벤트] 구원자의 레더 글로브 (30일)	
INTL_20180327_000268	[活動] 救援者的鋼鐵盔甲(30天)	[이벤트] 구원자의 플레이트 아머 (30일)	
INTL_20180327_000269	[活動] 救援者的鋼鐵褲子(30天)	[이벤트] 구원자의 플레이트 레깅스 (30일)	
INTL_20180327_000270	[活動] 救援者的鋼鐵護脛靴(30天)	[이벤트] 구원자의 플레이트 그리브 (30일)	
INTL_20180327_000271	[活動] 救援者的鋼鐵護手套(30天)	[이벤트] 구원자의 플레이트 건틀릿 (30일)	
INTL_20180327_000272	[活動] 救援者的獎章(30天)	[이벤트] 구원자의 메달 (30일)	
INTL_20180327_000273	[活動] 救援者的項鍊(30天)	[이벤트] 구원자의 네클리스 (30일)	
INTL_20180327_000274	[活動] 救援者的腕飾(30天)	[이벤트] 구원자의 밴드 (30일)	
INTL_20180327_000275	[活動] 救援者的手鐲(30天)	[이벤트] 구원자의  브레이슬릿 (30일)	
INTL_20180327_000276	[活動] 紐特布甲	[이벤트] 뉴트 로브	
INTL_20180327_000277	[活動] 紐特皮革盔甲	[이벤트] 뉴트 레더 아머	
INTL_20180327_000278	[活動] 紐特鋼鐵盔甲	[이벤트] 뉴트 플레이트 아머	
INTL_20180327_000279	[活動] 紐特短褲	[이벤트] 뉴트 팬츠	
INTL_20180327_000280	[活動] 紐特皮革短褲	[이벤트] 뉴트 레더 팬츠	
INTL_20180327_000281	[活動] 紐特鋼鐵褲子	[이벤트] 뉴트 플레이트 레깅스	
INTL_20180327_000282	[活動] 紐特靴子	[이벤트] 뉴트 부츠	
INTL_20180327_000283	[活動] 紐特皮革靴子	[이벤트] 뉴트 레더 부츠	
INTL_20180327_000284	[活動] 紐特鋼鐵護脛靴	[이벤트] 뉴트 플레이트 그리브	
INTL_20180327_000285	[活動] 紐特手套	[이벤트] 뉴트 글로브	
INTL_20180327_000286	[活動] 紐特皮革手套	[이벤트] 뉴트 레더 글로브	
INTL_20180327_000287	[活動] 紐特鋼鐵護手套	[이벤트] 뉴트 플레이트 건틀릿	
INTL_20180327_000288	[活動] 皮雷納劍	[이벤트] 피레네 소드	
INTL_20180327_000289	[活動] 蓋伊實萊修	[이벤트] 게일 슬래셔	
INTL_20180327_000290	[活動] 萊恩海德匕首	[이벤트] 라이온 헤드 대거	
INTL_20180327_000291	[活動] 皮格力矛槍	[이벤트] 피그리 스피어	
INTL_20180327_000292	[活動] 世刻梅特	[이벤트] 세크메트	
INTL_20180327_000293	[活動] 艾爾嘉細劍	[이벤트] 엘가 레이피어	
INTL_20180327_000294	[活動] 彼安那拉吉斯鈍器	[이벤트] 비엔나라지스 메이스	
INTL_20180327_000295	[活動] 彼安那拉吉斯法杖	[이벤트] 비엔나라지스 스태프	
INTL_20180327_000296	[活動] 溫迪亞權杖	[이벤트] 윈디아 로드	
INTL_20180327_000297	[活動] 銀鷹十字弓	[이벤트] 실버 호크	
INTL_20180327_000298	[活動] 阿弗卡屋雷弓	[이벤트] 아프가울레 보우	
INTL_20180327_000299	[活動] 雙彈道手槍	[이벤트] 더블 스택	
INTL_20180327_000300	[活動] 萊恩海德重砲	[이벤트] 라이온 헤드 캐논	
INTL_20180327_000301	[活動] 德拉郡長槍	[이벤트] 드라군 파이퍼	
INTL_20180327_000302	普利摩斯伊萊里斯短褲 [不可交易] 	프리머스 이렐리스 팬츠 [거래 불가]	
INTL_20180327_000303	普利摩斯傑貝奈利斯皮革短褲 [不可交易] 	프리머스 제베넬리스 레더 팬츠 [거래 불가]	
INTL_20180327_000304	普利摩斯巴斯緹克鋼鐵短褲 [不可交易] 	프리머스 바스티클 플레이트 팬츠 [거래 불가]	
INTL_20180327_000305	普利摩斯伊萊里斯布甲 [不可交易] 	프리머스 이렐리스 로브 [거래 불가]	
INTL_20180327_000306	普利摩斯傑貝奈利斯皮革盔甲 [不可交易] 	프리머스 제베넬리스 레더 아머 [거래 불가]	
INTL_20180327_000307	普利摩斯巴斯緹克鋼鐵盔甲 [不可交易] 	프리머스 바스티클 플레이트 아머 [거래 불가]	
INTL_20180327_000308	普利摩斯伊萊里斯手套 [不可交易] 	프리머스 이렐리스 글로브 [거래 불가]	
INTL_20180327_000309	普利摩斯傑貝奈利斯皮革手套 [不可交易] 	프리머스 제베넬리스 레더 글로브 [거래 불가]	
INTL_20180327_000310	普利摩斯巴斯緹克護手套 [不可交易] 	프리머스 바스티클 건틀릿 [거래 불가]	
INTL_20180327_000311	普利摩斯伊萊里斯靴子 [不可交易] 	프리머스 이렐리스 부츠 [거래 불가]	
INTL_20180327_000312	普利摩斯傑貝奈利斯皮革靴子 [不可交易] 	프리머스 제베넬리스 레더 부츠 [거래 불가]	
INTL_20180327_000313	普利摩斯巴斯緹克護脛靴 [不可交易] 	프리머스 바스티클 그리브 [거래 불가]	
INTL_20180327_000314	普利摩斯拉帕伊之劍 [不可交易] 	프리머스 라파이 소드 [거래 불가]	
INTL_20180327_000315	普利摩斯拉帕伊雙手劍 [不可交易] 	프리머스 라파이 투 핸드 소드 [거래 불가]	
INTL_20180327_000316	普利摩斯拉帕伊鈍器 [不可交易] 	프리머스 라파이 메이스 [거래 불가]	
INTL_20180327_000317	普利摩斯拉帕伊法杖 [不可交易] 	프리머스 라파이 스태프 [거래 불가]	
INTL_20180327_000318	普利摩斯拉帕伊權杖 [不可交易] 	프리머스 라파이 로드 [거래 불가]	
INTL_20180327_000319	普利摩斯拉帕伊雙手鈍器 [不可交易] 	프리머스 라파이 투 핸드 메이스 [거래 불가]	
INTL_20180327_000320	普利摩斯拉帕伊匕首 [不可交易] 	프리머스 라파이 대거 [거래 불가]	
INTL_20180327_000321	普利摩斯拉帕伊茅槍 [不可交易] 	프리머스 라파이 스피어 [거래 불가]	
INTL_20180327_000322	普利摩斯拉帕伊長槍 [不可交易] 	프리머스 라파이 파이크 [거래 불가]	
INTL_20180327_000323	普利摩斯拉帕伊細劍 [不可交易] 	프리머스 라파이 레이피어 [거래 불가]	
INTL_20180327_000324	普利摩斯拉帕伊十字弓 [不可交易] 	프리머스 라파이 크로스보우 [거래 불가]	
INTL_20180327_000325	普利摩斯拉帕伊弓 [不可交易] 	프리머스 라파이 보우 [거래 불가]	
INTL_20180327_000326	普利摩斯拉帕伊手槍 [不可交易] 	프리머스 라파이 피스톨 [거래 불가]	
INTL_20180327_000327	普利摩斯拉帕伊重砲 [不可交易] 	프리머스 라파이 캐논 [거래 불가]	
INTL_20180327_000328	普利摩斯拉帕伊火槍 [不可交易] 	프리머스 라파이 머스킷 [거래 불가]	
INTL_20180327_000329	普利摩斯拉帕伊之盾 [不可交易] 	프리머스 라파이 실드 [거래 불가]	
INTL_20180327_000330	艾布都查單手劍 [不可交易]	아브도챠 [거래 불가]	
INTL_20180327_000331	薩克米斯 [不可交易]	사크미스 [거래 불가]	
INTL_20180327_000332	斯寇史梅修 [不可交易]	스컬 스매셔 [거래 불가]	
INTL_20180327_000333	里加德角法杖 [不可交易]	리가드 혼 스태프 [거래 불가]	
INTL_20180327_000334	榮耀之心 [不可交易]	하트 오브 글로리 [거래 불가]	
INTL_20180327_000335	骷髏粉碎者 [不可交易]	스컬 브레이커 [거래 불가]	
INTL_20180327_000336	艾蒙加德匕首 [不可交易]	에멘가드 대거 [거래 불가]	
INTL_20180327_000337	云夏德矛槍 [不可交易]	윙샤드 스피어 [거래 불가]	
INTL_20180327_000338	里加德角長槍 [不可交易]	리가드 혼 파이크 [거래 불가]	
INTL_20180327_000339	黑色魂魄 [不可交易]	블랙 혼 [거래 불가]	
INTL_20180327_000340	里加德角十字弓 [不可交易]	리가드 혼 크로스보우 [거래 불가]	
INTL_20180327_000341	阿斯特拉弓 [不可交易]	아스트라 보우 [거래 불가]	
INTL_20180327_000342	亞斯帕娜左輪手槍 [不可交易]	아스파나 리볼버 [거래 불가]	
INTL_20180327_000343	艾蒙加德重砲 [不可交易]	에멘가드 캐논 [거래 불가]	
INTL_20180327_000344	艾蒙加德火槍 [不可交易]	에멘가드 머스킷 [거래 불가]	
INTL_20180327_000345	艾蒙加德之盾 [不可交易]	에멘가드 실드 [거래 불가]	
INTL_20180327_000346	普利摩斯奧西妮絲布甲 [不可交易]	프리머스 옥시니스 로브 [거래 불가]	
INTL_20180327_000347	普利摩斯喀爾烈皮革盔甲 [不可交易]	프리머스 카울라스 레더 아머 [거래 불가]	
INTL_20180327_000348	普利摩斯夸基爾思鋼鐵盔甲 [不可交易]	프리머스 크라이지어스 플레이트 아머 [거래 불가]	
INTL_20180327_000349	普利摩斯奧西妮絲短褲 [不可交易]	프리머스 옥시니스 팬츠 [거래 불가]	
INTL_20180327_000350	普利摩斯喀爾烈皮革短褲 [不可交易]	프리머스 카울라스 레더 팬츠 [거래 불가]	
INTL_20180327_000351	普利摩斯夸基爾思鋼鐵短褲 [不可交易]	프리머스 크라이지어스 플레이트 팬츠 [거래 불가]	
INTL_20180327_000352	普利摩斯奧西妮絲手套 [不可交易]	프리머스 옥시니스 글로브 [거래 불가]	
INTL_20180327_000353	普利摩斯喀爾烈皮革手套 [不可交易]	프리머스 카울라스 레더 글로브 [거래 불가]	
INTL_20180327_000354	普利摩斯夸基爾思護手套 [不可交易]	프리머스 크라이지어스 건틀릿 [거래 불가]	
INTL_20180327_000355	普利摩斯奧西妮絲靴子 [不可交易]	프리머스 옥시니스 부츠 [거래 불가]	
INTL_20180327_000356	普利摩斯喀爾烈皮革靴子 [不可交易]	프리머스 카울라스 레더 부츠 [거래 불가]	
INTL_20180327_000357	普利摩斯夸基爾思護脛靴 [不可交易]	프리머스 크라이지어스 그리브 [거래 불가]	
INTL_20180327_000358	Grants Token benefits to all your characters in the server for 30 days. See remaining time under Character Info.{nl}[Token Benefits]{nl} - Able to learn attributes instantaneously{nl} - Reduced Market commission fee (30% {img white_right_arrow 16 16} 10%){nl} - Able to list up to 10 items on the Market{nl} - Able to register items in Market outside min./max. price limits{nl} - Able to retrieve Market silver instantaneously{nl} - +30% EXP from hunting monsters{nl}(Stacks with the EXP Tome effects){nl} - Able to use Premium Gestures{nl} - Additional +1 reward from Saalus Missions{nl} - Able to use Personal Trade up to 30 times{nl} - 2 Stone discount on Raid Dungeon entries	마우스 우클릭 시 사용되며 서버 내 모든 캐릭터에 사용 시점으로부터 30일간 혜택이 적용됩니다. 캐릭터 정보창에서 잔여 시간을 확인하실 수 있습니다.{nl}[토큰 효과]{nl} - 특성 즉시 수련 가능{nl} - 마켓 판매 수수료율 감소(30%{img white_right_arrow 16 16}10%){nl} - 마켓 판매 등록 아이템 개수 10개{nl} - 마켓 상/하한가 관계없이 물품 등록 가능{nl} - 마켓 판매금 즉시 수령{nl} - 캐릭터 이동속도 +3 증가{nl} - 몬스터 처치 시 경험치 +30% 증가{nl}(PC방 혜택, 경험의 서 효과와 중첩 가능){nl} - 팀 창고 이용 가능{nl} - 프리미엄 제스쳐 사용 가능{nl} - 개인 거래 30회 가능{nl} - 살러스 수녀원 미션 완료 보상 +1{nl} - 레이드 던전 입장 아이템 소모 개수 -2	
INTL_20180327_000359	[活動]沙丁魚(限時)	정어리:14일	
INTL_20180327_000360	戰鬥鴉雀寵物禮包	전투 뱁새 컴패니언 패키지	
INTL_20180327_000361	點擊滑鼠右鍵即可開啟並獲得內容物。	마우스 우클릭으로 사용할 수 있습니다. 사용시 상자의 내용물을 획득할 수 있습니다.	
INTL_20180327_000362	[活動] 表情符號 Plus 禮包 ： 波波小獅王	[이벤트] 이모티콘 플러스 패키지 : 포포리온	
INTL_20180327_000363	可以登錄以下聊天用表情符號，點擊滑鼠右鍵使用。{nl}{img emoticon_0024 50 50}{img emoticon_0025 50 50}{img emoticon_0026 50 50}{img emoticon_0027 50 50}{img emoticon_0028 50 50}{img emoticon_0029 50 50}{img emoticon_0030 50 50}{img emoticon_0031 50 50}{img emoticon_0032 50 50}{img emoticon_0033 50 50}{img emoticon_0034 50 50}{img emoticon_0035 50 50}{img emoticon_0036 50 50}{img emoticon_0037 50 50}{img emoticon_0038 50 50}{img emoticon_0039 50 50}{img emoticon_0040 50 50}{img emoticon_0041 50 50}{img emoticon_0042 50 50}{img emoticon_0043 50 50}{img emoticon_0044 50 50}{img emoticon_0045 50 50}{img emoticon_0046 50 50}	아래와 같은 채팅 이모티콘을 등록할 수 있습니다.  마우스 오른쪽 클릭으로 사용합니다.{nl}{img emoticon_0024 50 50}{img emoticon_0025 50 50}{img emoticon_0026 50 50}{img emoticon_0027 50 50}{img emoticon_0028 50 50}{img emoticon_0029 50 50}{img emoticon_0030 50 50}{img emoticon_0031 50 50}{img emoticon_0032 50 50}{img emoticon_0033 50 50}{img emoticon_0034 50 50}{img emoticon_0035 50 50}{img emoticon_0036 50 50}{img emoticon_0037 50 50}{img emoticon_0038 50 50}{img emoticon_0039 50 50}{img emoticon_0040 50 50}{img emoticon_0041 50 50}{img emoticon_0042 50 50}{img emoticon_0043 50 50}{img emoticon_0044 50 50}{img emoticon_0045 50 50}{img emoticon_0046 50 50}	
INTL_20180327_000364	波波小獅王禮包	포포리온 코스튬 패키지	
INTL_20180327_000365	點擊滑鼠右鍵即可開啟並獲得箱子內容物。{nl} - 波波小獅王套裝 x1{nl} - 波波小獅王頭飾 x1{nl}{@stToolTip_Red}使用時會發送符合角色性別的道具。{/}	마우스 우클릭 시 사용되며 구성물을 획득할 수 있습니다.{nl} - 포포리온 코스튬 x1{nl} - 포포리온 헤드 x1{nl}{@stToolTip_Red}사용 시 성별에 맞는 아이템이 지급됩니다.{/}	
INTL_20180327_000366	燕尾服貓咪禮包	턱시도 냥이 코스튬 패키지	
INTL_20180327_000367	點擊滑鼠右鍵即可開啟並獲得箱子內容物。{nl} - 燕尾服貓咪套裝 x1{nl} - 燕尾服貓咪頭飾 x1{nl}{@stToolTip_Red}使用時會發送符合角色性別的道具。{/}	마우스 우클릭 시 사용되며 구성물을 획득할 수 있습니다.{nl} - 턱시도 냥이 코스튬 x1{nl} - 턱시도 냥이 헤드 x1{nl}{@stToolTip_Red}사용 시 성별에 맞는 아이템이 지급됩니다.{/}	
INTL_20180327_000368	奇金捲毛狗禮包	치킨 푸들 코스튬 패키지	
INTL_20180327_000369	點擊滑鼠右鍵即可開啟並獲得箱子內容物。{nl} - 奇金捲毛狗套裝 x1{nl} - 奇金捲毛狗頭飾 x1{nl}{@stToolTip_Red}使用時會發送符合角色性別的道具。{/}	마우스 우클릭 시 사용되며 구성물을 획득할 수 있습니다.{nl} - 치킨 푸들 코스튬 x1{nl} - 치킨 푸들 헤드 x1{nl}{@stToolTip_Red}사용 시 성별에 맞는 아이템이 지급됩니다.{/}	
INTL_20180327_000370	Monster Card Album Box	몬스터 카드첩 상자	
INTL_20180327_000371	Right-click to obtain the following items:{nl} - Monster Card Album: Red x1{nl} - Monster Card Album: Blue x1{nl} - Monster Card Album: Green x1{nl} - Monster Card Album: Purple x1	마우스 우클릭 시 사용되며 구성물을 획득할 수 있습니다.{nl} - 몬스터 카드첩 : 레드 x1{nl} - 몬스터 카드첩 : 블루 x1{nl} - 몬스터 카드첩 : 그린 x1{nl} - 몬스터 카드첩 : 퍼플 x1	
INTL_20180327_000372	匠人的黃金鐵砧箱	장인의 황금 모루 상자	
INTL_20180327_000373	內裝有發光的黃金鐵砧5個，點擊滑鼠右鍵即可獲得。	빛나는 황금 모루 5개가 들어있는 상자입니다. 마우스 오른쪽 버튼 클릭으로 사용하면 아이템이 지급됩니다.	
INTL_20180327_000374	特性點數 100	특성 포인트 100	
INTL_20180327_000375	使用時特性點數增加100，點擊滑鼠右鍵即可使用。	사용시 특성 포인트가 100 증가합니다. 마우스 오른쪽 클릭으로 사용합니다.	
INTL_20180327_000376	10x Enchant Scroll Box	마법 부여 스크롤 10개 상자	
INTL_20180327_000377	ประกอบด้วย 10 ม้วนมนตรา. คลิกขวาเพื่อใช้งาน	사용 시 마법 부여 스크롤 10개를 획득합니다. 마우스 우클릭으로 사용합니다.	
INTL_20180327_000378	10x Megaphone Box	확성기 10개 상자	
INTL_20180327_000379	ประกอบด้วยแตร 10 ชิ้น . คลิกขวาเพื่อใช้งาน	사용 시 확성기 10개를 획득합니다. 마우스 우클릭으로 사용합니다.	
INTL_20180327_000380	年終回饋禮包	신규 시작 패키지	
INTL_20180327_000381	點擊滑鼠右鍵即可開啟並獲得箱子內容物。{nl} - 高濃縮HP藥水 100個{nl} - 高濃縮SP藥水 100個{nl} - 大王蜜松糕 10個{nl}- 定居支援藥水 10個{nl}- 即時副本掃盪劵 [★] 5個{nl}- 技能重置藥水 1個{nl}- 屬性重置藥水 1個	마우스 우클릭 시 사용되며 구성물을 획득할 수 있습니다.{nl} - 고농축 HP포션 100개{nl} - 고농축 SP포션 100개{nl} - 대왕꿀송편 10개{nl}- 정착지원 포션 10개{nl}- 인스턴스 던전 소탕권 [★] 5개{nl}- 스킬 초기화 포션 1개{nl}- 스탯 초기화 포션 1개	
INTL_20180327_000382	技能重置藥水	스킬 초기화 포션	
INTL_20180327_000383	重置使用的技能點數。	사용한 스킬 포인트를 초기화 합니다.	
INTL_20180327_000384	屬性重置藥水	스탯 초기화 포션	
INTL_20180327_000385	คลิกขวาเพื่อรับไอเทมดังต่อไปนี้:{nl} - Token: 7 Days [Event]{nl} - Enchant Scroll (14 Days) x10{nl} - Emote Plus: Popolion{nl}- Simple Costume Box{nl}- Imperial Fan (30 Days){nl} - Red Beret{nl} - Light Salmon Dye{nl} - Crimson Contact Lenses{nl} - Lv2 Settlement Support Potion x10{nl} -Keista Restoration Potion Lv2 x20	마우스 우클릭 시 사용되며 구성물을 획득할 수 있습니다.{nl} - 토큰:7일[증정용]{nl} - 마법 부여 스크롤(14일) 10개{nl} - 이모티콘 플러스 패키지 : 포포리온{nl}- 심플 코스튬 상자{nl}- 파초선(30일){nl} - 붉은 베레모{nl} - 라이트 살몬 염색약{nl} - 크림슨 렌즈{nl} - 정착 지원 포션 Lv2 10개{nl} - 케이스타스 회복포션Lv2 20개	
INTL_20180327_000386	使用時可獲得 9 TP。使用後，從角色背包領取時，無法請求撤回。	사용 시 9 TP를 획득합니다. 사용하여 캐릭터 인벤토리에서 수령 시 청약철회가 불가능 합니다.	
INTL_20180327_000387	使用時可獲得 29 TP。使用後，從角色背包領取時，無法請求撤回。	사용 시 29 TP를 획득합니다. 사용하여 캐릭터 인벤토리에서 수령 시 청약철회가 불가능 합니다.	
INTL_20180327_000388	使用時可獲得 247 TP。使用後，從角色背包領取時，無法請求撤回。	사용 시 247 TP를 획득합니다. 사용하여 캐릭터 인벤토리에서 수령 시 청약철회가 불가능 합니다.	
INTL_20180327_000389	使用時可獲得 491 TP。使用後，從角色背包領取時，無法請求撤回。	사용 시 491 TP를 획득합니다. 사용하여 캐릭터 인벤토리에서 수령 시 청약철회가 불가능 합니다.	
INTL_20180327_000390	Right-click to obtain the following items.{nl}- Puppy Balloon x1{nl}- Diamond Anvil x1{nl}- Golden Anvil x3{nl}- Silver Anvil x3{nl}- Enhancement Coupon: 100,000 Silver x10{nl}- Attribute Points: 1,000 x1{nl}- Highly Condensed HP Potion x20{nl}- Highly Condensed SP Potion x20{nl}- Lv2 Settlement Support Potion x10{nl}- Goddess Statue x5{nl}- Highly Condensed Movement Speed Potion x5	마우스 우클릭 시 사용되며 구성물을 획득할 수 있습니다.{nl} - 강아지 풍선{nl} - 다이아몬드 모루{nl} - 황금 모루 3개{nl}- 은빛 모루 3개{nl}- 강화 실버 할인 쿠폰 : 10만 실버 10개{nl} - 특성 포인트 1,000{nl} - 고농축 HP포션 20개{nl} - 고농축 SP포션 20개{nl} - 정착 지원 포션 Lv2 10개{nl} - 여신의 조각상 5개{nl} - 고농축 이동속도 증가 포션 5개	
INTL_20180327_000391	Shining Battlebird Egg Package	빛나는 전투 뱁새 패키지	
INTL_20180327_000392	Right-click to use and obtain the items.{nl} - Shining Battlebird Egg x1{nl} - Battlebird Feed x50	마우스 우클릭 시 사용되며 구성물을 획득할 수 있습니다.{nl} - 빛나는 전투 뱁새 알{nl} - 뱁새용 모이 50개	
INTL_20180327_000393	Shining Penguin Egg Package	빛나는 펭귄 패키지	
INTL_20180327_000394	Right-click to use and obtain the items.{nl} - Shining Penguin Egg x1{nl} - Sardine x50	마우스 우클릭 시 사용되며 구성물을 획득할 수 있습니다.{nl} - 빛나는 펭귄 알{nl} - 정어리 50개	
INTL_20180327_000395	使用時可獲得 16 TP。使用後，從角色背包領取時，無法請求撤回。	사용 시 16 TP를 획득합니다. 사용하여 캐릭터 인벤토리에서 수령 시 청약철회가 불가능 합니다.	
INTL_20180327_000396	使用時可獲得 33 TP。使用後，從角色背包領取時，無法請求撤回。	사용 시 33 TP를 획득합니다. 사용하여 캐릭터 인벤토리에서 수령 시 청약철회가 불가능 합니다.	
INTL_20180327_000397	使用時可獲得 49 TP。使用後，從角色背包領取時，無法請求撤回。	사용 시 49 TP를 획득합니다. 사용하여 캐릭터 인벤토리에서 수령 시 청약철회가 불가능 합니다.	
INTL_20180327_000398	使用時可獲得 66 TP。使用後，從角色背包領取時，無法請求撤回。	사용 시 66 TP를 획득합니다. 사용하여 캐릭터 인벤토리에서 수령 시 청약철회가 불가능 합니다.	
INTL_20180327_000399	使用時可獲得 82 TP。使用後，從角色背包領取時，無法請求撤回。	사용 시 82 TP를 획득합니다. 사용하여 캐릭터 인벤토리에서 수령 시 청약철회가 불가능 합니다.	
INTL_20180327_000400	使用時可獲得 99 TP。使用後，從角色背包領取時，無法請求撤回。	사용 시 99 TP를 획득합니다. 사용하여 캐릭터 인벤토리에서 수령 시 청약철회가 불가능 합니다.	
INTL_20180327_000401	使用時可獲得 115 TP。使用後，從角色背包領取時，無法請求撤回。	사용 시 115 TP를 획득합니다. 사용하여 캐릭터 인벤토리에서 수령 시 청약철회가 불가능 합니다.	
INTL_20180327_000402	使用時可獲得 132 TP。使用後，從角色背包領取時，無法請求撤回。	사용 시 132 TP를 획득합니다. 사용하여 캐릭터 인벤토리에서 수령 시 청약철회가 불가능 합니다.	
INTL_20180327_000403	使用時可獲得 148 TP。使用後，從角色背包領取時，無法請求撤回。	사용 시 148 TP를 획득합니다. 사용하여 캐릭터 인벤토리에서 수령 시 청약철회가 불가능 합니다.	
INTL_20180327_000404	使用時可獲得 165 TP。使用後，從角色背包領取時，無法請求撤回。	사용 시 165 TP를 획득합니다. 사용하여 캐릭터 인벤토리에서 수령 시 청약철회가 불가능 합니다.	
INTL_20180327_000405	使用時可獲得 198 TP。使用後，從角色背包領取時，無法請求撤回。	사용 시 198 TP를 획득합니다. 사용하여 캐릭터 인벤토리에서 수령 시 청약철회가 불가능 합니다.	
INTL_20180327_000406	使用時可獲得 330 TP。使用後，從角色背包領取時，無法請求撤回。	사용 시 330 TP를 획득합니다. 사용하여 캐릭터 인벤토리에서 수령 시 청약철회가 불가능 합니다.	
INTL_20180327_000407	使用時可獲得 379 TP。使用後，從角色背包領取時，無法請求撤回。	사용 시 379 TP를 획득합니다. 사용하여 캐릭터 인벤토리에서 수령 시 청약철회가 불가능 합니다.	
INTL_20180327_000408	使用時可獲得 445 TP。使用後，從角色背包領取時，無法請求撤回。	사용 시 445 TP를 획득합니다. 사용하여 캐릭터 인벤토리에서 수령 시 청약철회가 불가능 합니다.	
INTL_20180327_000409	使用時可獲得 660 TP。使用後，從角色背包領取時，無法請求撤回。	사용 시 660 TP를 획득합니다. 사용하여 캐릭터 인벤토리에서 수령 시 청약철회가 불가능 합니다.	
INTL_20180327_000410	使用時可獲得 990 TP。使用後，從角色背包領取時，無法請求撤回。	사용 시 990 TP를 획득합니다. 사용하여 캐릭터 인벤토리에서 수령 시 청약철회가 불가능 합니다.	
INTL_20180327_000411	使用時可獲得 1650 TP。使用後，從角色背包領取時，無法請求撤回。	사용 시 1650 TP를 획득합니다. 사용하여 캐릭터 인벤토리에서 수령 시 청약철회가 불가능 합니다.	
INTL_20180327_000412	使用時可獲得 3300 TP。使用後，從角色背包領取時，無法請求撤回。	사용 시 3300 TP를 획득합니다. 사용하여 캐릭터 인벤토리에서 수령 시 청약철회가 불가능 합니다.	
INTL_20180327_000413	使用時可獲得 6600 TP。使用後，從角色背包領取時，無法請求撤回。	사용 시 6600 TP를 획득합니다. 사용하여 캐릭터 인벤토리에서 수령 시 청약철회가 불가능 합니다.	
INTL_20180327_000414	使用時可獲得 396 TP。使用後，從角色背包領取時，無法請求撤回。	사용 시 396 TP를 획득합니다. 사용하여 캐릭터 인벤토리에서 수령 시 청약철회가 불가능 합니다.	
INTL_20180327_000415	使用時可獲得 16500 TP。使用後，從角色背包領取時，無法請求撤回。	사용 시 16500 TP를 획득합니다. 사용하여 캐릭터 인벤토리에서 수령 시 청약철회가 불가능 합니다.	
INTL_20180327_000416	VIP優惠禮包	프리미엄 VIP 패키지	
INTL_20180327_000417	點擊滑鼠右鍵時可獲得組合物品。{nl}-即時副本倍數VIP x 2{nl}-大王蜜松糕 x 10	마우스 우클릭으로 사용할 수 있습니다. 사용시 상자의 내용물을 획득할 수 있습니다.{nl} - 인스턴스 던전 배수 토큰 x2{nl} - 대왕 꿀송편 x10	
INTL_20180327_000418	可右擊滑鼠使用。使用時可獲得箱子的內容物。使用後，28天內1天連線1次即可獲得該日的道具。	마우스 우클릭으로 사용할 수 있습니다. 사용시 상자의 내용물을 획득할 수 있습니다. 사용시 28일간 1일 1회 접속시 해당 날의 아이템을 지급합니다.	
INTL_20180327_000419	保管室	보관실	
INTL_20180327_000420	獨房區域	독방구역	
INTL_20180327_000421	作業場	작업장	
INTL_20180327_000422	審問室	심문실	
INTL_20180327_000423	救世熊	회색 레서판다	
INTL_20180327_000424	在大花草附近發現到的怪物。	라플레시아 근처에서 발견 되는 몬스터.	
INTL_20180327_000425	特務零零八	특수요원 008	
INTL_20180327_000426	特務零零八	고로	
INTL_20180327_000427	放到VIP市場時最少銀幣價格	토큰 마켓 올릴때 최소 실버가격	
INTL_20180327_000428	放到VIP市場時最大銀幣價格	토큰 마켓 올릴때 최대 실버가격	
INTL_20180327_000429	市場販賣銀幣款項延遲48小時。	마켓 판매 실버대금 딜레이 48시간.	
INTL_20180327_000430	市場販賣銀幣款項延遲48小時。(VIP專用)	마켓 판매 실버대금 딜레이 48시간.(토큰전용)	
INTL_20180327_000431	ผู้ใช้Tokenไม่ได้รับผลกระทบ	토큰 사용자는 상/하안가에 영향을 받지 않는다.	
INTL_20180327_000432	Token สามารถซื้อขายได้หลังจากทำการซื้อขายในตลาดหรือไม่?  (1: สามารถซื้อขายได้, 0:ไม่สามารถซื้อขายได้)	토큰은 마켓에서 거래한 이후에도 계속 거래 가능하게 할 것인가?(1:거래가능, 0:거래불가)	
INTL_20180327_000433	消耗品 /雜貨	소모품 /잡화	
INTL_20180327_000434	優惠道具	프리미엄 아이템	
INTL_20180327_000435	消耗品	소모품	
INTL_20180327_000436	裝扮	꾸미기	
INTL_20180327_000437	優惠男性髮型	프리미엄남성 헤어	
INTL_20180327_000438	優惠女性髮型	프리미엄여성 헤어	
INTL_20180327_000439	消耗品 / 雜貨堆	소모품 /잡화 더미	
INTL_20180327_000440	裝扮組合	꾸미기 더미	
INTL_20180327_000441	祕密製作書-艾布都查單手劍	비밀 제작서-아브도챠	
INTL_20180327_000442	可以製作裝備的製作書。點擊滑鼠右鍵就可以將製作書登錄在冒險日誌上。	장비를 제작할 수 있는 제작서입니다. 마우스 오른쪽 클릭으로 제작서를 모험일지에 등록할 수 있습니다.	
INTL_20180327_000443	祕密製作書-薩克米斯	비밀 제작서-사크미스	
INTL_20180327_000444	祕密製作書-斯寇史梅修	비밀 제작서-스컬 스매셔	
INTL_20180327_000445	祕密製作書-里加德角法杖	비밀 제작서-리가드 혼 스태프	
INTL_20180327_000446	祕密製作書-榮耀之心	비밀 제작서-하트 오브 글로리	
INTL_20180327_000447	祕密製作書-骷髏粉碎者	비밀 제작서-스컬 브레이커	
INTL_20180327_000448	祕密製作書-艾蒙加德匕首	비밀 제작서-에멘가드 대거	
INTL_20180327_000449	祕密製作書-云夏德矛槍	비밀 제작서-윙샤드 스피어	
INTL_20180327_000450	祕密製作書-里加德角長槍	비밀 제작서-리가드 혼 파이크	
INTL_20180327_000451	祕密製作書-黑色魂魄	비밀 제작서-블랙 혼	
INTL_20180327_000452	祕密製作書-里加德角十字弓	비밀 제작서-리가드 혼 크로스보우	
INTL_20180327_000453	祕密製作書-阿斯特拉弓	비밀 제작서-아스트라 보우	
INTL_20180327_000454	祕密製作書-亞斯帕娜左輪手槍	비밀 제작서-아스파나 리볼버	
INTL_20180327_000455	祕密製作書-艾蒙加德火槍	비밀 제작서-에멘가드 머스킷	
INTL_20180327_000456	祕密製作書-艾蒙加德重砲	비밀 제작서-에멘가드 캐논	
INTL_20180327_000457	祕密製作書-艾蒙加德之盾	비밀 제작서-에멘가드 실드	
INTL_20180327_000458	請選擇要兌換的道具。	가지고 싶은 아이템을 선택하세요.	이벤트 알림판
INTL_20180327_000459	隊伍等級不足。	팀 레벨이 부족합니다.	이벤트 알림판
INTL_20180327_000460	繳交活動道具。	이벤트 아이템이 지급되었습니다.	이벤트 알림판
INTL_20180327_000461	道具只有在星期六、星期日可以獲得。	아이템은 토요일, 일요일에만 받을 수 있습니다.	이벤트 알림판
INTL_20180327_000462	警戒的男子	경계하는 남자	
INTL_20180327_000463	謝謝你願意留在村子裡。{nl}可是啊…您來到這麼簡陋的地方有什麼事嗎?{nl}那個…如果沒有...{nl}要緊事勸您還是離開這裡吧!	마을에 머물게 해주셔서 감사합니다.{nl}헌데.. 이렇게 누추한 곳까지 어쩐 일이신가요?{nl}제게.. 볼 일이라도...?{nl}없다면 돌아가 주시길 부탁드립니다.	경계하는 남자
INTL_20180327_000464	我知道…無法全部進去。	알고 있다고.. 모두가 들어갈 수는 없습니다.	경계하는 남자
INTL_20180327_000465	哈哈哈…您太客氣了!雖然不是我想要的…但我還收下了…{nl}那個…您要進來看看嗎?	하하하.. 뭐 이런 걸.. 원한 건 아닙니다만..{nl}자.. 들어가 보겠습니까?	경계하는 남자
INTL_20180327_000466	沒事的話還是請回吧!	볼 일 없으면 그만 돌아가 주시길 부탁드립니다.	경계하는 남자
INTL_20180327_000467	夜市管理員	야시장 관리인	
INTL_20180327_000468	有想買的物品嗎?{nl}希望你有好運氣，想要的物品沒被賣掉下次還可以看見…	마음에 드는 물건은 있었나?{nl}운이 좋으면 다음에 또 볼 수 있기를 바라지...	야시장 관리인
INTL_20180327_000469	您展開冒險的時間看來並不長…{nl}來這還太早了。	당신은 모험을 시작한 지 얼마 되지 않아 보이는군요.{nl}아직 이곳에 오기에 이릅니다.	경계하는 남자
INTL_20180327_000470	可以代替我轉交巧克力給這個人嗎？	저 대신에 이 사람에게 초콜릿을 전달해 주실수 있나요?	짝사랑 소녀
INTL_20180327_000471	從少女那裡得到	소녀에게 받은 	짝사랑 소녀
INTL_20180327_000472	，請轉交或是服用。	을 전달하거나 먹으세요.	짝사랑 소녀
INTL_20180327_000473	Vault	금고	
INTL_20180327_000474	Collect 10 Winter Keys to obtain the new Winter Penguin companion!	Winter Key 10개를 모으시면 "윈터펭" 을 드립니다.{nl}(Winter Key는 2월 20일 이벤트에서 획득할 수 있습니다.)	금고
INTL_20180327_000475	The Last Winter event is now open.{nl}Don't miss out on the new Winter Penguin companion and many more!	마지막 겨울 이벤트가 진행 중입니다.{nl}마지막 겨울 선물과 버프는 물론, 신규 컴패니언 윈터펭도 만나보세요.	이벤트 알림판
INTL_20180327_000476	Collect 10 Winter Keys to obtain the Winter Penguin companion.{nl}(Receive the Keys from the Event Notice Board every day.)	Winter Key 10개를 모으시면 "윈터펭" 을 드립니다.{nl}(이벤트 알림판에서 마지막 겨울 선물을 받으세요.)	금고
INTL_20180327_000477	You can keep receiving more rewards every day using the Winter Keys!{nl}Every Key you use to open the Vault gives you a new reward.	Winter Key로 추가 보상을 받을 수 있습니다.{nl}(Winter Key 1개당 1회의 추가 보상이 주어집니다.)	금고
INTL_20180327_000478	You are already using this buff.	이미 버프가 존재합니다.	이벤트 알림판
INTL_20180327_000479	It's too soon, come back later.	너무 이릅니다.	이벤트 알림판
INTL_20180327_000480	特性點數 1,000	특성 포인트 1,000	
INTL_20180327_000481	Token: 30 Days	토큰:30일	
INTL_20180327_000482	VIP 60天	토큰:60일	
INTL_20180327_000483	陪伴你的寵物等級太低無法使用該功能。	함께하고 있는 컴패니언 레벨이 낮아 사용할 수 없습니다.	
INTL_20180327_000484	購買糖果組合製作書	사탕 세트 제작서 구입	
INTL_20180327_000485	交出糖果組合	사탕 세트 건네주기	
INTL_20180327_000486	接收白色情人節BUFF	화이트데이 버프 받기	
INTL_20180327_000487	白色情人節項鍊	화이트데이 목걸이	
INTL_20180327_000488	白色情人節手鐲	화이트데이 팔찌	
INTL_20180327_000489	白色情人節腕飾	화이트데이 밴드	
INTL_20180327_000490	再考慮看看	다시 생각해본다	
INTL_20180327_000491	確認活動參與次數	이벤트 참여 회수 확인	
INTL_20180327_000492	已完成{WHITECOUNT}次。	{WHITECOUNT}회 완료하셨습니다.	
INTL_20180327_000493	已領取{REWARD}次獎勵。	{REWARD}회 보상을 수령하였습니다.	
INTL_20180327_000494	達到{NEXTLV}級時可以獲得獎勵。	{NEXTLV}레벨을 달성하면 보상을 받을 수 있습니다.	
INTL_20180327_000495	 獲得	 받기	
INTL_20180327_000496	確認目標等級	목표레벨 확인	
INTL_20180327_000497	在騎乘寵物狀態之下無法使用。	컴패니언 탑승 상태에서 사용할 수 없습니다.	
INTL_20180327_000498	獲得愚人節道具	만우절 아이템 받기	
INTL_20180327_000499	新手玩家活動 ： 領取引導員升級箱	초보 유저의 이벤트 : 가이드 상자 받기	
INTL_20180327_000500	回歸玩家活動 ： 領取回玩家之書	복귀 유저의 이벤트 : 복귀 유저의 서 받기	
INTL_20180327_000501	從明天開始1天可以領取1次{nl}回歸玩家之書5張{nl}。	내일부터 하루에 한 번{nl}복귀 유저의 서 5개{nl}를 획득할 수 있습니다.	
INTL_20180327_000502	定居支援活動 ： 領取獎勵	정착 지원의 이벤트 : 보상 받기	
INTL_20180327_000503	知道秘密夜市的事。	비밀 야시장에 대해 알고 있다.	
INTL_20180327_000504	轉交塔特10個。	탈트 10개를 건네준다.	
INTL_20180327_000505	進入秘密夜市。	비밀 야시장으로 들어간다.	
INTL_20180327_000506	離開秘密夜市。	비밀 야시장을 나간다.	
INTL_20180327_000507	Last Winter	마지막 겨울 이벤트	
INTL_20180327_000508	Receive Last Winter Buff	마지막 겨울 버프 받기	
INTL_20180327_000509	Receive Last Winter Gift	마지막 겨울 선물 받기	
INTL_20180327_000510	武器	무기	
INTL_20180327_000511	防具	방어구	
INTL_20180327_000512	黃金石化鯨活動	황금 석화 고래 이벤트	
INTL_20180327_000513	獲得鯨魚的寶物	고래의 보물 받기	
INTL_20180327_000514	獲得發光的四葉草	빛나는 네잎클로버 받기	
INTL_20180327_000515	交換商品	상품 교환하기	
INTL_20180327_000516	強化8階段商品	강화 8단계 상품	
INTL_20180327_000517	強化10階段商品	강화 10단계 상품	
INTL_20180327_000518	強化15階段商品	강화 15단계 상품	
INTL_20180327_000519	強化20階段商品	강화 20단계 상품	
INTL_20180327_000520	強化25階段商品	강화 25단계 상품	
INTL_20180327_000521	 {nl}{HOUR}個小時之後可以領取獎勵。	 {nl}{HOUR} 시간후에 보상을 수령할 수 있습니다.	
INTL_20180328_000522	每日出席打卡活動	매일매일 출석체크 이벤트	
INTL_20180328_000523	 {nl}已獲得第{COUNT}天獎勵。{nl}明天見~	 {nl}{COUNT}일차 보상을 받았습니다.{nl}내일 또 오세요~	
INTL_20180328_000524	 {nl}{CUBE}s opened: {@st66d_y}{s18}{SUM}{/}{/}{nl}Open {@st66d_y}{s18}{COUNT}{/}{/} more Cubes to receive the reward for {@st66d_y}{s18}{BOUNS}{/}{/} Cubes.{nl}You can receive the reward(s) for {@st66d_y}{s18}{REWARD}{/}{/} Cubes opened.{nl}Would you like to receive the reward(s) now?	 {nl}{CUBE} 사용 횟수 : {@st66d_y}{s18}{SUM}{/}{/}{nl}앞으로 {@st66d_y}{s18}{COUNT}{/}{/}회 사용시 {@st66d_y}{s18}{BOUNS}{/}{/}회 보상을 받을 수 있습니다.{nl}{@st66d_y}{s18}{REWARD}{/}{/} 회 보상을 받을 수 있습니다.{nl}수령하시겠습니까?	
INTL_20180328_000525	 {nl}{CUBE}s opened: {@st66d_y}{s18}{SUM}{/}{/}{nl}Open {@st66d_y}{s18}{COUNT}{/}{/} more Cubes to receive the reward for {@st66d_y}{s18}{BOUNS}{/}{/} Cubes.	 {nl}{CUBE}  사용 횟수 : {@st66d_y}{s18}{SUM}{/}{/}{nl}앞으로 {@st66d_y}{s18}{COUNT}{/}{/}회 사용시 {@st66d_y}{s18}{BOUNS}{/}{/}회 보상을 받을 수 있습니다.	
INTL_20180328_000526	Bonus Cube	보너스 큐브	
INTL_20180412_000527	萊塔斯小溪邊任務	레타스 개울가 미션	
INTL_20180412_000528	受到襲擊的佩迪米安	습격받은 페디미안	
INTL_20180412_000529	大地之塔標誌箱	대지의 탑 징표 상자	
INTL_20180412_000530	開啟後可隨機獲得1個道具。	대지의 탑 징표 중 무작위로 1개를 획득할 수 있습니다.	
INTL_20180412_000531	竹葉	죽엽	
INTL_20180412_000532	5分內物理、魔法攻擊力提升+100。{nl}只要有竹葉、豬肉、糯米、香菇、粽子製作書就可以製作出美味的粽子。	5분 동안 물리,마법 공격력을 +100 상승시켜줍니다.{nl}죽엽, 돼지고기, 찹쌀, 표고버섯, 쫑쯔 레서피와 함께 쫑쯔를 만들 수 있습니다.	
INTL_20180412_000533	豬肉	돼지고기	
INTL_20180412_000534	5分內物理、魔法攻擊力提升+100。{nl}只要有竹葉、豬肉、糯米、香菇、粽子製作書就可以製作出美味的粽子。	5분 동안 물리,마법 공격력을 +100 상승시켜줍니다..{nl}죽엽, 돼지고기, 찹쌀, 표고버섯, 쫑쯔 레서피와 함께 쫑쯔를 만들 수 있습니다.	
INTL_20180412_000535	製作書-[活動] 已復原的女神像	제작서-[이벤트] 복원된 여신상	
INTL_20180412_000536	可製作[活動]已復原的女神像的製作書。	[이벤트] 복원된 여신상을 만들 수 있는 제작서	
INTL_20180416_000537	Restores 30 Stamina.{nl}Good for:{nl} - Velheider{nl} - Hoglan{nl} - Leaf Penguin{nl} - Baby Pig{nl} - Rocksodon{nl} - Armadillo{nl} - Golden Pup{nl} - Goro	스태미나를 30 회복 시켜줍니다.{nl}사용가능 목록{nl} - 벨하이더 {nl} - 호글란 {nl} - 펭그린 {nl} - 아기돼지 {nl} - 락스돈 {nl} - 아르마딜로 {nl} - 금강불개 {nl} - 고로	
INTL_20180423_000538	Title given to players who have collected the [Event] Revelations. Right-click to use.	[이벤트] 계시를 찾은 구원자에게 지급되는 칭호입니다. 마우스 오른쪽 클릭으로 사용합니다.	
INTL_20180423_000539	Event Buff	이벤트 버프	
INTL_20180423_000540	[Event] Crystal Mine Revelation	[이벤트]첫번째 계시	
INTL_20180423_000541	An event Revelation.{nl}Can be exchanged for a title at the Event Notice Board.	계시 이벤트 아이템입니다.{nl}이벤트 알림판에서 칭호로 교환할 수 있습니다.	
INTL_20180423_000542	Title - Crystal Mine Revelator	칭호 - [EVENT]Crystal Mine Revelation	
INTL_20180423_000543	Receive Title	칭호 받기	
INTL_20180423_000544	Receive Buff	버프 받기	
INTL_20180423_000545	The First Revelation: Crystal Mine	첫 번째 세계관 이벤트 : 수정광산	
INTL_20180504_000546	新的開始活動(新)	새로운 시작 이벤트 (신규)	
INTL_20180504_000547	選擇裝備	장비 선택	
INTL_20180504_000548	重新開始活動(回歸者禮物)	다시 시작 이벤트 (복귀자의 선물)	
INTL_20180516_000549	之後剩餘 {NRUCOUNT}個角色獎勵。	앞으로 {NRUCOUNT}개의 캐릭터 보상이 남았습니다.	
INTL_20180528_000550	米雪勘森林任務	미쉐칸 숲 미션	
INTL_20180528_000551	人偶之夢	인형의 꿈	
INTL_20180528_000552	深山中的禮物箱	깊은 산속의 선물 상자	
INTL_20180528_000553	Fedimian's Hero Cube	페디미안 수호 큐브	
INTL_20180528_000554	A cube awarded to the brave heroes who saved Fedimian from the monsters.	페디미안을 수호한 구원자에게 주어지는 보상입니다.	
INTL_20180528_000555	Attribute Points Box Rank S (x3)	특성 포인트 상자 S급 (3개)	
INTL_20180528_000556	A box that contains 3 Rank S Attribute Points Boxes. Right-click to obtain. 	특성 포인트 상자 S급 3개가 들어있는 상자입니다. 마우스 오른쪽 버튼 클릭으로 사용하면 아이템이 지급됩니다.	
INTL_20180528_000557	Artisan Diamond Anvil Box	장인의 다이아몬드 모루 상자	
INTL_20180528_000558	A box containing 5 Diamond Anvils. Right-click to use and obtain the items.	다이아몬드 모루 5개가 들어있는 상자입니다. 마우스 오른쪽 버튼 클릭으로 사용하면 아이템이 지급됩니다.	
INTL_20180528_000559	Artisan Weapon Secret Recipe Box (Lv. 315)	장인의 무기 비밀 레시피 상자 (Lv. 315)	
INTL_20180528_000560	Select a Lv 315 recipe that can be crafted with fewer materials. Right-click to use.	적은 재료로 315제 장비를 제작 가능한 비밀 레시피를 선택할 수 있습니다. 마우스 오른쪽 버튼 클릭으로 사용합니다.	
INTL_20180528_000561	Artisan Secret Recipe - Abdochar	장인의 비밀 제작서-아브도챠	
INTL_20180528_000562	Artisan Secret Recipe - Sarkmis	장인의 비밀 제작서-사크미스	
INTL_20180528_000563	Artisan Secret Recipe - Skull Smasher	장인의 비밀 제작서-스컬 스매셔	
INTL_20180528_000564	Artisan Secret Recipe - Regard Horn Staff	장인의 비밀 제작서-리가드 혼 스태프	
INTL_20180528_000565	Artisan Secret Recipe - Heart of Glory	장인의 비밀 제작서-하트 오브 글로리	
INTL_20180528_000566	Artisan Secret Recipe - Skull Breaker	장인의 비밀 제작서-스컬 브레이커	
INTL_20180528_000567	Artisan Secret Recipe - Emengard Dagger	장인의 비밀 제작서-에멘가드 대거	
INTL_20180528_000568	Artisan Secret Recipe - Wingshard Spear	장인의 비밀 제작서-윙샤드 스피어	
INTL_20180528_000569	Artisan Secret Recipe - Regard Horn Pike	장인의 비밀 제작서-리가드 혼 파이크	
INTL_20180528_000570	Artisan Secret Recipe - Black Horn	장인의 비밀 제작서-블랙 혼	
INTL_20180528_000571	Artisan Secret Recipe - Regard Horn Crossbow	장인의 비밀 제작서-리가드 혼 크로스보우	
INTL_20180528_000572	Artisan Secret Recipe - Astra Bow	장인의 비밀 제작서-아스트라 보우	
INTL_20180528_000573	Artisan Secret Recipe - Aspana Revolver 	장인의 비밀 제작서-아스파나 리볼버	
INTL_20180528_000574	Artisan Secret Recipe - Emengard Cannon	장인의 비밀 제작서-에멘가드 캐논	
INTL_20180528_000575	Artisan Secret Recipe - Emengard Musket	장인의 비밀 제작서-에멘가드 머스킷	
INTL_20180528_000576	Artisan Secret Recipe - Emengard Shield	장인의 비밀 제작서-에멘가드 실드	
INTL_20180607_000577	{@st59}請選擇你想要連線的伺服器。{/}	{@st59}접속을 원하는 서버를 선택하여 주세요{/}	
INTL_20180607_000578	引導員魔方。{nl}使用時可以獲得道具。{nl}(1級以上才可以使用。)	가이드 큐브입니다.{nl}사용 시 아이템을 획득할 수 있습니다.{nl}(1레벨 이상 사용 가능합니다.)	
INTL_20180607_000579	Chr Lv1 引導員箱子(14天)	Chr Lv1 가이드 상자 (14일)	
INTL_20180607_000580	Chr Lv50  引導員箱子(14天)	Chr Lv50 가이드 상자 (14일)	
INTL_20180607_000581	引導員魔方。{nl}使用時可以獲得道具。{nl}(50級以上才可以使用。)	가이드 큐브입니다.{nl}사용 시 아이템을 획득할 수 있습니다.{nl}(50레벨 이상 사용 가능합니다.)	
INTL_20180607_000582	Chr Lv170  引導員箱子(14天)	Chr Lv170 가이드 상자 (14일)	
INTL_20180607_000583	引導員魔方。{nl}使用時可以獲得道具。{nl}(170級以上才可以使用。)	가이드 큐브입니다.{nl}사용 시 아이템을 획득할 수 있습니다.{nl}(170레벨 이상 사용 가능합니다.)	
INTL_20180607_000584	Chr Lv220  引導員箱子(14天)	Chr Lv220 가이드 상자 (14일)	
INTL_20180607_000585	引導員魔方。{nl}使用時可以獲得道具。{nl}(220級以上才可以使用。)	가이드 큐브입니다.{nl}사용 시 아이템을 획득할 수 있습니다.{nl}(220레벨 이상 사용 가능합니다.)	
INTL_20180607_000586	Team Lv2  引導員箱子(14天)	Team Lv2 가이드 상자 (14일)	
INTL_20180607_000587	引導員魔方。{nl}使用時可以獲得道具。{nl}(隊伍等級2以上才可以使用。)	가이드 큐브입니다.{nl}사용 시 아이템을 획득할 수 있습니다.{nl}(팀 레벨 2이상 사용 가능합니다.)	
INTL_20180607_000588	Team Lv3  引導員箱子(14天)	Team Lv3 가이드 상자 (14일)	
INTL_20180607_000589	引導員魔方。{nl}使用時可以獲得道具。{nl}(隊伍等級3以上材可以使用。)	가이드 큐브입니다.{nl}사용 시 아이템을 획득할 수 있습니다.{nl}(팀 레벨 3이상 사용 가능합니다.)	
INTL_20180607_000590	隊伍等級比1高或是已經獲得「引導員箱子(14天)。{nl}(回歸玩家請使用「回玩家的禮物箱子(14天)」以證明為回歸玩家。)	팀 레벨이 1보다 높거나 이미 "가이드 상자(14일)"을 받으셨습니다.{nl}(복귀 유저는 "복귀 유저의 선물 상자(14일)"을 사용해서 복귀 유저를 증명해주세요.)	이벤트 알림판
INTL_20180607_000591	歡迎歸隊。	트리 오브 세이비어 복귀를 환영합니다.	이벤트 알림판
INTL_20180607_000592	歡迎來到救世者之樹。	트리 오브 세이비어에 오신 것을 환영합니다.	이벤트 알림판
INTL_20180607_000593	已證明為回歸玩家。{nl}如果沒有獲得「引導員箱子(14天)」，請到活動公佈欄獲得道具。	복귀 유저가 증명되었습니다.{nl}"가이드 상자(14일)"을 받지 않으셨다면 "이벤트 알림판"에서 아이템을 획득하세요.	알림
INTL_20180607_000594	新玩家、回歸玩家活動	초보, 복귀 이벤트	
INTL_20180626_000595	Daemon State Record Y/N [True:1, False:0]	Daemon State 기록 여부[True:1, False:0]	
INTL_20180628_000596	2nd Anniversary Event item.{nl}Increases movement speed +4, AoE attack ratio +1 and EXP gains +25% of all party members for 30 minutes.	2주년 이벤트 아이템입니다.{nl} 30분간 파티원 전체의 이동속도 +4, 광역 공격 비율 +1 경험치 25% 증가의 효과를 줍니다.	
INTL_20180628_000597	List of Invited Masters	마스터 명단 리스트	
INTL_20180628_000598	This document lists all the Class Masters invited to TOS' 2nd anniversary celebrations.{nl}(Will be deleted at the end of the event.)	초대장을 가진 마스터들의 명단을 기록하고 있습니다.{nl}(사용 시 이벤트 진행 상황을 확인할 수 있습니다.)	
INTL_20180628_000599	Start 2nd Anniversary Event	이벤트 워프 주문서 - 2주년 이벤트 시작	
INTL_20180628_000600	An event Warp Scroll.{nl}Use it to move to the 2nd Anniversary Event NPC.	이벤트용 워프 주문서입니다.{nl}사용 시 2주년 이벤트 도우미 npc 앞으로 이동합니다.	
INTL_20180628_000601	Steam 2nd Anniversary Arm Band	스팀 2주년 암밴드	
INTL_20180628_000602	An arm band accessory celebrating 2 years of TOS on Steam.	스팀 2주년을 기념하여 제작된 암밴드 입니다.	
INTL_20180628_000603	應邀者大師	초대에 응한 마스터	
INTL_20180628_000604	您今天已經確認過了…	오늘은 이미 확인하신 것 같은데요..?	초대에 응한 마스터
INTL_20180628_000605	今天天氣真好。	오늘은 날씨가 좋네요..	초대에 응한 마스터
INTL_20180628_000606	祝救世者之樹2週年快樂！！！{nl}今天所有的大師們都會齊聚一堂！{nl}聽說，正在確認救援者是否讓所有大師齊聚了？{nl}這個…小小意思不成敬意。	트리 오브 세이비어 2주년을 축하합니다!!!{nl}오늘은 모든 마스터들이 한자리에 모이는 날입니다!{nl}이야기는 들었습니다. 구원자님께서 마스터들이 모두 모였는지 확인 중이시라면서요..?{nl}여기.. 작은 선물입니다.	초대에 응한 마스터
INTL_20180628_000607	2週年活動小幫手	2주년 이벤트 도우미	
INTL_20180628_000608	請先使用「活動傳送卷軸 - 2週年活動開始」道具。{nl}[獲得方法]{nl}可以從TOS - Second Anniversary Present DLC中免費獲得。{nl}(發送至小屋信箱。)	이벤트 워프 주문서 - 2주년 이벤트 시작 아이템을 먼저 사용해주세요.{nl}[획득 방법]{nl}TOS - Second Anniversary Present DLC에서 무료로 받을 수 있습니다.{nl}(최초 GM 메시지함으로 지급됩니다.)	초대에 응한 마스터
INTL_20180628_000609	歡迎來到救世者之樹2週年活動。{nl}- 已發送應邀者套裝。{nl}(請使用大師名冊，進行2週年活動。)	트리 오브 세이비어 2주년에 오신 것을 환영합니다.{nl}- 초대에 응한 자 코스튬이 지급되었습니다.{nl}(마스터 명단 리스트를 사용해서 2주년 이벤트를 진행하세요.)	2주년 이벤트 도우미
INTL_20180628_000610	活動傳送卷軸	이벤트 워프 주문서	
INTL_20180628_000611	使用道具後，會移動至活動開始npc旁邊。{nl}您要使用嗎？	아이템 사용 시 이벤트 시작 npc로 이동합니다.{nl}사용하시겠습니까?	이벤트 워프 주문서
INTL_20180628_000612	守門員	골키퍼	
INTL_20180628_000613	讓我們一同享受慶典吧！{nl}叭 叭~	우리 모두 다 같이 축제를 즐겨요.{nl}펭 펭~	골키퍼
INTL_20180628_000614	選一個你喜歡的隊伍，領取應援道具和稱號吧！{nl}叭 叭~	마음에 드는 팀을 고르고 응원 도구와 칭호를 받아 가세요.{nl}펭 펭~	골키퍼
INTL_20180628_000615	得到應援臂環和應援旗的帳號可以獲得獎盃。{nl}叭 叭~	서포터즈 암밴드와 슬로건을 획득한 계정은 트로피를 받을 수 있습니다.{nl}펭 펭~	골키퍼
INTL_20180628_000616	已獲得獎盃。{nl}叭 叭~	이미 트로피를 받았습니다.{nl}펭 펭~	골키퍼
INTL_20180628_000617	領取2週年活動 - 大師名冊	2주년 이벤트 - 마스터 명단 리스트 받기	
INTL_20180628_000618	活動進行狀況：{COUNT}/55{nl}要確認今天邀請函的大師是{nl}{JOB}大師。	이벤트 진행 상황 : {COUNT}/55{nl}오늘의 초대장을 확인할 마스터는{nl}{JOB} 마스터입니다.	
INTL_20180628_000619	活動進行狀況：{COUNT}/55{nl}已確認今天的邀請函。	이벤트 진행 상황 : {COUNT}/55{nl}오늘의 초대장은 이미 확인했습니다.	
INTL_20180628_000620	獲得應援道具	응원 도구 받기	
INTL_20180628_000621	獲得獎盃	트로피 받기	
INTL_20180702_000622	The power of the firecracker has spread to all party members.	기념을 축하하는 폭죽의 힘이 공유되고 있습니다.	
INTL_20180801_000623	Rainbow Trek	비비드 시티 참여 중	
INTL_20180801_000624	Unable to use skills.{nl}Returning to the city map in 60 minutes.	스킬을 사용할 수 없습니다.{nl}60분 뒤 마을로 이동합니다.	
INTL_20180801_000625	Use to obtain the following costumes.{nl} - The Invited One Costume (Male){nl} - The Invited One Costume (Female)	사용 시 코스튬을 획득할 수 있습니다.{nl} - 초대에 응한 자 코스튬(남){nl} - 초대에 응한 코스튬(여)	INTL_20180628_000600	An event Warp Scroll.{nl}Use it to move to the 2nd Anniversary Event NPC.	이벤트용 워프 주문서입니다.{nl}사용 시 2주년 이벤트 도우미 npc 앞으로 이동합니다.	
INTL_20180801_000626	請選擇喜歡的繽紛城市。	원하시는 비비드 시티를 선택해 주세요.	이벤트 알림판
INTL_20180801_000627	今天無法再進行該繽紛城市。	오늘은 해당 비비드 시티를 더 이상 진행할 수 없습니다.	이벤트 알림판
INTL_20180801_000628	回到原來的地區。{nl}請確認清除時間。	원래 존으로 돌아갑니다.{nl}클리어 시간을 확인하세요.	알림
INTL_20180801_000629	繽紛城市活動	비비드 시티 이벤트	
INTL_20180801_000630	清除時間：{MIN}分 {SEC}秒	클리어 시간 : {MIN}분 {SEC}초 입니다.	
INTL_20180809_000631	Cursed Spirit Owner	저주받은 혼 사용자	
INTL_20180809_000632	Cursed Spirit	저주받은 혼	
INTL_20180809_000633	Show it to the Dispatched Soldier to enter the area of the Cursed Altar.{nl}Alternatively, use to increase movement speed +2, physical attack +50 and magic attack +50 for 10 mins.	저주받은 병사에게 보여주면 저주받은 지역으로 갈 수 있습니다.{nl}사용 시 10분 동안 이동속도 +2, 물리 공격력 +50, 마법 공격력 +50 증가합니다.	
INTL_20180809_000634	I have a Cursed Spirit.	저주받은 혼을 보여준다.	
INTL_20180809_000635	{Name} has awakened the Cursed Stone Whale.	{Name}님이 저주받은 석화 고래를 깨웠습니다.	
INTL_20180809_000636	陰森的瀑布	음산한 폭포	
INTL_20180810_000637	特性點數 50	특성 포인트 50	
INTL_20180810_000638	使用時特性點數增加50，點擊滑鼠右鍵即可使用。	사용시 특성 포인트가 50 증가합니다. 마우스 오른쪽 클릭으로 사용합니다.	
INTL_20180810_000639	You can't go past this point without a Cursed Spirit.	저주받은 혼이 없는 자는 이 앞을 지나갈 수 없다.	저주받은 병사
INTL_20180810_000640	Cursed Spirits come from the monsters that roam around this place. Good luck getting one.	저주받은 해안의 몬스터를 처치해야만 저주받은 혼을 구할 수 있는 것도 모르는 애송이로군.	저주받은 병사
INTL_20180810_000641	Voice in the Distance	어디선가 들려오는 목소리	
INTL_20180810_000642	The Stone Whale can only be awakened through a Cursed Spirit...	오직 저주받은 혼으로만 저주받은 석화 고래를 깨울 수 있지..	어디선가 들려오는 목소리
INTL_20180816_000643	2018 Leticia's Treasure Chest (Season 1)	2018 레티샤의 보물 상자(시즌1)	
INTL_20180914_000644	2018 Leticia's Treasure Chest (Season 2)	2018 레티샤의 보물 상자(시즌2)	
INTL_20180914_000645	Use Mongo DB system message save/load function Y/N	몽고 db에 특정 시스템 메시지 저장/로드 기능 사용할 것인지	
INTL_20181012_000646	2018 Leticia's Treasure Chest (Season 3)	2018 레티샤의 보물 상자(시즌3)	
INTL_20181102_000647	{ds}{b}{#ffefd6}30 min: {#fe7e00}10 POINTS	{ds}{b}{#ffefd6}30분:{#fe7e00}10 POINT	
INTL_20181102_000648	所有玩家都可以使用Popo Shop點數商店吧！	PC방 포인트샵을 모든 유저가 사용 가능하게 할지.	
INTL_20181102_000649	Please try again.	Popo Shop의 재시도 버튼을 클릭해주세요	
INTL_20181102_000650	Failed to purchase item. Please try again.	Popo Shop 아이템 구매에 실패했습니다. 다시 시도해 주세요.	
INTL_20181102_000651	Not enough Popo Points.	Popo Shop 포인트가 부족합니다.	
INTL_20181113_000652	Would you select a 10-time participation reward?	받으실 10회 참여 횟수 보상을 선택해 주시겠어요?	큐폴 다이나
INTL_20181113_000653	Skill Reset Potion (14 Days) and Latte Art: Bunny	스킬 초기화 포션 (14일), 거품 토끼	
INTL_20181113_000654	Skill Reset Potion (14 Days) and Latte Art: Kitty	스킬 초기화 포션 (14일), 거품 고양이	
INTL_20181213_000655	Unique Talt	유니크 탈트	
INTL_20181213_000656	Can be exchanged for an equipment item at the Talt Processing Device.	탈트 가공 장치에서 장비 아이템으로 교환할 수 있습니다.	
INTL_20181213_000657	Unique Unidentified Two-handed Weapon Box	유니크 미감정 양손 무기 선택 상자	
INTL_20181213_000658	Select and obtain one Lv. 380 unidentified equipment item.{nl}The item will not be timed or include any trading restrictions.	380레벨 유니크 미감정 장비 아이템을 획득할 수 있습니다.{nl}획득한 장비 아이템은 무제한이며 모든 거래가 가능합니다.	
INTL_20181213_000659	Unique Unidentified One-handed Weapon Box	유니크 미감정 한손 무기 선택 상자	
INTL_20181213_000660	Unique Unidentified Top Armor Box	유니크 미감정 상의 선택 상자	
INTL_20181213_000661	Unique Unidentified Bottom Armor Box	유니크 미감정 하의 선택 상자	
INTL_20181213_000662	Unique Unidentified Gloves Box	유니크 미감정 장갑 선택 상자	
INTL_20181213_000663	Unique Unidentified Boots Box	유니크 미감정 신발 선택 상자	
INTL_20181213_000664	池塘中的箱子	낚시터에 빠진 상자	
INTL_20181213_000665	使用時可以選擇您喜歡的頭飾。{nl}活動結束時統一刪除。	사용 시 원하는 헤어 코스튬을 선택할 수 있습니다.{nl}이벤트 종료 시 일괄 삭제됩니다.	
INTL_20181213_000666	Talt Processing Device	탈트 가공 장치	
INTL_20190320_000667	地下城優惠禮包	던전 헤택 패키지	
INTL_20190320_000668	吸血鬼套裝選擇箱	뱀파이어 코스튬 선택 상자	
INTL_20190320_000669	白色雪花套裝選擇箱	프리미엄 하얀 눈꽃 코스튬 선택 상자	
INTL_20190320_000670	新生私立校服套裝選擇箱	새내기 사립 교복 코스튬 선택 상자	
INTL_20190320_000671	金剛天狗武士套裝選擇箱	금강불개 무사 코스튬 선택 상자	
INTL_20190320_000672	元宵福袋	원소절 큐브	
INTL_20190320_000673	元宵福袋 x10+1	원소절 큐브 x10+1	
INTL_20190320_000674	回歸者的禮物箱	복귀자의 선물상자	INTL_20180327_000095	回歸者禮物箱 (15天)	복귀자의 선물상자 (15일)	
INTL_20190320_000675	[GM] 特別的變身卷軸	[GM] 특별한 변신 스크롤	ITEM_20180327_011039	特別變身卷軸	특별한 변신 스크롤	
INTL_20190320_000676	，只有在此可使用。{nl}活動結束後，道具統一刪除。	에서만 사용 가능합니다.{nl}2월 21일 점검 시, 일괄 삭제됩니다.	
INTL_20190320_000677	使用時設置捕獲用陷阱。{nl}活動結束時，道具統一刪除。	사용시 포획용 덫이 설치됩니다.{nl}2월 21일 점검 시, 일괄 삭제됩니다.	
INTL_20190320_000678	活動材料道具。{nl}可以增加捕獲怪物等級。{nl}活動結束時，道具統一刪除。	이벤트 재료 아이템입니다.{nl}포획한 몬스터 레벨을 증가시킬 수 있습니다.{nl}2월 21일 점검 시, 일괄 삭제됩니다.	
INTL_20190320_000679	使用時可隨機獲得獎勵道具中的一項。{nl}活動結束時，道具統一刪除。	사용시 보상 아이템 중 한가지 아이템이 랜덤으로 지급됩니다.{nl}2월 21일 점검 시, 일괄 삭제됩니다.	
INTL_20190320_000680	可以選擇315級防具裝備。	315제 방어구 장비를 선택할 수 있습니다.	INTL_20180327_000159	Use to select one level 315 weapon.	315제 무기 장비를 선택할 수 있습니다.	
INTL_20190320_000681	活動材料道具。{nl}可以拿去交換有用道具。{nl}活動結束時，道具統一刪除。	이벤트 재료 아이템입니다.{nl}쓸모있는 아이템으로 교환이 가능합니다.{nl}2월 21일 점검 시, 일괄 삭제됩니다.	
INTL_20190320_000682	新手玩家之書(14天)	초보 유저의 서(14일)	INTL_20180327_000164	新手玩家之書(14天)	신규 유저의 서(14일)	
INTL_20190320_000683	HP Potion (1 Day)	HP 포션 (1일)	
INTL_20190320_000684	Instantly restores 40% of max. HP. {nl}Additionally restores another 40% of HP every 2 seconds over 11 seconds. {nl}Right-click to use. Cooldown of 20 seconds.	HP를 40% 즉시 회복시키고 2초 간격으로 11초 동안 HP를 40% 회복 시켜줍니다. 마우스 오른쪽 클릭으로 사용합니다. 재사용 대기시간 20초.	
INTL_20190320_000685	HP Potion (7 Days)	HP 포션 (7일)	
INTL_20190320_000686	SP Potion (1 Day)	SP 포션 (1일)	
INTL_20190320_000687	Instantly restores 40% of max. SP. {nl}Additionally restores another 40% of SP every 2 seconds over 11 seconds. {nl}Right-click to use. Cooldown of 20 seconds.	SP를 40% 즉시 회복시키고 2초 간격으로 11초 동안 SP를 40% 회복 시켜줍니다. 마우스 오른쪽 클릭으로 사용합니다. 재사용 대기시간 20초.	
INTL_20190320_000688	SP Potion (7 Days)	SP 포션 (7일)	
INTL_20190320_000689	Recipe - 1 Day HP Potion	제작서 - HP 포션 (1일)	
INTL_20190320_000690	A recipe that allows you to craft an item.	아이템을 제작할 수 있는 제작서입니다.	
INTL_20190320_000691	Recipe - 7 Day HP Potion	제작서 - HP 포션 (7일)	
INTL_20190320_000692	Recipe - 1 Day SP Potion	제작서 - SP 포션 (1일)	
INTL_20190320_000693	Recipe - 7 Day SP Potion	제작서 - SP 포션 (7일)	
INTL_20190320_000694	活動說明	이벤트 설명	
INTL_20190320_000695	 {nl}請把巧力轉交給位在{MAP}的少年。{nl}你也可以自己享用。{nl}你要吃？	 {nl}{MAP} 에 있는 소년에게 초콜릿을 전달해 주세요.{nl}혹은 자신이 먹을 수도 있습니다.{nl}먹겠습니까?	
INTL_20190320_000696	沒有{ITEMNAME}。	{ITEMNAME}이 없습니다.	
INTL_20190320_000697	已轉交{ITEMNAME}。	{ITEMNAME}을 전달하였습니다.	
INTL_20190408_000698	讓耐力恢復30。{nl}可使用目錄{nl} - 貝哈伊勒 {nl} - 霍克鷹 {nl} - 綠企鵝 {nl}- 小豬 {nl} - 拉克斯頓 {nl} - 犰狳 {nl} - 金剛天狗 {nl} - 特務零零八 {nl} - 丹迪汪汪{nl} - 黃金福氣豬	스태미나를 30 회복 시켜줍니다.{nl}사용가능 목록{nl} - 벨하이더 {nl} - 호글란 {nl} - 펭그린 {nl} - 아기돼지 {nl} - 락스돈 {nl} - 아르마딜로 {nl} - 금강불개 {nl} - 고로 {nl} - 댄디 멍뭉이{nl} - 황금 복돼지	INTL_20180416_000537	Restores 30 Stamina.{nl}Good for:{nl} - Velheider{nl} - Hoglan{nl} - Leaf Penguin{nl} - Baby Pig{nl} - Rocksodon{nl} - Armadillo{nl} - Golden Pup{nl} - Goro	스태미나를 30 회복 시켜줍니다.{nl}사용가능 목록{nl} - 벨하이더 {nl} - 호글란 {nl} - 펭그린 {nl} - 아기돼지 {nl} - 락스돈 {nl} - 아르마딜로 {nl} - 금강불개 {nl} - 고로	
INTL_20190408_000699	PP Shop 100 Points Voucher	포포샵 100 포인트 구매권	
INTL_20190408_000700	Use to obtain 100 Popo Points.{nl} - Used only during Popo Point Shop event periods.	사용 시 포포샵 100 포인트가 추가됩니다.{nl} - 최대 포인트가 초과될 경우 사용할 수 없습니다.{nl} - 포포샵 이벤트 기간중에만 사용할 수 있습니다.	
INTL_20190408_000701	PP Shop 500 Points Voucher	포포샵 500 포인트 구매권	
INTL_20190408_000702	Use to obtain 500 Popo Points.{nl} - Used only during Popo Point Shop event periods.	사용 시 포포샵 500 포인트가 추가됩니다.{nl} - 최대 포인트가 초과될 경우 사용할 수 없습니다.{nl} - 포포샵 이벤트 기간중에만 사용할 수 있습니다.	
INTL_20190408_000703	PP Shop 1,000 Points Voucher	포포샵 1000 포인트 구매권	
INTL_20190408_000704	Use to obtain 1,000 Popo Points.{nl} - Used only during Popo Point Shop event periods.	사용 시 포포샵 1000 포인트가 추가됩니다.{nl} - 최대 포인트가 초과될 경우 사용할 수 없습니다.{nl} - 포포샵 이벤트 기간중에만 사용할 수 있습니다.	
INTL_20190408_000705	Can be used only during Popo Point Shop events.	포포샵 이벤트 기간에만 사용 가능합니다.	
INTL_20190408_000706	You cannot exceed {MAX} points.	{MAX}포인트를 초과할 수 없습니다.	
INTL_20190416_000707	Festival Firecracker	축제 폭죽	
INTL_20190416_000708	Fireworks for Everyone	모두의 불꽃 축제	
INTL_20190416_000709	You can exchange Festival Firecrackers for useful items at the Event Notice Board.{nl}(Using a Firecracker applies movement speed +2, physical attack +50 and magic attack +50 for 10 minutes.)	축제 폭죽을 모아 이벤트 알림판으로부터 다양한 아이템으로 교환할 수 있습니다.{nl}(사용 시 10분 동안 이동속도 +2, 물리 공격력 +50, 마법 공격력 +50 증가합니다.)	
INTL_20190416_000710	Festival Costume Selection Box	축제 의상 코스튬 선택 상자	
INTL_20190416_000711	Contains a Festival Costume of your choice (Male/Female).	폭죽 축제 이벤트에 참여할 수 있는 축제 의상 코스튬이 담긴 상자입니다.	
INTL_20190416_000712	Male Festival Costume (30 Days)	남성용 축제 의상 코스튬(30일)	
INTL_20190416_000713	A fancy outfit to wear to a festival. Use to change your appearance.	축제에 입고가기 무난한 정장입니다. 착용하면 외형이 변경 됩니다.	
INTL_20190416_000714	Female Festival Costume (30 Days)	여성용 축제 의상 코스튬(30일)	
INTL_20190416_000715	A fancy outfit to wear to a festival. Use to change your appearance.	축제에서 입기 무난한 드레스입니다. 착용하면 외형이 변경 됩니다.	
INTL_20190416_000716	Wear your Festival Costume during the event period and defeat monsters to collect Festival Firecrackers.{nl}Then, bring me the Firecrackers and exchange them for other items!{nl}You can also use the Firecrackers around me to get the Fireworks for Everyone buff.	이벤트 기간 동안 축제 의상을 입고 몬스터를 처치하면 축제 폭죽을 획득할 수 있습니다.{nl}축제 폭죽을 저에게 가져오시면 다양한 아이템으로도 교환할 수 있습니다.{nl}(제 주변에서 축제 폭죽을 사용하면 "모두의 불꽃 축제" 버프를 추가로 획득할 수 있습니다.)	Ninot
INTL_20190416_000717	特別連線獎勵活動小幫手	특별 접속 보상 이벤트 도우미	
INTL_20190416_000718	活動期間可以獲得特別的道具和BUFF。{nl}特別連線獎勵：4月24日 ~ 4月28日{nl}周末尖峰時間24小時BUFF：4月27日 ~ 4月 28日, 5月4日 ~ 5月 5日	이벤트 기간동안 특별한 아이템과 버프를 획득할 수 있습니다.{nl}특별 접속 보상: 4월24일 ~ 4월28일{nl}주말 핫타임 24시간 버프: 4월27일 ~ 4월 28일, 5월4일 ~ 5월 5일	특별 접속 보상 이벤트 도우미
INTL_20190416_000719	Applying the Fireworks for Everyone buff in {SEC} second(s).	{SEC}초 후 "모두의 불꽃 축제" 버프가 발동 됩니다.	
INTL_20190416_000720	Fireworks for Everyone is now active!	"모두의 불꽃 축제" 버프가 발동합니다!	
INTL_20190416_000721	Wear your Festival Costume and use a Festival Firecracker to apply the Fireworks for Everyone buff as well.	축제 의상을 입고 축제 폭죽을 사용하면{nl}"모두의 불꽃 축제"{nl}버프를 추가로 획득할 수 있습니다.	
INTL_20190528_000722	Snow Globe Cube	3월 특판 큐브	
INTL_20190528_000723	Snow Globe Cube x10+1	3월 특판 큐브 x10+1	
INTL_20190528_000724	Receive Chocolates	달콤한 초콜릿 받기	
INTL_20190528_000725	The event isn't open right now.	이벤트 기간이 아닙니다.	
INTL_20190619_000726	3週年紀念轉蛋	3주년 큐브	
INTL_20190619_000727	3週年紀念轉蛋 10+1	3주년 큐브 10+1	
INTL_20190724_000728	寵物Buff	컴패니언 버프	
INTL_20190724_000729	消滅怪物時獲得經驗值+10%	몬스터 처치 시 획득 경험치 +10% 증가	
INTL_20190820_000730	To Begin：武器箱	투 비긴:무기 상자	
INTL_20190820_000731	喚醒：進階	웨이크 업: 어드벤스	
INTL_20190820_000732	喚醒：學習者禮包	웨이크 업: 패키지	
INTL_20190827_000733	[Burning Weekend] EXP	[주말 버닝] 경험치 증가	
INTL_20190827_000734	EXP +100%	경험치 증가 + 100%	
INTL_20190827_000735	[Burning Weekend] Movement Speed	[주말 버닝] 이동 속도 증가	
INTL_20190827_000736	A material item requested by Fedimian's Blacksmith Teliavelis, used to produce special equipment.{nl}Can be obtained by clearing Velcoffer's Nest, Tomb of the White Crow Legend and Unique Raids, Challenge Mode Stage 5, Saalus missions, and level dungeons.{nl}Will be deleted at the end of the event period.	페디미안의 대장장이 테리아베리스가 요청한 특별한 장비를 만들기 위한 특별한 재료입니다.{nl}벨코퍼의 둥지, 흰 까마귀의 영면지: 레전드, 흰 까마귀의 영면지: 유니크, 챌린지 5단계, 수녀원 미션, 레벨 던전 클리어 시 획득할 수 있습니다.{nl}4월 11일 점검 시, 일괄 삭제 됩니다	
INTL_20190827_000737	2019 Summer event is under way!{nl}{#003399}We are currently exchanging [Event]Vasalos Coins{/} and supporting Guild memberships.	2019년 여름을 기념하는 이벤트가 진행 중입니다.{nl}{#003399}[이벤트] 바살로스 주화{/}  교환과 길드 활동 보상을 지원해드립니다.	이벤트 도우미
INTL_20190827_000738	{#003399}[Summer Festa] Summer Vacation in Klaipeda{/} Reward Exchange	2. {#003399}[Summer Festa] 클라페다에서 여름 나기 이벤트{/}의 보상 교환	이벤트 도우미
INTL_20190827_000739	 Complete: 5{nl}- Unique Raids 	 클리어 : 5개{nl}- 유니크 레이드 	대장장이 테리아베리스
INTL_20190827_000740	 Complete: 5{nl}- Challege Mode Stage 5: 2{nl}- Saalus Mission: 1{nl}- Level Dungeon: 1	 클리어 : 5개{nl}- 챌린지 5단계 이상 클리어 : 2개{nl}- 수녀원 미션 클리어 : 1개{nl}- 레벨던전 클리어 : 1개	대장장이 테리아베리스
INTL_20190926_000741	Class Change Voucher Lv. 4 (1 Day){nl}Stat Reset Potion (1 Day){nl}You can receive 3 of each every day during the event period.	클래스 변경권 Lv.4 (1일){nl}스탯 초기화 포션 (1일){nl}이벤트 기간 동안 매일 3개씩 지원해드리고 있습니다.	초기화 지원 도우미
INTL_20191126_000742	[Grimoire Equip Effect] Summons Demon Lord Marnox when using Summoning{nl}[Cannot be traded]	[그리모어 장착 효과] 서모닝 사용 시 마군주 마르녹스 형태의 악마 소환{nl}[거래 불가]	
INTL_20191126_000743	[Grimoire Equip Effect] Summons Demon Lord Blut when using Summoning{nl}[Cannot be traded]	[그리모어 장착 효과] 서모닝 사용 시 마군주 블룻 형태의 악마 소환{nl}[거래 불가]	
INTL_20191126_000744	[Grimoire Equip Effect] Summons Demon Lord Zaura when using Summoning{nl}[Cannot be traded]	[그리모어 장착 효과] 서모닝 사용 시 마군주 자우라 형태의 악마 소환{nl}[거래 불가]	
INTL_20191126_000745	[Grimoire Equip Effect] Summons Demon Lord Nuaele when using Summoning{nl}[Cannot be traded]	[그리모어 장착 효과] 서모닝 사용 시 마군주 누아엘레 형태의 악마 소환{nl}[거래 불가]	
INTL_20191126_000746	[Grimoire Equip Effect] Summons Demon Lord Helgasercle when using Summoning{nl}[Cannot be traded]	[그리모어 장착 효과] 서모닝 사용 시 마군주 헬가 세르클 형태의 악마 소환{nl}[거래 불가]	
INTL_20191126_000747	[Grimoire Equip Effect] Summons Demon Lord Blut when using Summoning{nl}[Cannot be traded]{nl}[Cannot be traded]	[그리모어 장착 효과] 서모닝 사용 시 마군주 렉시퍼 형태의 악마 소환{nl}[거래 불가]	
INTL_20191126_000748	[Grimoire Equip Effect] Summons Demon Lord Mirtis when using Summoning{nl}[Cannot be traded]	[그리모어 장착 효과] 서모닝 사용 시 마군주 미르티스 형태의 악마 소환{nl}[거래 불가]	
INTL_20191126_000749	[Grimoire Equip Effect] Summons Demon Lord Froster Lord when using Summoning{nl}[Cannot be traded]	[그리모어 장착 효과] 서모닝 사용 시 마군주 프로스터 로드 형태의 악마 소환{nl}[거래 불가]	
INTL_20191126_000750	Use to obtain one of the followig items.{nl}- Demon Lord Marnox Card [Cannot be traded] x1{nl}- Demon Lord Blut Card [Cannot be traded] x1{nl}- Demon Lord Zaura Card [Cannot be traded] x1{nl}- Demon Lord Nuaele Card [Cannot be traded] x1{nl}- Demon Lord Helgasercle Card [Cannot be traded] x1{nl}- Demon Lord Rexipher Card [Cannot be traded] x1{nl}- Demon Lord Mirtis Card [Cannot be traded] x1{nl}- Demon Lord Froster Lord Card [Cannot be traded] x1	사용 시 아래의 구성물 중 하나를 선택해 획득할 수 있습니다.{nl} - 마군주 마르녹스 카드 [거래 불가] 1개{nl} - 마군주 블룻 카드 [거래 불가] 1개{nl} - 마군주 자우라 카드 [거래 불가] 1개{nl} - 마군주 누아엘레 카드 [거래 불가] 1개{nl} - 마군주 헬가 세르클 카드 [거래 불가] 1개{nl} - 마군주 렉시퍼 카드 [거래 불가] 1개{nl} - 마군주 미르티스 카드 [거래 불가] 1개{nl} - 마군주 프로스터 로드 카드 [거래 불가] 1개	
INTL_20200128_000751	用鑰匙開啟位於柯拉佩達的皇家聖誕寶箱可以隨機獲得以下道具中的一個。(獲得高級獎勵的機會比神秘聖誕寶箱高){nl}提尼拿鐵拉花 x1{nl}[活動] 黃金血晶萃取工具 x1{nl}銀色血晶萃取工具(14天) x1{nl}充滿祝福的嫩芽(14天) x1{nl}女神的雕像(14天) x1{nl}[活動]公會任務獎勵鑄幣：銀 x1{nl}遠征隊傳送石 x3{nl}活動結束時將統一刪除。	클라페다에 위치한 크리스마스 로열 상자를 열어 아래 아이템 중 각기 다른 확률로 한 개의 아이템을 획득할 수 있습니다.{nl}티니 라떼 아트 x1{nl}[이벤트] 황금 아이커 추출 키트 x1{nl}은빛 아이커 추출 키트 (14일) x1{nl}축복이 깃든 씨앗(14일) x1{nl}여신의 조각상(14일) x1{nl}[이벤트] 길드 퀘스트 보상 주화 : 은 x1{nl}레이드 포탈 스톤 x3{nl}20년 1월 2일 점검시, 일괄 삭제됩니다.	
INTL_20200128_000752	用鑰匙開啟位於柯拉佩達的神秘聖誕寶箱可以隨機獲得以下道具中的一個。(獲得高級獎勵的機會比皇家聖誕寶箱低){nl}[活動]特性點數 10,000 x1{nl}[活動]特性點數 1,000 x1{nl}[活動]特性點數 500 x1{nl}充滿祝福的嫩芽(14天) x1{nl}女神的雕像(14天) x1{nl}[活動]公會任務獎勵鑄幣：銀 x1{nl}遠征隊傳送石 x3{nl}活動結束時將統一刪除。	클라페다에 위치한 신비한 크리스마스 상자를 열어 아래 아이템 중 각기 다른 확률로 한 개의 아이템을 획득할 수 있습니다.{nl}[이벤트]특성 포인트 10,000 x1{nl}[이벤트]특성 포인트 1,000 x1{nl}[이벤트]특성 포인트 500 x1{nl}축복이 깃든 씨앗(14일) x1{nl}여신의 조각상(14일) x1{nl}[이벤트] 길드 퀘스트 보상 주화 : 은 x1{nl}레이드 포탈 스톤 x3{nl}20년 1월 2일 점검시, 일괄 삭제됩니다.	
INTL_20200211_000753	Flower Petal	꽃잎	
INTL_20200211_000754	Good things happen when you collect Flower Petals.	꽃잎을 모으면 좋은 일이 생길 것 같습니다.	
INTL_20200211_000755	Flower Road Cube	꽃길 큐브	
INTL_20200211_000756	Frill Ornament Fairy Selection Box	프릴 장식 페어리 코스튬 선택 상자	
INTL_20200211_000757	A box containing a Frill Ornament Fairy Costume of your choice (Male or Female). Right-click to use.	프릴 장식 페어리 코스튬이 들어있는 상자입니다. 마우스 오른쪽 버튼 클릭으로 사용합니다.	
INTL_20200211_000758	You need Flower Petal x5.	꽃잎은 5개가 필요합니다.	이벤트 알림판
INTL_20200211_000759	You can receive a Cherry Blossom Hairpin for your first five {#661199}Flower Petals{/}. For your next five {#661199}Flower Petals{/}, you can receive 25 Spring Cubes.	이벤트 기간동안 최초 {#661199}꽃잎{/} 5개는 삼색 경단 머리핀, 이후 {#661199}꽃잎{/} 5개는 봄 큐브 25개로 교환할 수 있습니다.	이벤트 알림판
INTL_20200211_000760	Flower Road Event	꽃길 이벤트	
INTL_20200226_000761	: x5{nl}- Legend Raids: Casual : x2{nl}- Unique Raids : x5{nl}- Unique Raids: Casual : x2{nl}- Challenge Mode Stage 5+: x2{nl}- Level Dungeons: x1	 클리어 : 5개{nl}- 레전드 레이드:캐주얼 클리어 : 2개{nl}- 유니크 레이드 클리어 : 5개{nl}- 유니크 레이드:캐주얼 클리어 : 2개{nl}- 챌린지 5단계 이상 클리어 : 2개{nl}- 레벨던전 클리어 : 1개	대장장이 테리아베리스
INTL_20200306_000762	A special type of bait used for fishing. Using it as bait to fish gives you a chance of catching [Event] Hidden Treasure Chest, Silver Fish and Small Silver Fish.	낚시에 사용하는 특별한 미끼입니다. 미끼로 사용할 경우 [이벤트]연못에 숨겨진 보물 상자, 은빛 물고기, 작은 은빛 물고기를 각기 다른 확률로 획득 할 수 있습니다.	
INTL_20200804_000763	Whether to apply protection mode after checking hwid, ip, 1: Use 0: Not Use	hwid, ip 확인 후 보호모드 적용 여부, 1:사용 0:안함	
INTL_20200821_000764	There is no on-going event in the Event Notice Board.	현재 이벤트 알림판에서 진행중인 이벤트가 없습니다.	이벤트 알림판
INTL_20201109_000765	點擊滑鼠右鍵即可使用並可獲得所有內容物。{nl} - [獎勵用] 閃亮企鵝選擇箱{nl} -[企鵝專用] 寵物經驗值卡片 Lv.400{nl} - 沙丁魚 50個	마우스 우클릭 시 사용되며 구성물을 획득할 수 있습니다.{nl} - [보상용] 빛나는 펭귄 선택 상자{nl} - [펭귄전용] 컴패니언 경험치 카드 Lv.400{nl} - 정어리 50개	
INTL_20201109_000766	Will you leave log of using skills in Boruta Guild Mission? (1: Leave, 0: Not Leave)	보루타 길드 미션에서 스킬 사용 로그를 남길건가? (1: 남김, 0: 안함)	
INTL_20201119_000767	CashOut applicability, 1:Used 0:Unused	CashOut 적용 여부, 1:사용 0:안함
