QUEST_LV_0500_20190513_000001	如果必須有人去做這件事，我希望是別人。{nl}為什麼偏偏要讓我做這種事呢？	누군가는 해야 할 일이면 다른 사람이 했으면 좋겠어요.{nl}왜 저한태 이런 걸 시키는 걸까요.				케도라 상단원 이네타
QUEST_LV_0500_20190513_000002	怪物和魔族氾濫…{nl}至少不用擔心遇到強盜了。{nl}只要能活著回去的話。	몬스터와 마족들이 득실거리니..{nl}적어도 강도를 만날 걱정은 안 해도 되겠어.{nl}살아서 돌아갈 수 있다면 말이지.				케도라 상단원 타다스
QUEST_LV_0500_20190513_000003	花好幾天偵查，又要花好幾天回報！{nl}這樣事情什麼時候才會做完啊？	정찰하는 데 며칠, 보고하는 데 또 며칠!{nl}이러면 일은 언제 끝낼 생각인 거지?				바바리안 볼케
QUEST_LV_0500_20190513_000004	我是來協助塔達斯的。{nl}不是來收拾波爾凱闖的禍。	전 타다스님을 도우러 온 것이지.{nl}볼케님이 사고 치는 걸 처리하러 온 게 아닙니다.				케도라 상단원 니르기
QUEST_LV_0500_20190513_000005	我騙過了卡魯塔斯，沒有讓他搶走神樹的種子。{nl}如果解開這束縛，就可以借助種子的力量恢復力量。	카르타스의 눈을 속여 신수의 씨앗을 빼앗기지 않았어요.{nl}이 속박을 풀어낸다면 씨앗의 능력으로 힘을 다시 회복할 수 있을 거예요.				여신 메데이나
QUEST_LV_0500_20190513_000006	卡魯塔斯在這片森林設下結界追趕我的原因是什麼呢…{nl}難道他真的知道這顆種子的存在嗎？	카르타스가 이 숲에 거대한 결계를 펼치면서까지 저를 쫓는 이유가 무엇일까요..{nl}정말 이 씨앗의 존재를 알고 있는 걸까요?				여신 메데이나
QUEST_LV_0500_20190513_000007	我一調養好身體，就要馬上去找奈凌卡。{nl}奈凌卡一定知道從卡魯塔斯手中拯救梅德依那女神的方法的。	저는 몸을 추스리는대로 네링가님을 찾아가 보려 해요.{nl}네링가님이라면 분명 카르타스로부터 메데이나님을 구할 방법을 알고 계실 거에요.				큐폴 아스트라
QUEST_LV_0500_20190513_000008	啊，啟示者！這片森林被設下了邪惡的結界，進來的話很危險的！{nl}請快離開吧！	아! 계시자님! 이 숲에는 사악한 결계가 펼쳐져 있어서 들어오시면 위험해요!{nl}어서 벗어나세요!				큐폴 아스트라
QUEST_LV_0500_20190513_000009	由於卡魯塔斯在這一帶的森林設下了結界，以目前梅迪安娜的力量是無法離開這裡的。{nl}梅迪安娜女神需要快點恢復氣力才行啊…	카르타스가 숲 일대에 펼친 결계 때문에 지금 메데이나님의 힘으로는 이곳을 벗어날 수 없어요.{nl}메데이나님이 어서 기운을 차리시고 회복하셔야 할 텐데..				큐폴 일로나
QUEST_LV_0500_20190513_000010	如果卡魯塔斯發現這裡就完蛋了。{nl}啟示者，請你幫助梅德依那女神恢復過來吧。	카르타스가 이곳을 발견하면 큰일이에요.{nl}메데이나님이 회복할 수 있도록 계시자님께서 도와주세요.				큐폴 일로나
QUEST_LV_0500_20190513_000011	雖然陷入了束縛的結界裡…還好依羅娜平安無事。{nl}啟示者，請你找找有沒有解除結界的方法。	속박의 결계에 걸리긴 했지만.. 그래도 일로나가 무사해서 다행이에요.{nl}계시자님. 결계를 해제할만한 방법이 있을지 찾아봐 주세요.				큐폴 율리아
QUEST_LV_0500_20190513_000012	快和依羅娜一起去找梅德依那女神吧。	어서 일로나와 함께 메데이나님을 찾으러 가 봐요.				큐폴 율리아
QUEST_LV_0500_20190513_000013	梅德依那女神的蹤跡到這邊就斷了，去別院裡面看看怎麼樣？	메데이나님의 흔적이 이 앞에서 끊겼으니 이 안뜰 안쪽을 확인해보는 게 어떨까요?				큐폴 율리아
QUEST_LV_0500_20190513_000014	梅德依那女神平安無事，真是太好了！{nl}必須破壞對女神設下的魔界移動法陣才行…	메데이나님이 무사하셔서 다행이에요!{nl}그보다 메데이나님에게 펼쳐진 마계 이동 마법진을 파훼해야 할텐데..				큐폴 율리아
QUEST_LV_0500_20190513_000015	啟示者！請清除對梅德依那女神設下的魔界移動法陣。{nl}卡魯塔斯現在不在，是個好機會。	계시자님! 메데이나님에게 펼쳐진 마계 이동 마법진을 없애주세요.{nl}카르타스가 없는 지금이 기회에요.				큐폴 일로나
QUEST_LV_0500_20190513_000016	多虧了啟示者才能解開梅德依那女神的結界呢。{nl}現在得趕緊離開這裡…	계시자님 덕분에 메데이나님이 결계를 풀어낼 수 있었네요.{nl}어서 이곳을 벗어나야 할 텐데..				큐폴 일로나
QUEST_LV_0500_20190513_000017	在輔助魔法陣中注入魔力，讓它超載很有效呢。	보조 마법진에 마력을 과부하 되게 주입하는 게 효과가 있었네요.				큐폴 율리아
QUEST_LV_0500_20190513_000018	啊…都是因為我們，梅德依那女神她…	아.. 저희 때문에 메데이나님이..				큐폴 율리아
QUEST_LV_0500_20190513_000019	梅德依那女神…	메데이나님..				큐폴 일로나
QUEST_LV_0500_20190513_000020	我來得太晚了…	제가 너무 늦었어요..				큐폴 아스트라
QUEST_LV_0500_20190513_000021	雖然梅德依那女神被卡魯塔斯抓走了…{nl}啟示者熱心幫助我們尋找梅德依那女神的事，我們會銘記在心的。	비록 메데이나님이 카르타스에게 붙잡혀 가셨지만..{nl}저희는 계시자님께서 메데이나님을 찾는 일에 적극적으로 도와주신 것을 기억하고 있어요.{nl}				큐폴 아스트라
QUEST_LV_0500_20200128_000022	等你準備好面對吉特涅時再來找我。{nl}	당신이 길티네에게 맞설 준비가 된다면 그때 저를 다시 찾아오십시오.{nl}				여신 라이마
QUEST_LV_0500_20200128_000023	完全沒料想到會在這裡碰見魔神羅迦娜和魔王巴以卡。	마신 라가나와 마왕 바이가를 여기서 마주칠 거라고는 전혀 예상하지 못했습니다.				여신 아우스테야
QUEST_LV_0500_20200128_000024	和巴以卡談話的時候最好要小心。	바이가와 이야기할 때는 조심하시는 게 좋겠어요.				여신 아우스테야
QUEST_LV_0500_20200128_000025	在你對付啟示者時，我會一個人在這裡找神樹的樹根。	일단은 계시자님이 바이가를 상대하는 동안 저 혼자서라도 이곳에서 신수의 뿌리를 찾아볼게요.				여신 아우스테야
QUEST_LV_0500_20200128_000026	還有，你要小心巴以卡。{nl}不能完全相信他。	그리고 바이가를 조심하세요.{nl}그를 온전히 믿어서는 안 됩니다.				여신 아우스테야
QUEST_LV_0500_20200128_000027	原來你平安無事。{nl}這一帶我都看過了…找不到神樹的樹根。	무사하셨군요.{nl}이 지역을 모두 확인해 봤지만.. 신수의 뿌리는 찾을 수 없었어요.				여신 아우스테야
QUEST_LV_0500_20200128_000028	梅德依那的情況非常危急。{nl}無法想像她這段時間因為卡魯塔斯受到了多大的折磨。	메데이나님의 상태가 많이 위독해요.{nl}그동안 카르타스에게 얼마나 끔찍한 고통을 받았는지 감히 상상도 할 수 없을 것 같아요.				큐폴
QUEST_LV_0500_20200128_000029	絕對無法原諒卡魯塔斯…{nl}一定要讓他得到淒慘的下場。	카르타스를 절대 용서할 수 없어요..{nl}그는 반드시 비참한 최후를 맞이하게 될 겁니다.				큐폴
QUEST_LV_0500_20200128_000030	消滅努卡戰士、努歐暗殺者	누카 전사, 누오 암살자 처치				
QUEST_LV_0500_20200128_000031	由於柯拉佩達委託所傳達員蘭達的委託。{nl}必須在特比勒圖瑪斯要塞消滅努卡戰士、努歐暗殺者。	클라페다 의뢰소의 접수원 람다의 의뢰로{nl}트비르투마스 요새에서 누카 전사, 누오 암살자 처치를 수행해야 합니다.				
QUEST_LV_0500_20200128_000032	消滅艾可拉斯沛達爾戰士	아클라스 페탈 전사 처치				
QUEST_LV_0500_20200128_000033	由於柯拉佩達委託所傳達員蘭達的委託。{nl}必須在特比勒圖瑪斯要塞消滅艾可拉斯沛達爾戰士。	클라페다 의뢰소의 접수원 람다의 의뢰로{nl}트비르투마스 요새에서 아클라스 페탈 전사 처치를 수행해야 합니다.				
QUEST_LV_0500_20200128_000034	消滅生靈盔甲	리빙 아머 처치				
QUEST_LV_0500_20200128_000035	由於柯拉佩達委託所傳達員蘭達的委託。{nl}必須在特比勒圖瑪斯要塞消滅生靈盔甲。	클라페다 의뢰소의 접수원 람다의 의뢰로{nl}트비르투마스 요새에서 리빙 아머 처치를 수행해야 합니다.				
QUEST_LV_0500_20200128_000036	消滅伊嘉蘭卡	일가란카 처치				
QUEST_LV_0500_20200128_000037	由於柯拉佩達委託所傳達員蘭達的委託。{nl}必須在特比勒圖瑪斯要塞消滅伊嘉蘭卡。	클라페다 의뢰소의 접수원 람다의 의뢰로{nl}트비르투마스 요새에서 일가란카 처치를 수행해야 합니다.				
QUEST_LV_0500_20200128_000038	消滅普洛格斯哥布林騎士、內克	블로거즈 고블린 라이더, 넥코 처치				
QUEST_LV_0500_20200128_000039	由於柯拉佩達委託所傳達員蘭達的委託。{nl}必須在斯卡爾達外城消滅普洛格斯哥布林騎士、內克。	클라페다 의뢰소의 접수원 람다의 의뢰로{nl}스칼다 외곽에서 블로거즈 고블린 라이더, 넥코 처치를 수행해야 합니다.				
QUEST_LV_0500_20200128_000040	消滅灰狼	그레이 울프 처치				
QUEST_LV_0500_20200128_000041	由於柯拉佩達委託所傳達員蘭達的委託。{nl}必須在斯卡爾達外城消滅灰狼。	클라페다 의뢰소의 접수원 람다의 의뢰로{nl}스칼다 외곽에서 그레이 울프 처치를 수행해야 합니다.				
QUEST_LV_0500_20200128_000042	消滅普洛格斯哥布林弓箭手	블로거즈 고블린 궁수 처치				
QUEST_LV_0500_20200128_000043	由於柯拉佩達委託所傳達員蘭達的委託。{nl}必須在斯卡爾達外城消滅普洛格斯哥布林弓箭手。	클라페다 의뢰소의 접수원 람다의 의뢰로{nl}스칼다 외곽에서 블로거즈 고블린 궁수 처치를 수행해야 합니다.				
QUEST_LV_0500_20200128_000044	消滅灰狼首領	그레이 울프 치프 처치				
QUEST_LV_0500_20200128_000045	由於柯拉佩達委託所傳達員蘭達的委託。{nl}必須在斯卡爾達外城消滅灰狼首領。	클라페다 의뢰소의 접수원 람다의 의뢰로{nl}스칼다 외곽에서 그레이 울프 치프 처치를 수행해야 합니다.				
QUEST_LV_0500_20200128_000046	消滅半獸人殺手	오크 살수병 처치				
QUEST_LV_0500_20200128_000047	由於柯拉佩達委託所傳達員蘭達的委託。{nl}必須在林克斯瑪斯廢墟消滅半獸人殺手。	클라페다 의뢰소의 접수원 람다의 의뢰로{nl}링크스마스 폐허에서 오크 살수병 처치를 수행해야 합니다.				
QUEST_LV_0500_20200128_000048	消滅半獸人咒術師	오크 주술사 처치				
QUEST_LV_0500_20200128_000049	由於柯拉佩達委託所傳達員蘭達的委託。{nl}必須在林克斯瑪斯廢墟消滅半獸人咒術師。	클라페다 의뢰소의 접수원 람다의 의뢰로{nl}링크스마스 폐허에서 오크 주술사 처치를 수행해야 합니다.				
QUEST_LV_0500_20200128_000050	消滅半獸人盾兵	오크 방패병 처치				
QUEST_LV_0500_20200128_000051	由於柯拉佩達委託所傳達員蘭達的委託。{nl}必須在林克斯瑪斯廢墟消滅半獸人盾兵。	클라페다 의뢰소의 접수원 람다의 의뢰로{nl}링크스마스 폐허에서 오크 방패병 처치를 수행해야 합니다.				
QUEST_LV_0500_20200128_000052	消滅半獸人隊長	오크 리더 처치				
QUEST_LV_0500_20200128_000053	由於柯拉佩達委託所傳達員蘭達的委託。{nl}必須在林克斯瑪斯廢墟消滅半獸人隊長。	클라페다 의뢰소의 접수원 람다의 의뢰로{nl}링크스마스 폐허에서 오크 리더 처치를 수행해야 합니다.				
QUEST_LV_0500_20200128_000054	消滅林克斯瑪斯廢墟的怪物	링크스마스 폐허의 몬스터 처치				
QUEST_LV_0500_20200128_000055	由於柯拉佩達委託所傳達員蘭達的委託。{nl}必須在林克斯瑪斯廢墟消滅足夠數量的怪物。	클라페다 의뢰소의 접수원 람다의 의뢰로{nl}링크스마스 폐허에서 충분한 수의 몬스터 처치를 수행해야 합니다.				
QUEST_LV_0500_20200128_000056	消滅半獸人重炮手	오크 캐논병 처치				
QUEST_LV_0500_20200128_000057	由於柯拉佩達委託所傳達員蘭達的委託。{nl}必須在終結之路消滅 半獸人重炮手。	클라페다 의뢰소의 접수원 람다의 의뢰로{nl}종언의 길에서 오크 캐논병 처치를 수행해야 합니다.				
QUEST_LV_0500_20200128_000058	消滅半獸人旗幟兵	오크 깃발병 처치				
QUEST_LV_0500_20200128_000059	由於柯拉佩達委託所傳達員蘭達的委託。{nl}必須在終結之路消滅 半獸人旗幟兵。	클라페다 의뢰소의 접수원 람다의 의뢰로{nl}종언의 길에서 오크 깃발병 처치를 수행해야 합니다.				
QUEST_LV_0500_20200128_000060	消滅半獸人首領	오크 대장 처치				
QUEST_LV_0500_20200128_000061	由於柯拉佩達委託所傳達員蘭達的委託。{nl}必須在終結之路消滅半獸人首領。	클라페다 의뢰소의 접수원 람다의 의뢰로{nl}종언의 길에서 오크 대장 처치를 수행해야 합니다.				
QUEST_LV_0500_20200128_000062	消滅終結之路的怪物	종언의 길의 몬스터 처치				
QUEST_LV_0500_20200128_000063	由於柯拉佩達委託所傳達員蘭達的委託。{nl}必須在終結之路消滅足夠數量的怪物。	클라페다 의뢰소의 접수원 람다의 의뢰로{nl}종언의 길에서 충분한 수의 몬스터 처치를 수행해야 합니다.				
QUEST_LV_0500_20200128_000064	由於柯拉佩達委託所傳達員蘭達的委託，必須在特比勒圖瑪斯要塞消滅努卡戰士、努歐暗殺者。	클라페다 의뢰소의 접수원 람다의 의뢰로 트비르투마스 요새에서 누카 전사, 누오 암살자 처치를 수행해야 합니다.				
QUEST_LV_0500_20200128_000065	由於柯拉佩達委託所傳達員蘭達的委託，必須在特比勒圖瑪斯要塞消滅艾可拉斯沛達爾戰士。	클라페다 의뢰소의 접수원 람다의 의뢰로 트비르투마스 요새에서 아클라스 페탈 전사 처치를 수행해야 합니다.				
QUEST_LV_0500_20200128_000066	由於柯拉佩達委託所傳達員蘭達的委託，必須在特比勒圖瑪斯要塞消滅生靈盔甲。	클라페다 의뢰소의 접수원 람다의 의뢰로 트비르투마스 요새에서 리빙 아머 처치를 수행해야 합니다.				
QUEST_LV_0500_20200128_000067	由於柯拉佩達委託所傳達員蘭達的委託，必須在特比勒圖瑪斯要塞消滅伊嘉蘭卡。	클라페다 의뢰소의 접수원 람다의 의뢰로 트비르투마스 요새에서 일가란카 처치를 수행해야 합니다.				
QUEST_LV_0500_20200128_000068	由於柯拉佩達委託所傳達員蘭達的委託，必須在斯卡爾達外城消滅普洛格斯哥布林騎士、內克。	클라페다 의뢰소의 접수원 람다의 의뢰로 스칼다 외곽에서 블로거즈 고블린 라이더, 넥코 처치를 수행해야 합니다.				
QUEST_LV_0500_20200128_000069	由於柯拉佩達委託所傳達員蘭達的委託，必須在斯卡爾達外城消滅灰狼。	클라페다 의뢰소의 접수원 람다의 의뢰로 스칼다 외곽에서 그레이 울프 처치를 수행해야 합니다.				
QUEST_LV_0500_20200128_000070	由於柯拉佩達委託所傳達員蘭達的委託，必須在斯卡爾達外城消滅普洛格斯哥布林弓箭手。	클라페다 의뢰소의 접수원 람다의 의뢰로 스칼다 외곽에서 블로거즈 고블린 궁수 처치를 수행해야 합니다.				
QUEST_LV_0500_20200128_000071	由於柯拉佩達委託所傳達員蘭達的委託，必須在斯卡爾達外城消滅灰狼首領。	클라페다 의뢰소의 접수원 람다의 의뢰로 스칼다 외곽에서 그레이 울프 치프 처치를 수행해야 합니다.				
QUEST_LV_0500_20200128_000072	由於柯拉佩達委託所傳達員蘭達的委託，必須在林克斯瑪斯廢墟消滅半獸人殺手。	클라페다 의뢰소의 접수원 람다의 의뢰로 링크스마스 폐허에서 오크 살수병 처치를 수행해야 합니다.				
QUEST_LV_0500_20200128_000073	由於柯拉佩達委託所傳達員蘭達的委託，必須在林克斯瑪斯廢墟消滅半獸人咒術師。	클라페다 의뢰소의 접수원 람다의 의뢰로 링크스마스 폐허에서 오크 주술사 처치를 수행해야 합니다.				
QUEST_LV_0500_20200128_000074	由於柯拉佩達委託所傳達員蘭達的委託，必須在林克斯瑪斯廢墟消滅半獸人盾兵。	클라페다 의뢰소의 접수원 람다의 의뢰로 링크스마스 폐허에서 오크 방패병 처치를 수행해야 합니다.				
QUEST_LV_0500_20200128_000075	由於柯拉佩達委託所傳達員蘭達的委託，必須在林克斯瑪斯廢墟消滅半獸人隊長。	클라페다 의뢰소의 접수원 람다의 의뢰로 링크스마스 폐허에서 오크 리더 처치를 수행해야 합니다.				
QUEST_LV_0500_20200128_000076	由於柯拉佩達委託所傳達員蘭達的委託，必須在林克斯瑪斯廢墟消滅足夠數量的怪物。	클라페다 의뢰소의 접수원 람다의 의뢰로 링크스마스 폐허에서 충분한 수의 몬스터 처치를 수행해야 합니다.				
QUEST_LV_0500_20200128_000077	由於柯拉佩達委託所傳達員蘭達的委託，必須在終結之路消滅半獸人重炮手。	클라페다 의뢰소의 접수원 람다의 의뢰로 종언의 길에서 오크 캐논병 처치를 수행해야 합니다.				
QUEST_LV_0500_20200128_000078	由於柯拉佩達委託所傳達員蘭達的委託，必須在終結之路消滅半獸人旗幟兵。	클라페다 의뢰소의 접수원 람다의 의뢰로 종언의 길에서 오크 깃발병 처치를 수행해야 합니다.				
QUEST_LV_0500_20200128_000079	由於柯拉佩達委託所傳達員蘭達的委託，必須在終結之路消滅半獸人首領。	클라페다 의뢰소의 접수원 람다의 의뢰로 종언의 길에서 오크 대장 처치를 수행해야 합니다.				
QUEST_LV_0500_20200128_000080	由於柯拉佩達委託所傳達員蘭達的委託，必須在終結之路消滅足夠數量的怪物。	클라페다 의뢰소의 접수원 람다의 의뢰로 종언의 길에서 충분한 수의 몬스터 처치를 수행해야 합니다.				
QUEST_LV_0500_20200324_000081	等一下，你是啟示者嗎?	잠시만요, 혹시 계시자인가요?				세이지 파견원
QUEST_LV_0500_20200324_000082	大事不好了。{nl}神樹之日以後，次元經常出現破壞的現象。{nl}	큰일입니다.{nl}신수의 날 이후로 종종 차원이 붕괴하는 현상이 나타나고 있어요.{nl}				세이지 파견원
QUEST_LV_0500_20200324_000083	不僅如此，附近的怪物們正加速著崩壞。{nl}如不阻止這一切，次元崩壞會蔓延至大陸全區域的。{nl}靠我一個人要阻止這件事情實在太困難了，所以我正請求啟示者們的協助。{nl}拜託你了。	더군다나 근처의 몬스터들이 붕괴를 가속하고 있죠.{nl}막지 않으면 차원 붕괴가 대륙 전역으로 번질 거예요.{nl}저 혼자서는 벅찬일이라 계시자들에게 도움을 구하고 있습니다.{nl}이렇게 부탁드립니다.				세이지 파견원
QUEST_LV_0500_20200324_000084	請勿被捲進次元崩壞裡而喪失性命。{nl}如尚未準備妥當，請勿前往靠近。	차원 붕괴에 휘말려 아까운 목숨을 잃지 않도록 주의하세요.{nl}준비가 충분하지 않으면 가까이 가지 않는 게 좋습니다.				세이지 파견원
QUEST_LV_0500_20200324_000085	阻止次元崩壞	차원 붕괴 저지				
QUEST_LV_0500_20200324_000086	表示是啟示者	계시자가 맞다고 한다.				
QUEST_LV_0500_20200324_000087	表示非啟示者	계시자가 아니라고 한다.				
QUEST_LV_0500_20200324_000088	與賢者派遣員對話。	세이지 파견원과 대화하기.				
QUEST_LV_0500_20200324_000089	位於廢都的賢者派遣員正在分發某個東西給啟示者們，請去與賢者派遣員對話。	폐도에 위치한 세이지 파견원이 계시자들에게 무언가를 지급하고 있습니다. 세이지 파견원과 대화하세요.				
QUEST_LV_0500_20200723_000090	我們在這裡調查最近發生的寒流現象。{nl}	저희는 여기서 최근에 일어난 한파 현상에 대해 조사하고 있습니다.{nl}				크루세이더 마스터
QUEST_LV_0500_20200723_000091	經過三次的調查，終於知道絕壁下方的魔族就是造成寒流的原因。{nl}	세 차례에 걸친 조사로 이 절벽 아래에 있는 마족이 한파의 원인이라는 건 알아냈습니다.{nl}				크루세이더 마스터
QUEST_LV_0500_20200723_000092	魔族的名字是...{nl}	마족의 이름은..{nl}				크루세이더 마스터
QUEST_LV_0500_20200723_000093	格萊伊希歐。{nl}	글레이시어.{nl}				크루세이더 마스터
QUEST_LV_0500_20200723_000094	是一個叫格萊伊希歐的魔族。{nl}而且我們還發現到在特殊裝置上漂浮的黑色水晶。{nl}雖然不確定其來歷，但卻濃縮著強大的魔力。{nl}	글레이시어라고 하는 마족입니다.{nl}그리고 특별한 장치 위에 떠 있는 검은 수정도 발견했습니다.{nl}정체가 확실하지는 않지만, 강한 마력을 응축하고 있었습니다.{nl}				크루세이더 마스터
QUEST_LV_0500_20200723_000095	幾次曾試圖討伐格萊伊希歐，但都沒有突破寒流和魔族的攻勢。{nl}	몇 차례 글레이시어 토벌을 시도했지만, 한파와 마족의 공세를 뚫는 데 실패했습니다.{nl}				크루세이더 마스터
QUEST_LV_0500_20200723_000096	有聽說過啟示者們的活躍表現。{nl}請幫助我們消滅格萊伊希歐。	계시자들의 활약상은 들었습니다.{nl}글레이시어  처치를 도와주십시오.				크루세이더 마스터
QUEST_LV_0500_20200723_000097	那麼，請做好前往絕壁下方的準備後再見面吧。	그럼, 절벽 아래로 내려갈 준비를 마친 후 다시 뵙겠습니다.				크루세이더 마스터
QUEST_LV_0500_20200723_000098	前往絕壁下方後，很難再請求支援。{nl}而且要突破格萊伊希歐所掀起的寒流，應該也很困難。{nl}	절벽 아래로 내려간다면, 추가 지원을 요청하기는 힘들 겁니다.{nl}글레이시어가 일으키고 있는 한파를 버젓이 뚫고 가기도 쉽지 않을 겁니다.{nl}				크루세이더 마스터
QUEST_LV_0500_20200723_000099	我們可以助你在此搭乘鐵籠車，安全抵達絕壁下方。{nl}	저희는 여기서 계시자님이 철창을 타고 절벽 아래로 무사히 내려갈 수 있도록 돕겠습니다.{nl}				크루세이더 마스터
QUEST_LV_0500_20200723_000100	格萊伊希歐就拜託你了。	글레이시어를 잘 부탁합니다.				크루세이더 마스터
QUEST_LV_0500_20200723_000101	啟示者。{nl}能給我一點時間嗎？{nl}	계시자님.{nl}잠시 시간 좀 내주시겠습니까?{nl}				크루세이더 파견원
QUEST_LV_0500_20200723_000102	上次在調查絕壁下方時發現了幾個問題。{nl}其中，這紅色液體...{nl}在那寒冷當中竟然沒有結凍，只有結一層薄冰而已。{nl}	지난 번, 절벽 아래를 조사하는 중에 몇 가지를 발견한 게 있습니다.{nl}그중 이 붉은 액체..{nl}그 추위 속에서 얼지 않고 살얼음만 띄고 있더군요.{nl}				크루세이더 파견원
QUEST_LV_0500_20200723_000103	覺得有點可疑，所以採集了一些。{nl}如果有人可以委託分析的話，就交給啟示者你了。	아무래도 심상치 않아 채취했습니다.{nl}혹시 분석을 맡길 만한 사람이 있다면 계시자님께 맡기겠습니다.				크루세이더 파견원
QUEST_LV_0500_20200723_000104	謝謝。{nl}分析完畢後，請再來找我。	감사합니다.{nl}분석이 완료되면 다시 저를 찾아와 주세요.				크루세이더 파견원
QUEST_LV_0500_20200723_000105	你是說分析溶液嗎？{nl}雖然不是什麼難事，但有股不祥的感覺。{nl}	용액을 분석해 달라는 말씀이신가요?{nl}어려운 일은 아니지만, 불길한 짐작이 드는군요.{nl}				플레이그 닥터 마스터
QUEST_LV_0500_20200723_000106	為了準確的分析，我需要植物。{nl}附近不管什麼都可以，能幫我找一個嗎？{nl}這麼說來，正好離這裡不遠的地方有個長長的植物，就幫我找那個吧。	확실히 하기 위해서는 식물이 필요합니다.{nl}근처에서 어떤 것이든 상관없으니 하나만 구해주시겠습니까?{nl}그러고 보니 마침, 여기서 멀지 않은 쪽에 길게 자란 식물이 있으니 그게 좋겠네요.				플레이그 닥터 마스터
QUEST_LV_0500_20200723_000107	分析完畢後，請再來找我。	분석이 완료되면 다시 저를 찾아와 주세요.				크루세이더 파견원
QUEST_LV_0500_20200723_000108	這是...nl}	이건..{nl}				플레이그 닥터 마스터
QUEST_LV_0500_20200723_000109	看來這應該是克魯比那。{nl}我曾經有聽說過。{nl}雖然是液體的形態…我還是第一次實際看到克魯比那。{nl}	아무래도 크루비나인 것 같군요.{nl}소문으로 들은 적이 있습니다.{nl}액체의 형태이지만.. 실제로 보는 건 처음이군요.{nl}				플레이그 닥터 마스터
QUEST_LV_0500_20200723_000110	只是這裡混雜著更多的血液。{nl}看來…應該是本來在某個人的身體裡，然後隨著血液一起吐出來的。{nl}	다만, 여기에는 피가 더 많이 섞여 있습니다.{nl}아무래도.. 누군가의 몸에 있다가 피와 함께 토해낸 거로 생각합니다.{nl}				플레이그 닥터 마스터
QUEST_LV_0500_20200723_000111	比如說….那位叫格萊伊希歐的魔族。{nl}	이를테면.. 말씀하신 글레이시어라는 마족이겠네요.{nl}				플레이그 닥터 마스터
QUEST_LV_0500_20200723_000112	這是不吉利的徵兆啊。	안 좋은 징조입니다.				플레이그 닥터 마스터
QUEST_LV_0500_20200723_000113	希望你能抱著負責任的態度去調查這件事情。{nl}如果是這種東西，不可能只有平凡的魔族會想要擁有它。	이번 일에 대해서 책임을 갖고 조사해주시기를 부탁드립니다.{nl}이런 물건이라면 평범한 마족 정도만 탐낼 물건이 아닐 겁니다.				플레이그 닥터 마스터
QUEST_LV_0500_20200723_000114	你回來啦?{nl}	오셨습니까?{nl}				크루세이더 파견원
QUEST_LV_0500_20200723_000115	知道了。{nl}有關溶液的處理和調查就交給我們來負責。{nl}非常感謝你的幫忙。	알겠습니다.{nl}이 용액에 대한 처리와 조사는 저희가 맡겠습니다.{nl}도와주셔서 정말 감사합니다.				크루세이더 파견원
QUEST_LV_0500_20200723_000116	啟示者。{nl}聽說在史圖卡斯高原野營地駐紮的士兵當中，有目擊到可疑女人的消息。	계시자님.{nl}스토가스 고원의 야영지에 주둔한 병사 중에서 의문의 여인에 대한 목격담을 이야기했다는 소식을 들었습니다.				크루세이더 파견원
QUEST_LV_0500_20200723_000117	我收到了待在原地的命令。{nl}因為這是沒有對大師報告的調查，所以我也很難去行動。{nl}你可以代替我去看看野營地的士兵嗎？	저는 현 위치를 유지하라는 명령을 받았습니다.{nl}아무래도 마스터님에게는 보고하지 않은 조사라 제가 움직이기는 힘들 것 같습니다.{nl}저를 대신해 야영지의 병사들을 만나봐 주실 수 있으실까요?				크루세이더 파견원
QUEST_LV_0500_20200723_000118	非常感謝你的幫忙。{nl}去找位於野營地的史圖卡斯分隊長阿德斯，你做事情會比較輕鬆。	도와주셔서 정말 감사합니다.{nl}야영지에 있는 스토가스 분대장 아데스라는 사람을 찾아보시면 수고를 줄이실 수 있으실 겁니다.				크루세이더 파견원
QUEST_LV_0500_20200723_000119	你是聽到有關目擊到可疑女人而來的嗎？	의문의 여인에 대한 목격담을 듣고 오셨다고요?				스토가스 분대장 아데스
QUEST_LV_0500_20200723_000120	我記得非常清楚。{nl}奇怪的是，她哭著說希望有誰能幫助她，但卻無視了想要幫助她的我們。{nl}然後又自言自語地說都沒有人要幫助自己。{nl}感覺精神上好像有點問題。	분명히 기억하고 있어요.{nl}이상했던 게, 누구든지 자신을 도와달라며 울면서도 도와주려는 저희를 무시하는 듯했었죠.{nl}그러면서 아무도 자신을 돕지 않는다며 중얼거리기도 했습니다.{nl}제정신 같지가 않았어요.				스토가스 분대장 아데스
QUEST_LV_0500_20200723_000121	很難理解的話，你可以問看看高原士兵莫提爾。{nl}發現那個女人的就是莫提爾。	이해하기 힘드시다면, 고원병사 모티머에게 물어보시면 됩니다.{nl}그 여인을 발견했던 게 바로 모티머였습니다.				스토가스 분대장 아데스
QUEST_LV_0500_20200723_000122	去找位於野營地的史圖卡斯分隊長阿德斯，你做事情會比較容易。	야영지에 있는 스토가스 분대장 아데스라는 사람을 찾아보시면 수고를 줄이실 수 있으실 겁니다.				크루세이더 파견원
QUEST_LV_0500_20200723_000123	有什麼事情嗎？	무슨 일이시죠?				고원병사 모티머
QUEST_LV_0500_20200723_000124	有關女人的話，你可以問看看高原士兵莫提爾。{nl}發現那個女人的就是莫提爾。	여인에 대해서라면 고원병사 모티머에게 물어보시면 됩니다.{nl}그 여인을 발견했던 게 바로 모티머였습니다.				스토가스 분대장 아데스
QUEST_LV_0500_20200723_000125	你是在問那個女人阿。	여인에 대해서 여쭤보시는 거군요.				고원병사 모티머
QUEST_LV_0500_20200723_000126	啊！但是現在有點困難。{nl}因為有需要盡快處理的事情。{nl}在我解決事情的期間，你先去前往凱馬空地的路口看看。{nl}第一次發現那女人的地方就是在那附近。	아, 하지만 지금은 곤란합니다.{nl}서둘러 처리할 일이 있어서요.{nl}제가 일을 마무리하는 동안 게히마 공터로 가는 길목을 살펴보시는 게 좋을 겁니다.{nl}그 여인을 처음 발견했던 게 그 근처였습니다.				고원병사 모티머
QUEST_LV_0500_20200723_000127	那麼，我會盡快把事情處理好，請你先去調查凱馬空地的路口。	그럼, 서둘러 일을 마무리할 테니 게히마 공터의 길목을 먼저 조사해 보십시오.				고원병사 모티머
QUEST_LV_0500_20200723_000128	我會盡快把事情處理好，請你先去調查凱馬空地的路口。	저는 서둘러 일을 마무리할 테니 게히마 공터의 길목을 먼저 조사해 보십시오.				고원병사 모티머
QUEST_LV_0500_20200723_000129	我正找啟示者你呢。	마침 계시자님을 찾던 중이었습니다.				고원병사 모티머
QUEST_LV_0500_20200723_000130	那腳鐐是...{nl}是那個女人腳腕上的腳鐐吧。	그 족쇄는..{nl}그 여인의 발목에 채워져 있던 족쇄군요.				고원병사 모티머
QUEST_LV_0500_20200723_000131	那個女人好像是根本看不到我們，也聽不見我們的聲音，只是凝視著空中尋求救助。{nl}本來我想盡一切辦法地去幫助她，但卻無法做到。{nl}然後女人自言自語地說都沒有人要幫助自己，朝著阿爾莫第2勞役地的方向走去。	그 여인은 마치 저희가 전혀 보이지도 들리지도 않는 것처럼 허공을 응시하며 도와달라고만 했습니다.{nl}제가 어떻게든 도우려고 했지만, 그럴 수도 없을 지경이었죠.{nl}여인은 아무도 자신을 돕지 않는다며 중얼거리면서 알몰 제2 노역장 방향으로 갔습니다.				고원병사 모티머
QUEST_LV_0500_20200723_000132	在這樣的地形下，看起來很難生存下去。{nl}這麼說來，凝視著空中的眼睛是有點奇怪。{nl}好像是...沒有黑眼球。{nl}因為走路看起來很吃力，我能做到的只有幫助她斷開腳鐐而已。	이런 지형에서 살아남기도 힘들어 보이는 상태였죠.{nl}그러고 보니 허공을 응시하고 있던 눈동자가 이상했습니다.{nl}검은자가.. 없었던 것 같습니다.{nl}걷는 것이 힘들어 보여 족쇄를 끊어 주는 것만이 제가 할 수 있는 전부였습니다.				고원병사 모티머
QUEST_LV_0500_20200723_000133	你來了啊。{nl}在野營地發現的有關目擊到可疑女人的消息，調查結束了嗎？	오셨군요.{nl}야영지에서 발견된 여인의 목격담에 대해 조사를 마치셨습니까?				크루세이더 파견원
QUEST_LV_0500_20200723_000134	原來是這樣啊。{nl}很有可能是到了這裡之後掉落到絕壁的下方。{nl}當然不可能安然無恙吧。	그렇게 된 것이군요.{nl}이곳까지 와서 절벽 아래로 떨어졌을 가능성이 높습니다.{nl}당연히 무사하진 못 했겠군요.				크루세이더 파견원
QUEST_LV_0500_20200723_000135	掉落的物品當中有沾到克魯比那溶液，也就是說那女人就是格萊伊希歐啊。	떨어져 있던 물품에 크루비나 용액이 묻어 있었다는 말은.. 그 여인이 곧, 글레이시어겠군요.				크루세이더 파견원
QUEST_LV_0500_20200723_000136	以啟示者你調查的內容和我們之前所調查的內容為基礎推測的話，格萊伊希歐應該是被更強大的力量給陷害了。{nl}看來一定有破壞她精神，使她魔族化的幕後兇手存在。	계시자님께서 조사해주신 내용과 저희가 그동안 조사한 내용을 토대로 추측해봤을 때, 글레이시어는 더 큰 존재에게 해를 입었을 것으로 생각됩니다.{nl}아무래도 그녀의 정신을 해치고 마족화시킨 배후가 있겠군요.				크루세이더 파견원
QUEST_LV_0500_20200723_000137	啟示者。{nl}現在是該下去絕壁的時候了。{nl}如果在白魔女森林中發現到任何東西，請務必要告訴我。	계시자님.{nl}이제는 저 절벽 아래로 내려가봐야 할 때인 것 같습니다.{nl}하얀 마녀의 숲에서 무엇이든지 발견하신다면 저에게 알려주시길 부탁드립니다.				크루세이더 파견원
QUEST_LV_0500_20200723_000138	格萊伊希歐掉落絕壁後，至今應該都還在那裡。{nl}如果在白魔女森林裡發現到任何東西，請務必要告訴我。	글레이시어는 절벽 아래로 떨어진 이후 지금에 이르렀을 겁니다.{nl}하얀 마녀의 숲에서 무엇이든지 발견하신다면, 저에게 알려주시길 부탁드립니다.				크루세이더 파견원
QUEST_LV_0500_20200723_000139	啟示者，現在…	계시자님 지금은..				크루세이더 파견원
QUEST_LV_0500_20200723_000140	請停下來。	멈춰주십시오.				크루세이더 마스터
QUEST_LV_0500_20200723_000141	啟示者。{nl}我有話要跟你說。	계시자님.{nl}드릴 말씀이 있습니다.				크루세이더 마스터
QUEST_LV_0500_20200723_000142	負責這裡指揮的就是我。{nl}請不要做出沒經過許可的調查活動。{nl}就算是啟示者，如果違反了王國的法律，也會處於不利的地位。	이곳의 지휘를 담당하고 있는 것은 바로 저입니다.{nl}허가되지 않은 조사 활동은 삼가 주십시오.{nl}아무리 계시자님이라고 하셔도, 왕국의 법을 어기신다면 불리한 입장에 처하시게 될 겁니다.				크루세이더 마스터
QUEST_LV_0500_20200723_000143	關於啟示者你全力協助調查的事情我真的非常的感謝。{nl}但是無論敵人是誰，只要是對神樹構成威脅的存在，都應該要嚴格懲辦。{nl}這就是身為東征十字軍的義務。	조사에 협조해주신 계시자님의 헌신에 대해서는 분명한 감사를 표하겠습니다.{nl}다만, 적이 누구든지 신수에 위협이 될 존재라면 마땅히 처단해야 합니다.{nl}크루세이더가 가진 의무는 그것뿐입니다.				크루세이더 마스터
QUEST_LV_0500_20200723_000144	以後請不要擅自進行調查。	앞으로는 독단적인 조사는 지양해주십시오.				크루세이더 마스터
QUEST_LV_0500_20200723_000145	我正對路巴斯克絕壁發生的寒流現象進行調查。{nl}但是因為人力不足而正面臨困難。{nl}如果可以的話，你願意幫助我嗎？	누바스크 절벽에서 발생하고 있는 이상 한파 현상에 대해 조사하고 있습니다.{nl}하지만, 인력이 부족한 탓에 어려움을 겪고 있습니다.{nl}괜찮으시다면 도와주실 수 있으십니까?				크루세이더 파견원
QUEST_LV_0500_20200723_000146	謝謝你。{nl}請前往路巴斯克絕壁吧。	감사합니다.{nl}누바스크 절벽으로 가시죠.				크루세이더 파견원
QUEST_LV_0500_20200723_000147	異常寒流是在路巴斯克絕壁發生的。	이상 한파는 누바스크 절벽에서 발생하고 있습니다.				크루세이더 파견원
QUEST_LV_0500_20200723_000148	謝謝你協助調查。{nl}如果收集到充分的證據，我打算帶回王國後準備對策。{nl}常常因為人手不足而煩惱啊…	조사를 도와주셔서 감사합니다.{nl}충분한 증거가 모이면 왕국에 가져가 대책을 마련할 생각입니다.{nl}항상 인력이 부족해서 고민이군요..				크루세이더 파견원
QUEST_LV_0500_20200723_000149	我無法幫忙。	도울 수 없다고 한다.				
QUEST_LV_0500_20200723_000150	白魔女和東征十字軍(1)	하얀 마녀와 크루세이더(1)				
QUEST_LV_0500_20200723_000151	我去去就回來。	다녀오겠다고 한다.				
QUEST_LV_0500_20200723_000152	我現在因為其他事情有點忙。	지금은 다른 일 때문에 바쁘다고 한다.				
QUEST_LV_0500_20200723_000153	白魔女和東征十字軍(2)	하얀 마녀와 크루세이더(2)				
QUEST_LV_0500_20200723_000154	我會盡全力的。	이번 일에 최선을 다하겠다고 한다.				
QUEST_LV_0500_20200723_000155	我想要放棄了。	이쯤에서 그만두고 싶다고 한다.				
QUEST_LV_0500_20200723_000156	白魔女和東征十字軍(3)	하얀 마녀와 크루세이더(3)				
QUEST_LV_0500_20200723_000157	我不想再管了。	더 관여하고 싶지 않다고 말한다.				
QUEST_LV_0500_20200723_000158	白魔女和東征十字軍(4)	하얀 마녀와 크루세이더(4)				
QUEST_LV_0500_20200723_000159	我沒興趣。	관심이 없다고 한다.				
QUEST_LV_0500_20200723_000160	白魔女和東征十字軍(5)	하얀 마녀와 크루세이더(5)				
QUEST_LV_0500_20200723_000161	報告調查結果。	조사 결과를 전한다.				
QUEST_LV_0500_20200723_000162	調查還沒有結束。	아직 조사가 끝나지 않았다고 한다.				
QUEST_LV_0500_20200723_000163	白魔女和東征十字軍(6)	하얀 마녀와 크루세이더(6)				
QUEST_LV_0500_20200723_000164	我現在還有其他事情。	지금은 다른 일이 있다고 한다.				
QUEST_LV_0500_20200723_000165	白魔女和東征十字軍(7)	하얀 마녀와 크루세이더(7)				
QUEST_LV_0500_20200723_000166	給他看信件。	편지를 보여준다.				
QUEST_LV_0500_20200723_000167	裝傻。	시치미를 뗀다.				
QUEST_LV_0500_20200723_000168	史圖卡斯高原的異常寒流	스토가스 고원의 이상 한파				
QUEST_LV_0500_20200723_000169	協助調查。	조사에 도움을 준다.				
QUEST_LV_0500_20200723_000170	不協助調查。	조사를 돕지 않는다.				
QUEST_LV_0500_20200723_000171	與東征十字軍大師對話	크루세이더 마스터와 대화하기				
QUEST_LV_0500_20200723_000172	在史圖卡斯高原地帶，負責調查任務的東征十字軍大師正尋求啟示者們的幫助。{nl}請前往尋找史圖卡斯高原的東征十字軍大師約皮亞艾列諾拉，問看看有什麼事情。	스토가스 고원 지대에서 조사 임무를 맡던 크루세이더 마스터가 계시자들에게 도움을 요청하고 있습니다.{nl}스토가스 고원의 크루세이더 마스터 조피아 엘레노라를 찾아가 이야기를 들어보세요.				
QUEST_LV_0500_20200723_000173	準備就緒後，回去找東征十字軍大師	준비를 마치고 크루세이더 마스터에게 돌아가기				
QUEST_LV_0500_20200723_000174	為了消滅絕壁下方的格萊伊希歐，約皮亞向啟示者們請求了幫助。{nl}做好前往絕壁下方準備的話，就回去找約皮亞談談吧。	조피아는 절벽 아래에 있는 글레이시어를 처치하기 위해 계시자들에게 도움을 요청했다고 합니다.{nl}절벽 아래로 내려 갈 준비를 마쳤다면 조피아에게 돌아가 이야기하세요.				
QUEST_LV_0500_20200723_000175	白魔女和東征十字軍	하얀 마녀와 크루세이더				
QUEST_LV_0500_20200723_000176	與東征十字軍派遣員對話。	크루세이더 파견원과 대화하기.				
QUEST_LV_0500_20200723_000177	東征十字軍派遣員好像有話要對你說。{nl}請與東征十字軍派遣員交談吧。	크루세이더 파견원이 당신에게 할 말이 있는 듯 합니다.{nl}크루세이더 파견원과 이야기를 나눠 보세요.				
QUEST_LV_0500_20200723_000178	採集植物。	식물을 채집하기.				
QUEST_LV_0500_20200723_000179	東征十字軍派遣員交給我們調查在白魔女森林探索時所發現的東西。{nl}請去找瘟疫醫師大師委託分析結薄冰的紅色液體。	크루세이더 파견원은 하얀 마녀의 숲을 탐사 중 발견한 물건에 대해 조사를 맡겼습니다.{nl}플레이그 닥터 마스터에게 찾아가 살얼음 띈 붉은 액체의 분석을 의뢰하세요.				
QUEST_LV_0500_20200723_000180	回去找瘟疫醫師大師。	플레이그 닥터 마스터에게 돌아가기.				
QUEST_LV_0500_20200723_000181	找到瘟疫醫師大師說的植物了。{nl}請回去將植物交給瘟疫醫師大師，已順利完成分析溶液的委託。	플레이그 닥터 마스터가 말한 식물을 구했습니다.{nl}플레이그 닥터 마스터에게 돌아가 의뢰를 용액 분석을 마무리할 수 있도록 식물을 전해주세요.				
QUEST_LV_0500_20200723_000182	向瘟疫醫師大師索取調查結果	플레이그 닥터 마스터에게 조사 결과를 받기				
QUEST_LV_0500_20200723_000183	與瘟疫醫師再次交談。	플레이그 닥터와 다시 이야기 하기.				
QUEST_LV_0500_20200723_000184	得知溶液的真面目為克魯比那溶液後，瘟疫醫師大師對此表示了擔憂。{nl}他似乎有事情想要交代，請與瘟疫醫師大師對話看看吧。	플레이그 닥터 마스터는 용액의 정체가 크루비나 용액이라는 사실을 알고 우려를 표했습니다.{nl}그가 당부할 것이 있는 것 같으니 다시 플레이그 닥터 마스터와 대화하세요.				
QUEST_LV_0500_20200723_000185	回去找東征十字軍派遣員。	크루세이더 파견원에게 돌아가기.				
QUEST_LV_0500_20200723_000186	完成分析溶液的委託了。{nl}請回去將克魯比那溶液交還給東征十字軍派遣員。	용액의 분석 의뢰를 완료했습니다.{nl}크루세이더 파견원에게 돌아가 크루비나 용액을 돌려주세요.				
QUEST_LV_0500_20200723_000187	東征十字軍派遣員說，克魯比那溶液之後的相關調查就交給他們了。{nl}請與派遣員對話，看有沒有其他需要幫忙的事情。	크루세이더 파견원은 크루비나 용액에 대한 이후 조사는 자신들이 맡겠다고 했습니다.{nl}파견원과 다시 이야기해서 도울 일이 있는지 물어보세요.				
QUEST_LV_0500_20200723_000188	去找史圖卡斯分隊長阿德斯。	스토가스 분대장 아데스 찾아가기.				
QUEST_LV_0500_20200723_000189	東征十字軍派遣員說，有人在一個地方看到可能是格萊伊希歐的人。{nl}請去找史圖卡斯高原野營地地區的史圖卡斯分隊長阿德斯，聽一聽相關的故事吧。	크루세이더 파견원은 글레이시어로 추정되는 인물이 목격된 장소가 있다고 합니다.{nl}스토가스 고원의 야영지 지역에 있는 스토가스 분대장 아데스를 찾아가 관련된 이야기를 들어보세요.				
QUEST_LV_0500_20200723_000190	去找高原士兵莫提爾。	고원병사 모티머 찾아가기.				
QUEST_LV_0500_20200723_000191	從阿德斯那裡聽到了有個女人可能是格萊伊希歐的事情。{nl}為了打聽詳細的事情，請去找高原士兵莫提爾吧。{nl}	아데스로부터 글레이시어로 추정되는 여인의 이야기를 들었습니다.{nl}자세한 이야기를 듣기 위해 고원병사 모티머를 찾아세요.{nl}				
QUEST_LV_0500_20200723_000192	與高原士兵莫提爾對話。	고원병사 모티머와 대화하기.				
QUEST_LV_0500_20200723_000193	向高原士兵莫提爾打聽有個女人可能是格萊伊希歐的相關事情吧。	고원병사 모티머에게 글레이시어로 추정되는 여인에 대한 이야기를 들으세요.				
QUEST_LV_0500_20200723_000194	調查案發地點。	사건 장소 조사하기.				
QUEST_LV_0500_20200723_000195	在高原士兵莫提爾處理完自己事情的期間，去調查發現女人的場所吧。	고원병사 모티머가 자신의 일을 마무리하는 동안 여인이 발견되었던 장소를 조사해 보세요.				
QUEST_LV_0500_20200723_000196	回去找高原士兵莫提爾。	고원병사 모티머에게 돌아가기.				
QUEST_LV_0500_20200723_000197	在案發現場發現了克魯比那溶液，並從怪物的身上找到了腳鐐。{nl}請回去向高原士兵莫提爾報告調查結果，並詢問事情的原委。	사건 현장에서 크루비나 용액을 발견했고, 몬스터로 부터 족쇄를 찾을 수 있었습니다.{nl}고원병사 모티머에게 돌아가 조사 결과를 보여주고 사건의 경위에 대해 물어보세요.				
QUEST_LV_0500_20200723_000198	失物回收	유실된 물건 회수				
QUEST_LV_0500_20200723_000199	將磨損的腳鐐交給東征十字軍派遣員。	크루세이더 파견원에게 닳고 닳은 족쇄 전해주기.				
QUEST_LV_0500_20200723_000200	結束了在野營地的調查。{nl}請回去向東征十字軍派遣員報告調查結果吧。	야영지에서의 조사를 끝냈습니다.{nl}크루세이더 파견원에게 돌아가 조사 결과를 알려주세요.				
QUEST_LV_0500_20200723_000201	為了繼續調查，請與東征十字軍派遣員交談。	조사를 지속하기 위해 크루세이더 파견원과 이야기를 나누세요.				
QUEST_LV_0500_20200723_000202	在白魔女森林裡進行調查。	하얀 마녀의 숲에서 조사를 진행하기.				
QUEST_LV_0500_20200723_000203	東征十字軍派遣員猜說，這件事情一定有幕後兇手。{nl}請在白魔女森林裡調查格萊伊希歐的痕跡。	크루세이더 파견원은 이 일의 배후가 있을 것임을 짐작했습니다.{nl}하얀 마녀의 숲에서 글레이시어의 흔적을 조사하세요.				
QUEST_LV_0500_20200723_000204	將這些信件交給東征十字軍派遣員。	크루세이더 파견원에게 편지 뭉치를 전달하기.				
QUEST_LV_0500_20200723_000205	請將在白魔女森林裡發現的東西交給東征十字軍派遣員。	크루세이더 파견원에게 하얀 마녀의 숲에서 발견한 것들을 가져다주세요.				
QUEST_LV_0500_20200723_000206	與東征十字軍大師對話。	크루세이더 마스터와 대화하기.				
QUEST_LV_0500_20200723_000207	東征十字軍大師約皮亞艾列諾拉好像有話要說。{nl}請與她對話。	크루세이더 마스터 조피아 엘레노라가 할말이 있는 듯 합니다.{nl}그녀와 대화하세요.				
QUEST_LV_0500_20200723_000208	去找東征十字軍派遣員。	크루세이더 파견원을 찾아가기.				
QUEST_LV_0500_20200723_000209	請去找正在調查史圖卡斯高原異常寒流的東征十字軍派遣員。	스토가스 고원의 이상 한파를 조사하고 있는 크루세이더 파견원에게 찾아가세요.				
QUEST_LV_0500_20200723_000210	對路巴斯克絕壁發生的異常寒流進行調查。	누바스크 절벽에서 나타나는 이상 한파에 대해 조사하기.				
QUEST_LV_0500_20200723_000211	對路巴斯克絕壁發生的異常寒流現象進行調查後，並將結果告訴東征十字軍派遣員。	누바스크 절벽에서 이상 한파 현상에 대해 조사하고 결과를 크루세이더 파견원에게 들려주세요.				
QUEST_LV_0500_20200723_000212	將異常寒流的相關調查結果告訴東征十字軍派遣員。	이상 한파에 대한 조사 결과를 크루세이더 파견원에게 알려주세요.				
QUEST_LV_0500_20200902_000213	你來了啊？{nl}為了請求啟示者的協助，才叫你過來的。	오셨습니까?{nl}협조를 부탁드리려고 계시자님을 불렀습니다.				크루세이더 마스터
QUEST_LV_0500_20200902_000214	你曾對格萊伊希歐進行過調查，我想應該沒有人比你更接近這件事情的真相才對。{nl}請問你能協助調查嗎？	글레이시어에 대한 조사를 진행하신 적이 있으시니, 아무래도 계시자님만큼 이 사건의 진상에 가까이 다가간 사람은 없을 거로 생각합니다.{nl}조사에 협조해 주실 수 있으십니까?				크루세이더 마스터
QUEST_LV_0500_20200902_000215	謝謝你的協助。{nl}給你的這個東西是從格萊伊希歐的衣服中掉出來的飾品。{nl}有必要去調查一下格萊伊希歐是如何從魔族手中守住自己的性命後來到了這裡。	협조에 감사드립니다.{nl}계시자님께 드린 물건은 글레이시어의 옷에서 떨어져 나온 장신구입니다.{nl}글레이시어가 어떻게 이곳까지 마족으로부터 목숨을 지킬 수 있었는지 알아볼 필요가 있습니다.				크루세이더 마스터
QUEST_LV_0500_20200902_000216	請將這個飾品拿去給魔族看看，然後觀察魔族的反應。	그 장신구를 마족에게 보여주고 반응을 살펴봐 주십시오.				크루세이더 마스터
QUEST_LV_0500_20200902_000217	謝謝你的協助。{nl}請將閃亮的晶球拿去給魔族看看，然後觀察魔族的反應。	협조에 감사드립니다.{nl}반짝이는 구슬을 마족에게 보여주고 반응을 살펴봐 주십시오.				크루세이더 마스터
QUEST_LV_0500_20200902_000218	你回來了啊？	돌아오셨습니까?				크루세이더 마스터
QUEST_LV_0500_20200902_000219	你說魔族因為害怕而逃跑了嗎？{nl}雖然格萊伊希歐是很強大的魔族…但她經過這裡的時候，當時還只是個人類而已。	마족이 겁에 질려 도망갔다고요?{nl}글레이시어가 강력한 마족인 건 사실이지만.. 그녀가 여기를 지날 때는 아직 인간이었을 때입니다.				크루세이더 마스터
QUEST_LV_0500_20200902_000220	那麼…很有可能這件事情與格萊伊希歐以上的其他魔族有關。	그렇다면.. 글레이시어 이상의 다른 마족이 이 사건과 연관되어 있을 가능성이 크군요.				크루세이더 마스터
QUEST_LV_0500_20200902_000221	上次我們派遣員在岩壁上的樹根附近發現到沾有克魯比那溶液的可疑的碎片。{nl}為了保存現場，所以沒有去碰它。	지난번 저희 파견원이 암벽에 있는 나무뿌리 근처에서 크루비나 용액이 묻은 수상한 조각을 봤다고 하더군요.{nl}현장 보존을 위해 건들지는 않았습니다.				크루세이더 마스터
QUEST_LV_0500_20200902_000222	我會親自調查那個碎片，請你先去尋找可疑的碎片，協助準備調查。	제가 직접 그 조각을 조사할 테니 계시자님 께서는 수상한 조각을 찾아 조사를 준비해 주세요.				크루세이더 마스터
QUEST_LV_0500_20200902_000223	從左邊階梯下去，一直往前走，可以在岩壁和樹根之間發現可疑的碎片。{nl}請你先去協助準備調查。	수상한 조각은 왼쪽 계단 아래로 내려가, 그대로 가시다 보면 암벽과 나무뿌리 사이에 있습니다.{nl}계시자님께서 먼저 가서 조사를 준비해주십시오.				크루세이더 마스터
QUEST_LV_0500_20200902_000224	不知道該如何跟你說...{nl}先從結論來說的話…	어떻게 말씀을 드려야 할지..{nl}결론부터 말씀드리자면..				크루세이더 마스터
QUEST_LV_0500_20200902_000225	這塊碎片經過了很長的時間，因此蘊含著魔族的力量。{nl}這股力量比我之前所遇到的任何魔族都還要強大。{nl}格萊伊希歐有可能…	이 조각에는 오랜 시간에 걸쳐 마족의 힘이 배어있습니다.{nl}제가 마주쳤던 그 어떤 마족보다도 더욱 강한 힘이군요.{nl}어쩌면 글레이시어는..				크루세이더 마스터
QUEST_LV_0500_20200902_000226	跟這股力量的主人相比，如果說格萊伊希歐是根本不值得擔心的程度，你會相信嗎？	이 힘의 주인에 비하면 글레이시어는 큰 걱정거리가 아닌 수준이라면 믿으시겠습니까?				크루세이더 마스터
QUEST_LV_0500_20200902_000227	多虧了啟示者的協助，調查才進展的這麼快。	계시자님의 협조 덕분에 조사가 빠르게 진척되고 있습니다.				크루세이더 마스터
QUEST_LV_0500_20200902_000228	雖然有點麻煩，但為了證明格萊伊希歐的幕後凶手，需要有更確切的證據。	번거롭게도.. 글레이시어의 배후를 증명해내기 위해서는 더 확실한 증거가 필요합니다.				크루세이더 마스터
QUEST_LV_0500_20200902_000229	上次你說發現格萊伊希歐的信件的地方是在絕壁下方嗎？{nl}希望你能過去那裡，再次確認一下，看是否有錯過的證據。	지난번 글레이시어의 편지를 발견한 곳이 절벽 아래라고 하셨죠?{nl}그곳에 가서 그때 놓친 증거가 없는 지, 다시 확인해주셨으면 합니다.				크루세이더 마스터
QUEST_LV_0500_20200902_000230	請調查白魔女森林。	하얀 마녀의 숲을 조사해주시길 바랍니다.				크루세이더 마스터
QUEST_LV_0500_20200902_000231	如果是指令書的話，那就是確切的證據了。{nl}還寫著格萊伊希歐的名字呢。	지령서라면 확실한 증거입니다.{nl}글레이시어의 이름까지 적혀있군요.				크루세이더 마스터
QUEST_LV_0500_20200902_000232	但是為什麼要用人類的語言來書寫呢？{nl}從碎片中感受到的力量確實是魔族的力量。	그렇지만 어째서 인간의 언어로 적혀있을까요?{nl}조각에서 느꼈던 힘은 마족의 힘이 분명했습니다.				크루세이더 마스터
QUEST_LV_0500_20200902_000233	看來牠是想告訴我們自己的存在。	우리에게 자신의 존재를 알리고 싶어 하는군요.				크루세이더 마스터
QUEST_LV_0500_20200902_000234	已經確定有幕後凶手的存在了。{nl}在啟示者前往絕壁下方的時候，為了調查碎片，我有向王國請求協助。	배후가 있다는 증거는 확실해졌습니다.{nl}계시자님께서 절벽 아래로 내려가 있는 동안, 저는 조각을 조사하기 위해 왕국에 협조를 요청했습니다.				크루세이더 마스터
QUEST_LV_0500_20200902_000235	王國說如果是魔族的力量的話，有一個人是最了解的。{nl}請將碎片交給冉達大師烏歐里歐斯瓦西德。{nl}雖然不是很滿意，但這是王國的命令。	왕국에서는 마족의 힘이라면 가장 잘 알만한 사람이 있다고 하더군요.{nl}랑다 마스터인 우올리오스 와히드에게 조각을 전해주십시오.{nl}탐탁지는 않지만.. 왕국의 명령입니다.				크루세이더 마스터
QUEST_LV_0500_20200902_000236	那麼就拜託你了。{nl}將碎片轉交之後，就沒有需要啟示者幫助的其他事情了。	그럼 부탁드립니다.{nl}그 조각만 전해주신다면 계시자님께서 도와주실 일은 더 없습니다.				크루세이더 마스터
QUEST_LV_0500_20200902_000237	啟示者，謝謝你的幫助。	계시자님, 도와주셔서 감사했습니다.				크루세이더 마스터
QUEST_LV_0500_20200902_000238	格萊伊希歐卡希米拉。{nl}這是格萊伊希歐還是人類時的名字。	글레이시어 카시밀라.{nl}글레이시어가 인간이었을 때의 이름입니다.				크루세이더 마스터
QUEST_LV_0500_20200902_000239	你來了啊。{nl}事情我已經聽說了。	오셨군요.{nl}이야기는 미리 들었습니다.				랑다 마스터
QUEST_LV_0500_20200902_000240	很強大的氣息啊。{nl}如果沒有東征十字軍大師的處理，你在來這裡的途中暈倒也不會覺得奇怪。	강한 기운이군요.{nl}크루세이더 마스터님의 조치가 없었더라면, 이곳에 오는 중에 쓰러지셨어도 이상하지 않았을 겁니다.				랑다 마스터
QUEST_LV_0500_20200902_000241	這力量的主人，用這片土地的稱呼，是名叫觀看者的存在。{nl}後續的故事，如果以後有機會的話再告訴你。{nl}這塊碎片就由我們來管理好了。{nl}你能幫我交給旁邊的少女嗎？	이 힘의 주인은 이 땅의 명칭으로 주시자라는 이름의 존재군요.{nl}이 이상의 이야기는 나중에 기회가 된다면 말씀드리죠.{nl}이 조각은 저희가 관리하겠습니다.{nl}저 옆의 소녀에게 주시겠습니까?				랑다 마스터
QUEST_LV_0500_20200902_000242	冉達少女	랑다 소녀				
QUEST_LV_0500_20200902_000243	她年紀還小，對待她時麻煩注意一點。	어린 아이이니 조심히 대해주세요.				랑다 마스터
QUEST_LV_0500_20200902_000244	請勿被捲進次元崩壞和分裂特別傳點裡而喪失性命。{nl}尤其是在分裂特別傳點中要小心地行動，這是一個非常危險的地方。	차원 붕괴와 분열 특이점에 휘말려 아까운 목숨을 잃지 않도록 주의하세요.{nl}특히 분열 특이점에서는 행동을 주의하세요. 무척 위험한 장소입니다.	QUEST_LV_0500_20200324_000084	請勿被捲進次元崩壞裡而喪失性命。{nl}如尚未準備妥當，請勿前往靠近。	차원 붕괴에 휘말려 아까운 목숨을 잃지 않도록 주의하세요.{nl}준비가 충분하지 않으면 가까이 가지 않는 게 좋습니다.	세이지 파견원
QUEST_LV_0500_20200902_000245	沒做好足夠準備的話，最好是不要去靠近那個地方。請做好萬全準備之後再去靠近。	준비가 충분하지 않으면 가까이 가지 않는 게 좋습니다. 철저한 준비를 하시고 접근하시기 바랍니다. 				세이지 파견원
QUEST_LV_0500_20200902_000246	白魔女和東征十字軍(8)	하얀 마녀와 크루세이더(8)				
QUEST_LV_0500_20200902_000247	協助調查。	조사에 협조한다.				
QUEST_LV_0500_20200902_000248	不想協助調查。	협조하고 싶지 않다.				
QUEST_LV_0500_20200902_000249	白魔女和東征十字軍(9)	하얀 마녀와 크루세이더(9)				
QUEST_LV_0500_20200902_000250	我會做好準備的。	준비해 두겠다고 한다.				
QUEST_LV_0500_20200902_000251	我想要之後再去。	나중에 가자고 한다.				
QUEST_LV_0500_20200902_000252	白魔女和東征十字軍(10)	하얀 마녀와 크루세이더(10)				
QUEST_LV_0500_20200902_000253	現在有點困難。	지금은 어렵다고 한다.				
QUEST_LV_0500_20200902_000254	白魔女和東征十字軍(11)	하얀 마녀와 크루세이더(11)				
QUEST_LV_0500_20200902_000255	我會幫你轉達的。	전해주겠다고 말한다.				
QUEST_LV_0500_20200902_000256	我無法幫助你。	도울수 없다고 한다.				
QUEST_LV_0500_20200902_000257	白魔女和東征十字軍(12)	하얀 마녀와 크루세이더(12)				
QUEST_LV_0500_20200902_000258	我不想再參與這件事了。	더 이상 관여하고 싶지 않다고 한다.				
QUEST_LV_0500_20200902_000259	尋訪東征十字軍大師。	크루세이더 마스터를 찾아가기.				
QUEST_LV_0500_20200902_000260	東征十字軍大師好像有話要對你說。{nl}請去找她問看看是什麼事情。	크루세이더 마스터가 당신에게 할 말이 있는 듯 합니다.{nl}그녀를 찾아가 무슨 일인지 물어보세요.				
QUEST_LV_0500_20200902_000261	對怪物使用格萊伊希歐的隨身物品。	글레이시어의 소지품을 몬스터에게 사용하기.				
QUEST_LV_0500_20200902_000262	按照東征十字軍大師的要求，將格萊伊希歐的隨身物品拿去給怪物們看看。	크루세이더 마스터의 요청대로, 글레시이어의 소지품을 몬스터들에게 보여주세요.				
QUEST_LV_0500_20200902_000263	向東征十字軍大師報告調查結果。	조사 결과를 크루세이더 마스터에게 보고하기.				
QUEST_LV_0500_20200902_000264	將格萊伊希歐的隨身物品給怪物看過之後，怪物們就驚慌失措地跑掉了！{nl}請向東征十字軍大師報告調查結果。	글레시이서의 소지품을 몬스터에게 보여주니, 몬스터들은 허겁지겁 달아났습니다!{nl}조사 결과를 크루세이더 마스터에게 알려주세요.				
QUEST_LV_0500_20200902_000265	東征十字軍大師為了接下來的調查，想要尋求協助。{nl}請與東征十字軍大師對話。	크루세이더 마스터가 다음 조사를 위해 협조를 요청하려고 합니다.{nl}크루세이더 마스터와 대화하세요.				
QUEST_LV_0500_20200902_000266	準備調查可疑的碎片。	수상한 조각 조사 준비하기.				
QUEST_LV_0500_20200902_000267	東征十字軍大師從派遣員手中取得了可疑的碎片的相關報告，該碎片推測是由格萊伊西歐所掉落。{nl}請前往有可疑的碎片的地方事先做好準備，以便東征十字軍大師進行調查。	크루세이더 마스터는 파견원으로부터 글레이시어가 흘린 것으로 추정되는 수상한 조각에 대한 보고를 받았습니다.{nl}수상한 조각이 있는 곳으로 가서 크루세이더 마스터가 조사할 수 있도록 미리 준비를 해두세요.				
QUEST_LV_0500_20200902_000268	回去找東征十字軍。	크루세이더 마스터에게 돌아가기.				
QUEST_LV_0500_20200902_000269	東征十字軍大師拿走了可疑的碎片。{nl}請回去找她聽關於調查的結果。	크루세이더 마스터가 수상한 조각을 가져갔습니다.{nl}그녀에게 돌아가 조사 결과에 대해 들어보세요.				
QUEST_LV_0500_20200902_000270	請詢問東征十字軍大師為了接下來的調查所需要的是什麼。	크루세이더 마스터에게 다음 조사를 위해 필요한 건 무엇인지 물어보세요.				
QUEST_LV_0500_20200902_000271	在白魔女森林(傳說)進行調查。	하얀 마녀의 숲(레전드)에서 조사를 진행하기.				
QUEST_LV_0500_20200902_000272	東征十字軍大師說為了確定格萊伊希歐的幕後凶手是魔族，因此需要有更確切的證據。{nl}請回到白魔女森林去查看破掉的袋子。	크루세이더 마스터는 글레이시어의 배후에 있는 마족의 존재를 특정하기 위해서는 더 확실한 증거가 필요하다고 합니다.{nl}하얀 마녀의 숲으로 돌아가 해진 주머니를 살펴보세요.				
QUEST_LV_0500_20200902_000273	請給東征十字軍大師看在破掉的袋子中發現的可疑的指令書。	크루세이더 마스터에게 해진 주머니에서 발견한 의문의 지령서를 보여주세요.				
QUEST_LV_0500_20200902_000274	請詢問東征十字軍大師是否還有需要幫助的事情。	크루세이더 마스터에게 더 도와줄 일은 없는 지 물어보세요.				
QUEST_LV_0500_20200902_000275	尋訪冉達大師。	랑다 마스터를 찾아가기.				
QUEST_LV_0500_20200902_000276	東征十字軍大師對協助調查表示感謝，最後為了對可疑的碎片進行確實的調查，拜託我們去找冉達大師。{nl}請前往莎勒斯修女院尋找冉達大師，詢問有關可疑的碎片。	크루세이더 마스터는 조사에 협력해주어서 고맙다는 말을 전하며, 마지막으로 수상한 조각에 대해서 확실한 조사를 하기 위해 랑다 마스터를 찾아가 달라고했습니다.{nl}살러스 수녀원에 있는 랑다 마스터를 찾아가 수상한 조각에 대해 물어보세요.				
QUEST_LV_0500_20200902_000277	與冉達大師對話。	랑다 마스터와 대화하기.				
QUEST_LV_0500_20200902_000278	請向冉達大師打聽有關可疑的碎片。	랑다 마스터에게 수상한 조각에 대해서 의견을 들으세요.				
QUEST_LV_0500_20200902_000279	將可疑的碎片轉交給冉達少女。	수상한 조각을 랑다 소녀에게 전해주기.				
QUEST_LV_0500_20200902_000280	從冉達大師那裡聽到了可疑的碎片的相關說明。{nl}由於是很危險的物品，因此必須將碎片交給更善於駕馭魔族力量的冉達。{nl}請將碎片轉交給冉達少女。	랑다 마스터에게 수상한 조각에 대한 설명을 들었습니다.{nl}위험한 물건이니 마족의 힘을 다루는 데 더 능숙한 랑다에게 조각을 맡겨야 합니다.{nl}조각을 랑다 소녀에게 전해주세요.				
