QUEST_LV_0500_20190513_000001	Eu preferiria ter alguém para fazer isso,{nl}caso seja algo absolutamente necessário.{nl}Por que tem que ser eu?	누군가는 해야 할 일이면 다른 사람이 했으면 좋겠어요.{nl}왜 저한태 이런 걸 시키는 걸까요.	케도라 상단원 이네타
QUEST_LV_0500_20190513_000002	Os demônios e os monstros ainda estão em grande número...{nl}Pelo menos não precisamos nos preocupar com roubos.{nl}Isso se conseguirmos sair dessa vivos.	몬스터와 마족들이 득실거리니..{nl}적어도 강도를 만날 걱정은 안 해도 되겠어.{nl}살아서 돌아갈 수 있다면 말이지.	케도라 상단원 타다스
QUEST_LV_0500_20190513_000003	Você patrulha alguns dias e tem que fazer um relatório enorme!{nl}Será que podemos fazer algo de concreto nesse estado?	정찰하는 데 며칠, 보고하는 데 또 며칠!{nl}이러면 일은 언제 끝낼 생각인 거지?	바바리안 볼케
QUEST_LV_0500_20190513_000004	Estou aqui para ajudar Tadas.{nl}Não vim pra limpar a bagunça do Wolke.	전 타다스님을 도우러 온 것이지.{nl}볼케님이 사고 치는 걸 처리하러 온 게 아닙니다.	케도라 상단원 니르기
QUEST_LV_0500_20190513_000005	Eu enganei cartas e previni que ele roubasse a Semente da Árvore Divina.{nl}Se eu puder me libertar destes selos, poderia me recuperar por mim mesma.	카르타스의 눈을 속여 신수의 씨앗을 빼앗기지 않았어요.{nl}이 속박을 풀어낸다면 씨앗의 능력으로 힘을 다시 회복할 수 있을 거예요.	여신 메데이나
QUEST_LV_0500_20190513_000006	Por que Kartas iria tão longe a ponto de me manter presa nesta barreira...{nl}Será que conhece de fato as propriedades desta semente...?	카르타스가 이 숲에 거대한 결계를 펼치면서까지 저를 쫓는 이유가 무엇일까요..{nl}정말 이 씨앗의 존재를 알고 있는 걸까요?	여신 메데이나
QUEST_LV_0500_20190513_000007	Vou procurar a senhorita Neringa assim que eu melhorar.{nl}Tenho certeza que ela saberá como resgatar a Mestre Medeina do Kartas.	저는 몸을 추스리는대로 네링가님을 찾아가 보려 해요.{nl}네링가님이라면 분명 카르타스로부터 메데이나님을 구할 방법을 알고 계실 거에요.	큐폴 아스트라
QUEST_LV_0500_20190513_000008	Revelador!{nl}Tem uma barreira maligna ao redor da floresta, o local é perigoso!{nl}Por favor, você precisa sair o quanto antes!	아! 계시자님! 이 숲에는 사악한 결계가 펼쳐져 있어서 들어오시면 위험해요!{nl}어서 벗어나세요!	큐폴 아스트라
QUEST_LV_0500_20190513_000009	Estamos presas dentro da barreira posta pelo Kartas,{nl}sem contar que os poderes da Mestre Medeina não são suficientes para quebrá-la.{nl}Precisamos ajudar a Deusa a recuperar a sua força...	카르타스가 숲 일대에 펼친 결계 때문에 지금 메데이나님의 힘으로는 이곳을 벗어날 수 없어요.{nl}메데이나님이 어서 기운을 차리시고 회복하셔야 할 텐데..	큐폴 일로나
QUEST_LV_0500_20190513_000010	Se o Kartas nos encontrar, estaremos em grande perigo.{nl}Por favor, ajude a Mestre Medeina a se recuperar!	카르타스가 이곳을 발견하면 큰일이에요.{nl}메데이나님이 회복할 수 있도록 계시자님께서 도와주세요.	큐폴 일로나
QUEST_LV_0500_20190513_000011	Fico feliz que a Ilona está a salvo, apesar da barreira.{nl}Revelador, por favor ache um jeito de desativar a barreira.	속박의 결계에 걸리긴 했지만.. 그래도 일로나가 무사해서 다행이에요.{nl}계시자님. 결계를 해제할만한 방법이 있을지 찾아봐 주세요.	큐폴 율리아
QUEST_LV_0500_20190513_000012	Vá cmoa Ilona e encontre a Mestre Medeina!	어서 일로나와 함께 메데이나님을 찾으러 가 봐요.	큐폴 율리아
QUEST_LV_0500_20190513_000013	As pegadas dela terminam aqui.{nl}Devemos olhar dentro deste local?	메데이나님의 흔적이 이 앞에서 끊겼으니 이 안뜰 안쪽을 확인해보는 게 어떨까요?	큐폴 율리아
QUEST_LV_0500_20190513_000014	Ah, estou tão feliz que a Mestre Medeina está bem!{nl}Aquele círculo mágico de teleporte precisa ser destruído...	메데이나님이 무사하셔서 다행이에요!{nl}그보다 메데이나님에게 펼쳐진 마계 이동 마법진을 파훼해야 할텐데..	큐폴 율리아
QUEST_LV_0500_20190513_000015	Revelador, por favor destrua o círculo mágico.{nl}Esta deve ser a nossa única chance, enquanto o Kartas não está.	계시자님! 메데이나님에게 펼쳐진 마계 이동 마법진을 없애주세요.{nl}카르타스가 없는 지금이 기회에요.	큐폴 일로나
QUEST_LV_0500_20190513_000016	A barreira da Mestre Medeina está finalmente desfeita!{nl}Devemos nos apressar agora...	계시자님 덕분에 메데이나님이 결계를 풀어낼 수 있었네요.{nl}어서 이곳을 벗어나야 할 텐데..	큐폴 일로나
QUEST_LV_0500_20190513_000017	Sobrecarregar o segundo círculo mágico funcionou!	보조 마법진에 마력을 과부하 되게 주입하는 게 효과가 있었네요.	큐폴 율리아
QUEST_LV_0500_20190513_000018	Ah... Mestre Medeina...	아.. 저희 때문에 메데이나님이..	큐폴 율리아
QUEST_LV_0500_20190513_000019	Ela...	메데이나님..	큐폴 일로나
QUEST_LV_0500_20190513_000020	Não pude impedir...	제가 너무 늦었어요..	큐폴 아스트라
QUEST_LV_0500_20190513_000021	Apesar da Mestre Medeina ter sido levada pelo Kartas...{nl}A sua ajuda será sempre lembrada, Revelador.{nl}	비록 메데이나님이 카르타스에게 붙잡혀 가셨지만..{nl}저희는 계시자님께서 메데이나님을 찾는 일에 적극적으로 도와주신 것을 기억하고 있어요.{nl}	큐폴 아스트라
QUEST_LV_0500_20200128_000022	等你準備好面對吉特涅時再來找我。{nl}	당신이 길티네에게 맞설 준비가 된다면 그때 저를 다시 찾아오십시오.{nl}	여신 라이마
QUEST_LV_0500_20200128_000023	完全沒料想到會在這裡碰見魔神羅迦娜和魔王巴以卡。	마신 라가나와 마왕 바이가를 여기서 마주칠 거라고는 전혀 예상하지 못했습니다.	여신 아우스테야
QUEST_LV_0500_20200128_000024	和巴以卡談話的時候最好要小心。	바이가와 이야기할 때는 조심하시는 게 좋겠어요.	여신 아우스테야
QUEST_LV_0500_20200128_000025	在你對付啟示者時，我會一個人在這裡找神樹的樹根。	일단은 계시자님이 바이가를 상대하는 동안 저 혼자서라도 이곳에서 신수의 뿌리를 찾아볼게요.	여신 아우스테야
QUEST_LV_0500_20200128_000026	還有，你要小心巴以卡。{nl}不能完全相信他。	그리고 바이가를 조심하세요.{nl}그를 온전히 믿어서는 안 됩니다.	여신 아우스테야
QUEST_LV_0500_20200128_000027	原來你平安無事。{nl}這一帶我都看過了…找不到神樹的樹根。	무사하셨군요.{nl}이 지역을 모두 확인해 봤지만.. 신수의 뿌리는 찾을 수 없었어요.	여신 아우스테야
QUEST_LV_0500_20200128_000028	梅德依那的情況非常危急。{nl}無法想像她這段時間因為卡魯塔斯受到了多大的折磨。	메데이나님의 상태가 많이 위독해요.{nl}그동안 카르타스에게 얼마나 끔찍한 고통을 받았는지 감히 상상도 할 수 없을 것 같아요.	큐폴
QUEST_LV_0500_20200128_000029	絕對無法原諒卡魯塔斯…{nl}一定要讓他得到淒慘的下場。	카르타스를 절대 용서할 수 없어요..{nl}그는 반드시 비참한 최후를 맞이하게 될 겁니다.	큐폴
QUEST_LV_0500_20200128_000030	Defeat the Nuka Warrior, Nuo Assassin	누카 전사, 누오 암살자 처치	
QUEST_LV_0500_20200128_000031	On the request of Receptionist Ramda of the Mercenary Post{nl}defeat the Nuka Warrior and Nuo Assassin in Tvirtumas Fortress.	클라페다 의뢰소의 접수원 람다의 의뢰로{nl}트비르투마스 요새에서 누카 전사, 누오 암살자 처치를 수행해야 합니다.	
QUEST_LV_0500_20200128_000032	Defeat the Akhlass Petal Warrior	아클라스 페탈 전사 처치	
QUEST_LV_0500_20200128_000033	On the request of Receptionist Ramda of the Mercenary Post{nl}defeat the Akhlass Petal Warrior in Tvirtumas Fortress.	클라페다 의뢰소의 접수원 람다의 의뢰로{nl}트비르투마스 요새에서 아클라스 페탈 전사 처치를 수행해야 합니다.	
QUEST_LV_0500_20200128_000034	Defeat the Living Armor	리빙 아머 처치	
QUEST_LV_0500_20200128_000035	On the request of Receptionist Ramda of the Mercenary Post{nl}Defeat the Living Armor in Tvirtumas Fortress.	클라페다 의뢰소의 접수원 람다의 의뢰로{nl}트비르투마스 요새에서 리빙 아머 처치를 수행해야 합니다.	
QUEST_LV_0500_20200128_000036	Defeat the Ilgaranka	일가란카 처치	
QUEST_LV_0500_20200128_000037	On the request of Receptionist Ramda of the Mercenary Post{nl}Defeat the Ilgaranka in Tvirtumas Fortress.	클라페다 의뢰소의 접수원 람다의 의뢰로{nl}트비르투마스 요새에서 일가란카 처치를 수행해야 합니다.	
QUEST_LV_0500_20200128_000038	Defeat the Bloguz Goblin Rider, Necko	블로거즈 고블린 라이더, 넥코 처치	
QUEST_LV_0500_20200128_000039	On the request of Receptionist Ramda of the Mercenary Post{nl}Defeat the Bloguz Goblin Rider and Necko at the Outskirts of Skalda.	클라페다 의뢰소의 접수원 람다의 의뢰로{nl}스칼다 외곽에서 블로거즈 고블린 라이더, 넥코 처치를 수행해야 합니다.	
QUEST_LV_0500_20200128_000040	Grey Wolf	그레이 울프 처치	
QUEST_LV_0500_20200128_000041	On the request of Receptionist Ramda of the Mercenary Post{nl}Defeat the Grey Wolf at the Outskirts of Skalda.	클라페다 의뢰소의 접수원 람다의 의뢰로{nl}스칼다 외곽에서 그레이 울프 처치를 수행해야 합니다.	
QUEST_LV_0500_20200128_000042	Defeat the Bloguz Goblin Archer	블로거즈 고블린 궁수 처치	
QUEST_LV_0500_20200128_000043	On the request of Receptionist Ramda of the Mercenary Post{nl}Defeat the Bloguz Goblin Aarcher at the Outskirts of Skalda.	클라페다 의뢰소의 접수원 람다의 의뢰로{nl}스칼다 외곽에서 블로거즈 고블린 궁수 처치를 수행해야 합니다.	
QUEST_LV_0500_20200128_000044	Defeat the Grey Wolf Chief	그레이 울프 치프 처치	
QUEST_LV_0500_20200128_000045	On the request of Receptionist Ramda of the Mercenary Post{nl}Defeat the Grey Wolf Chief at the Outskirts of Skalda.	클라페다 의뢰소의 접수원 람다의 의뢰로{nl}스칼다 외곽에서 그레이 울프 치프 처치를 수행해야 합니다.	
QUEST_LV_0500_20200128_000046	Defeat the Orc Spearman	오크 살수병 처치	
QUEST_LV_0500_20200128_000047	On the request of Receptionist Ramda of the Mercenary Post{nl}Defeat the Orc Spearman at the Rinksmas Ruins.	클라페다 의뢰소의 접수원 람다의 의뢰로{nl}링크스마스 폐허에서 오크 살수병 처치를 수행해야 합니다.	
QUEST_LV_0500_20200128_000048	Defeat the Orc Shaman	오크 주술사 처치	
QUEST_LV_0500_20200128_000049	On the request of Receptionist Ramda of the Mercenary Post{nl}Defeat the Orc Shaman at the Rinksmas Ruins.	클라페다 의뢰소의 접수원 람다의 의뢰로{nl}링크스마스 폐허에서 오크 주술사 처치를 수행해야 합니다.	
QUEST_LV_0500_20200128_000050	Defeat the Orc Peltast	오크 방패병 처치	
QUEST_LV_0500_20200128_000051	On the request of Receptionist Ramda of the Mercenary Post{nl}Defeat the Orc Peltast at the Rinksmas Ruins.	클라페다 의뢰소의 접수원 람다의 의뢰로{nl}링크스마스 폐허에서 오크 방패병 처치를 수행해야 합니다.	
QUEST_LV_0500_20200128_000052	Defeat the Orc Leader	오크 리더 처치	
QUEST_LV_0500_20200128_000053	On the request of Receptionist Ramda of the Mercenary Post{nl}Defeat the Orc Leader at the Rinksmas Ruins.	클라페다 의뢰소의 접수원 람다의 의뢰로{nl}링크스마스 폐허에서 오크 리더 처치를 수행해야 합니다.	
QUEST_LV_0500_20200128_000054	Defeat the monsters at Rinksmas Ruins	링크스마스 폐허의 몬스터 처치	
QUEST_LV_0500_20200128_000055	On the request of Receptionist Ramda of the Mercenary Post{nl}Defeat monsters at the Rinksmas Ruins.	클라페다 의뢰소의 접수원 람다의 의뢰로{nl}링크스마스 폐허에서 충분한 수의 몬스터 처치를 수행해야 합니다.	
QUEST_LV_0500_20200128_000056	Defeat the Orc Cannoneer	오크 캐논병 처치	
QUEST_LV_0500_20200128_000057	On the request of Receptionist Ramda of the Mercenary Post{nl}Defeat the Orc Cannoneer at the Road of Demise.	클라페다 의뢰소의 접수원 람다의 의뢰로{nl}종언의 길에서 오크 캐논병 처치를 수행해야 합니다.	
QUEST_LV_0500_20200128_000058	Defeat the Orc Flagbearer	오크 깃발병 처치	
QUEST_LV_0500_20200128_000059	On the request of Receptionist Ramda of the Mercenary Post{nl}Defeat the Orc Flagbearer at the Road of Demise.	클라페다 의뢰소의 접수원 람다의 의뢰로{nl}종언의 길에서 오크 깃발병 처치를 수행해야 합니다.	
QUEST_LV_0500_20200128_000060	Defeat the Orc Captain	오크 대장 처치	
QUEST_LV_0500_20200128_000061	On the request of Receptionist Ramda of the Mercenary Post{nl}Defeat the Orc Captain at the Road of Demise.	클라페다 의뢰소의 접수원 람다의 의뢰로{nl}종언의 길에서 오크 대장 처치를 수행해야 합니다.	
QUEST_LV_0500_20200128_000062	Defeat Monsters at the Road of Demise	종언의 길의 몬스터 처치	
QUEST_LV_0500_20200128_000063	On the request of Receptionist Ramda of the Mercenary Post{nl}Defeat the monsters at the Road of Demise.	클라페다 의뢰소의 접수원 람다의 의뢰로{nl}종언의 길에서 충분한 수의 몬스터 처치를 수행해야 합니다.	
QUEST_LV_0500_20200128_000064	On the request of Receptionist Ramda of the Mercenary Post defeat the Nuka Warrior and Nuo Assassin in Tvirtumas Fortress.	클라페다 의뢰소의 접수원 람다의 의뢰로 트비르투마스 요새에서 누카 전사, 누오 암살자 처치를 수행해야 합니다.	
QUEST_LV_0500_20200128_000065	On the request of Receptionist Ramda of the Mercenary Post defeat the Akhlass Petal Warrior in Tvirtumas Fortress.	클라페다 의뢰소의 접수원 람다의 의뢰로 트비르투마스 요새에서 아클라스 페탈 전사 처치를 수행해야 합니다.	
QUEST_LV_0500_20200128_000066	On the request of Receptionist Ramda of the Mercenary Post defeat the Living Armor in Tvirtumas Fortress.	클라페다 의뢰소의 접수원 람다의 의뢰로 트비르투마스 요새에서 리빙 아머 처치를 수행해야 합니다.	
QUEST_LV_0500_20200128_000067	On the request of Receptionist Ramda of the Mercenary Post defeat the Ilgaranka in Tvirtumas Fortress.	클라페다 의뢰소의 접수원 람다의 의뢰로 트비르투마스 요새에서 일가란카 처치를 수행해야 합니다.	
QUEST_LV_0500_20200128_000068	On the request of Receptionist Ramda of the Mercenary Post defeat the Bloguz Goblin Rider and Necko at the Outskirts of Skalda.	클라페다 의뢰소의 접수원 람다의 의뢰로 스칼다 외곽에서 블로거즈 고블린 라이더, 넥코 처치를 수행해야 합니다.	
QUEST_LV_0500_20200128_000069	On the request of Receptionist Ramda of the Mercenary Post defeat the Grey Wolf at the Outskirts of Skalda.	클라페다 의뢰소의 접수원 람다의 의뢰로 스칼다 외곽에서 그레이 울프 처치를 수행해야 합니다.	
QUEST_LV_0500_20200128_000070	On the request of Receptionist Ramda of the Mercenary Post defeat the Bloguz Goblin Archer at the Outskirts of Skalda.	클라페다 의뢰소의 접수원 람다의 의뢰로 스칼다 외곽에서 블로거즈 고블린 궁수 처치를 수행해야 합니다.	
QUEST_LV_0500_20200128_000071	On the request of Receptionist Ramda of the Mercenary Post defeat the Grey Wolf Chief at the Outskirts of Skalda.	클라페다 의뢰소의 접수원 람다의 의뢰로 스칼다 외곽에서 그레이 울프 치프 처치를 수행해야 합니다.	
QUEST_LV_0500_20200128_000072	On the request of Receptionist Ramda of the Mercenary Post defeat the Orc Spearman at the Rinksmas Ruins.	클라페다 의뢰소의 접수원 람다의 의뢰로 링크스마스 폐허에서 오크 살수병 처치를 수행해야 합니다.	
QUEST_LV_0500_20200128_000073	On the request of Receptionist Ramda of the Mercenary Post defeat the Orc Shaman at the Rinksmas Ruins.	클라페다 의뢰소의 접수원 람다의 의뢰로 링크스마스 폐허에서 오크 주술사 처치를 수행해야 합니다.	
QUEST_LV_0500_20200128_000074	On the request of Receptionist Ramda of the Mercenary Post defeat the Orc Peltast at the Rinksmas Ruins.	클라페다 의뢰소의 접수원 람다의 의뢰로 링크스마스 폐허에서 오크 방패병 처치를 수행해야 합니다.	
QUEST_LV_0500_20200128_000075	On the request of Receptionist Ramda of the Mercenary Post defeat the Orc Leader at the Rinksmas Ruins.	클라페다 의뢰소의 접수원 람다의 의뢰로 링크스마스 폐허에서 오크 리더 처치를 수행해야 합니다.	
QUEST_LV_0500_20200128_000076	On the request of Receptionist Ramda of the Mercenary Post defeat monsters at the Rinksmas Ruins.	클라페다 의뢰소의 접수원 람다의 의뢰로 링크스마스 폐허에서 충분한 수의 몬스터 처치를 수행해야 합니다.	
QUEST_LV_0500_20200128_000077	On the request of Receptionist Ramda of the Mercenary Post defeat the Orc Cannoneer at the Road of Demise.	클라페다 의뢰소의 접수원 람다의 의뢰로 종언의 길에서 오크 캐논병 처치를 수행해야 합니다.	
QUEST_LV_0500_20200128_000078	On the request of Receptionist Ramda of the Mercenary Post defeat the Orc Flagbearer at the Road of Demise.	클라페다 의뢰소의 접수원 람다의 의뢰로 종언의 길에서 오크 깃발병 처치를 수행해야 합니다.	
QUEST_LV_0500_20200128_000079	On the request of Receptionist Ramda of the Mercenary Post defeat the Orc Captain at the Road of Demise.	클라페다 의뢰소의 접수원 람다의 의뢰로 종언의 길에서 오크 대장 처치를 수행해야 합니다.	
QUEST_LV_0500_20200128_000080	On the request of Receptionist Ramda of the Mercenary Post defeat the monsters at the Road of Demise.	클라페다 의뢰소의 접수원 람다의 의뢰로 종언의 길에서 충분한 수의 몬스터 처치를 수행해야 합니다.	
QUEST_LV_0500_20200324_000081	Wait, could it be...are you the Revelator?	잠시만요, 혹시 계시자인가요?	세이지 파견원
QUEST_LV_0500_20200324_000082	We are in grave danger.{nl}Ever since Medzio Diena, the dimension started collapsing from time to time.	큰일입니다.{nl}신수의 날 이후로 종종 차원이 붕괴하는 현상이 나타나고 있어요.{nl}	세이지 파견원
QUEST_LV_0500_20200324_000083	The monsters nearby accelerate the collapse.{nl}This will spread to the whole continent if not prevented beforehand.{nl} I need the help of the Revelator as it is a matter beyond my power.{nl} Please, lend me a hand.	더군다나 근처의 몬스터들이 붕괴를 가속하고 있죠.{nl}막지 않으면 차원 붕괴가 대륙 전역으로 번질 거예요.{nl}저 혼자서는 벅찬일이라 계시자들에게 도움을 구하고 있습니다.{nl}이렇게 부탁드립니다.	세이지 파견원
QUEST_LV_0500_20200324_000084	Be careful not to get swept into the dimensional collapse.{nl} It would be wise to approach when you're fully prepared.  	차원 붕괴에 휘말려 아까운 목숨을 잃지 않도록 주의하세요.{nl}준비가 충분하지 않으면 가까이 가지 않는 게 좋습니다.	세이지 파견원
QUEST_LV_0500_20200324_000085	Prevent the dimension from collapsing	차원 붕괴 저지	
QUEST_LV_0500_20200324_000086	That's correct.	계시자가 맞다고 한다.	
QUEST_LV_0500_20200324_000087	Not really.	계시자가 아니라고 한다.	
QUEST_LV_0500_20200324_000088	Talk to the Sage Envoy.	세이지 파견원과 대화하기.	
QUEST_LV_0500_20200324_000089	The Sage Envoy at the Fallen City is providing Revelators something. Talk to the Sage Envoy.	폐도에 위치한 세이지 파견원이 계시자들에게 무언가를 지급하고 있습니다. 세이지 파견원과 대화하세요.	
QUEST_LV_0500_20200723_000090	We are investigating a recent severe cold wave that happened here.{nl}	저희는 여기서 최근에 일어난 한파 현상에 대해 조사하고 있습니다.{nl}	크루세이더 마스터
QUEST_LV_0500_20200723_000091	Three investigations revealed that the demons beneath this cliff were responsible for the severe cold wave.{nl}	세 차례에 걸친 조사로 이 절벽 아래에 있는 마족이 한파의 원인이라는 건 알아냈습니다.{nl}	크루세이더 마스터
QUEST_LV_0500_20200723_000092	Demon's name is..{nl}	마족의 이름은..{nl}	크루세이더 마스터
QUEST_LV_0500_20200723_000093	Glacia.{nl}	글레이시어.{nl}	크루세이더 마스터
QUEST_LV_0500_20200723_000094	It was a demon called Glacia.{nl}We also found a black crystal floating on a special device.{nl}Not sure what it is, but it was condensing strong magical power.{nl}	글레이시어라고 하는 마족입니다.{nl}그리고 특별한 장치 위에 떠 있는 검은 수정도 발견했습니다.{nl}정체가 확실하지는 않지만, 강한 마력을 응축하고 있었습니다.{nl}	크루세이더 마스터
QUEST_LV_0500_20200723_000095	Several attempts were made to defeat Glacia, but they failed to break through the cold wave and the demons.{nl}	몇 차례 글레이시어 토벌을 시도했지만, 한파와 마족의 공세를 뚫는 데 실패했습니다.{nl}	크루세이더 마스터
QUEST_LV_0500_20200723_000096	I heard about the Revelators activities.{nl}Please help defeating the Glacia.	계시자들의 활약상은 들었습니다.{nl}글레이시어  처치를 도와주십시오.	크루세이더 마스터
QUEST_LV_0500_20200723_000097	Well, I'll see you again when you are ready to go down the cliff.	그럼, 절벽 아래로 내려갈 준비를 마친 후 다시 뵙겠습니다.	크루세이더 마스터
QUEST_LV_0500_20200723_000098	If you go down the cliff, it will be hard to ask for additional support.{nl}It won't be easy to break through the cold wave generated by Glacia.{nl}	절벽 아래로 내려간다면, 추가 지원을 요청하기는 힘들 겁니다.{nl}글레이시어가 일으키고 있는 한파를 버젓이 뚫고 가기도 쉽지 않을 겁니다.{nl}	크루세이더 마스터
QUEST_LV_0500_20200723_000099	We will be here to help the Revelator ride the cage and descend safely down the cliff.{nl}	저희는 여기서 계시자님이 철창을 타고 절벽 아래로 무사히 내려갈 수 있도록 돕겠습니다.{nl}	크루세이더 마스터
QUEST_LV_0500_20200723_000100	I am counting on you about the Glacia.	글레이시어를 잘 부탁합니다.	크루세이더 마스터
QUEST_LV_0500_20200723_000101	Revelator.{nl}Would you mind taking a moment?{nl}	계시자님.{nl}잠시 시간 좀 내주시겠습니까?{nl}	크루세이더 파견원
QUEST_LV_0500_20200723_000102	Last time, while researching the bottom of the cliff, I found a few things.{nl}Among them, this red liquid..{nl}It wasn't freezing in the cold, it only had thin ice on it.{nl}	지난 번, 절벽 아래를 조사하는 중에 몇 가지를 발견한 게 있습니다.{nl}그중 이 붉은 액체..{nl}그 추위 속에서 얼지 않고 살얼음만 띄고 있더군요.{nl}	크루세이더 파견원
QUEST_LV_0500_20200723_000103	I collected it since it seemed so peculiar.{nl}If there is anyone you could trust to analyze, I will leave it to you, Revelator.	아무래도 심상치 않아 채취했습니다.{nl}혹시 분석을 맡길 만한 사람이 있다면 계시자님께 맡기겠습니다.	크루세이더 파견원
QUEST_LV_0500_20200723_000104	Thank you.{nl}Please come back to me when the analysis is complete.	감사합니다.{nl}분석이 완료되면 다시 저를 찾아와 주세요.	크루세이더 파견원
QUEST_LV_0500_20200723_000105	Are you saying that you want to analyze the solution? {nl}It's not difficult to do, but I feel ominous about it.	용액을 분석해 달라는 말씀이신가요?{nl}어려운 일은 아니지만, 불길한 짐작이 드는군요.{nl}	플레이그 닥터 마스터
QUEST_LV_0500_20200723_000106	I need a plant to make sure.{nl}I don't care what it is, so can you get me one from nearby?{nl}After all, lengthy plants are growing not far from here.	확실히 하기 위해서는 식물이 필요합니다.{nl}근처에서 어떤 것이든 상관없으니 하나만 구해주시겠습니까?{nl}그러고 보니 마침, 여기서 멀지 않은 쪽에 길게 자란 식물이 있으니 그게 좋겠네요.	플레이그 닥터 마스터
QUEST_LV_0500_20200723_000107	Please come back to me when the analysis is complete.	분석이 완료되면 다시 저를 찾아와 주세요.	크루세이더 파견원
QUEST_LV_0500_20200723_000108	This..{nl}	이건..{nl}	플레이그 닥터 마스터
QUEST_LV_0500_20200723_000109	seems to be Kruvina.{nl}I have heard about it from the rumor.{nl}It's in the form of a liquid, but... It's the first time I actually saw it.{nl}	아무래도 크루비나인 것 같군요.{nl}소문으로 들은 적이 있습니다.{nl}액체의 형태이지만.. 실제로 보는 건 처음이군요.{nl}	플레이그 닥터 마스터
QUEST_LV_0500_20200723_000110	However, there is more blood mixed here.{nl}I think... someone vomited this with blood from their body.{nl}	다만, 여기에는 피가 더 많이 섞여 있습니다.{nl}아무래도.. 누군가의 몸에 있다가 피와 함께 토해낸 거로 생각합니다.{nl}	플레이그 닥터 마스터
QUEST_LV_0500_20200723_000111	For example, It may be the demon Glacia like you said.{nl}	이를테면.. 말씀하신 글레이시어라는 마족이겠네요.{nl}	플레이그 닥터 마스터
QUEST_LV_0500_20200723_000112	It's a bad sign.	안 좋은 징조입니다.	플레이그 닥터 마스터
QUEST_LV_0500_20200723_000113	We ask that you investigate this with responsibility.{nl}Something like this, not only the ordinary demon will desire for it.	이번 일에 대해서 책임을 갖고 조사해주시기를 부탁드립니다.{nl}이런 물건이라면 평범한 마족 정도만 탐낼 물건이 아닐 겁니다.	플레이그 닥터 마스터
QUEST_LV_0500_20200723_000114	You're back.{nl}	오셨습니까?{nl}	크루세이더 파견원
QUEST_LV_0500_20200723_000115	Alright.{nl}We will take care of the process and investigation of this solution. {nl}Thank you very much for your help.	알겠습니다.{nl}이 용액에 대한 처리와 조사는 저희가 맡겠습니다.{nl}도와주셔서 정말 감사합니다.	크루세이더 파견원
QUEST_LV_0500_20200723_000116	Revelator.{nl}I heard of a story about a mysterious woman witnessed among soldiers in a camp on the Stogas Plateau.	계시자님.{nl}스토가스 고원의 야영지에 주둔한 병사 중에서 의문의 여인에 대한 목격담을 이야기했다는 소식을 들었습니다.	크루세이더 파견원
QUEST_LV_0500_20200723_000117	I received orders to maintain my current position. {nl}As the investigation wasn't reported to the Master, I don't think I can move.{nl}Could you meet the camp soldiers instead of me?	저는 현 위치를 유지하라는 명령을 받았습니다.{nl}아무래도 마스터님에게는 보고하지 않은 조사라 제가 움직이기는 힘들 것 같습니다.{nl}저를 대신해 야영지의 병사들을 만나봐 주실 수 있으실까요?	크루세이더 파견원
QUEST_LV_0500_20200723_000118	Thank you for your help.{nl}If you look for Stogas Commanding Officer Ades in the camp, you'll be able to save your effort.	도와주셔서 정말 감사합니다.{nl}야영지에 있는 스토가스 분대장 아데스라는 사람을 찾아보시면 수고를 줄이실 수 있으실 겁니다.	크루세이더 파견원
QUEST_LV_0500_20200723_000119	Did you come after hearing an eyewitness about a mysterious woman?	의문의 여인에 대한 목격담을 듣고 오셨다고요?	스토가스 분대장 아데스
QUEST_LV_0500_20200723_000120	I totally remember.{nl}Strange thing was, she was crying for help but she seemed to be ignoring us when we tried to help her.{nl}Also, she muttered that no one was helping her.{nl}She seemed like she was out of her mind.	분명히 기억하고 있어요.{nl}이상했던 게, 누구든지 자신을 도와달라며 울면서도 도와주려는 저희를 무시하는 듯했었죠.{nl}그러면서 아무도 자신을 돕지 않는다며 중얼거리기도 했습니다.{nl}제정신 같지가 않았어요.	스토가스 분대장 아데스
QUEST_LV_0500_20200723_000121	If it's hard to understand, ask Mortimer.{nl}He was the one who found her.	이해하기 힘드시다면, 고원병사 모티머에게 물어보시면 됩니다.{nl}그 여인을 발견했던 게 바로 모티머였습니다.	스토가스 분대장 아데스
QUEST_LV_0500_20200723_000122	If you look for Stogas Commanding Officer Ades in the camp, you'll be able to save your effort.	야영지에 있는 스토가스 분대장 아데스라는 사람을 찾아보시면 수고를 줄이실 수 있으실 겁니다.	크루세이더 파견원
QUEST_LV_0500_20200723_000123	Yes? What is it?{nl}	무슨 일이시죠?	고원병사 모티머
QUEST_LV_0500_20200723_000124	Ask Soldier Motimer about the woman.{nl} He was the one who found her.	여인에 대해서라면 고원병사 모티머에게 물어보시면 됩니다.{nl}그 여인을 발견했던 게 바로 모티머였습니다.	스토가스 분대장 아데스
QUEST_LV_0500_20200723_000125	Your asking about the woman.	여인에 대해서 여쭤보시는 거군요.	고원병사 모티머
QUEST_LV_0500_20200723_000126	Oh, but it's not a good time.{nl}I am in a hurry.{nl}While I'm finishing my job, you might look at the road to the Gehima Empty Lot.{nl}It was around there, where I first found the woman.	아, 하지만 지금은 곤란합니다.{nl}서둘러 처리할 일이 있어서요.{nl}제가 일을 마무리하는 동안 게히마 공터로 가는 길목을 살펴보시는 게 좋을 겁니다.{nl}그 여인을 처음 발견했던 게 그 근처였습니다.	고원병사 모티머
QUEST_LV_0500_20200723_000127	I'll get the work done in a hurry, so please check out the roads of the Gehima Empty Lot first.	그럼, 서둘러 일을 마무리할 테니 게히마 공터의 길목을 먼저 조사해 보십시오.	고원병사 모티머
QUEST_LV_0500_20200723_000128	I'll get the work done in a hurry, so check out the roads of the Gehima Empty Lot first. 	저는 서둘러 일을 마무리할 테니 게히마 공터의 길목을 먼저 조사해 보십시오.	고원병사 모티머
QUEST_LV_0500_20200723_000129	I was looking for you, Revelator.	마침 계시자님을 찾던 중이었습니다.	고원병사 모티머
QUEST_LV_0500_20200723_000130	That shackle..{nl}It is the shackle from the woman.	그 족쇄는..{nl}그 여인의 발목에 채워져 있던 족쇄군요.	고원병사 모티머
QUEST_LV_0500_20200723_000131	She was staring at the air and asked for help as if she couldn't see or hear us at all.{nl}I was trying to help, but I couldn't.{nl}She moved toward Second Almol Work Place muttering that no one was helping her.	그 여인은 마치 저희가 전혀 보이지도 들리지도 않는 것처럼 허공을 응시하며 도와달라고만 했습니다.{nl}제가 어떻게든 도우려고 했지만, 그럴 수도 없을 지경이었죠.{nl}여인은 아무도 자신을 돕지 않는다며 중얼거리면서 알몰 제2 노역장 방향으로 갔습니다.	고원병사 모티머
QUEST_LV_0500_20200723_000132	It seemed difficult to survive on this location.{nl}Come to think of it, her eyes staring in the air were strange.{nl} I think there weren't any black parts of the pupil.{nl} Taking steps seemed to be difficult for her, so breaking the shackle was all I could do.	이런 지형에서 살아남기도 힘들어 보이는 상태였죠.{nl}그러고 보니 허공을 응시하고 있던 눈동자가 이상했습니다.{nl}검은자가.. 없었던 것 같습니다.{nl}걷는 것이 힘들어 보여 족쇄를 끊어 주는 것만이 제가 할 수 있는 전부였습니다.	고원병사 모티머
QUEST_LV_0500_20200723_000133	You're here.{nl}Have you finished the investigation about the woman witnessed at the camp?	오셨군요.{nl}야영지에서 발견된 여인의 목격담에 대해 조사를 마치셨습니까?	크루세이더 파견원
QUEST_LV_0500_20200723_000134	So that's what happened.{nl}It is very likely that she has come up to this place and fell down the cliff.{nl}She may not be safe for sure.	그렇게 된 것이군요.{nl}이곳까지 와서 절벽 아래로 떨어졌을 가능성이 높습니다.{nl}당연히 무사하진 못 했겠군요.	크루세이더 파견원
QUEST_LV_0500_20200723_000135	Kruvina Liquid was on the fallen object means...that the woman must be the Glacia.	떨어져 있던 물품에 크루비나 용액이 묻어 있었다는 말은.. 그 여인이 곧, 글레이시어겠군요.	크루세이더 파견원
QUEST_LV_0500_20200723_000136	Based on what the Revelator has investigated and what we've been investigating, it seems that Glacia was harmed by a larger being.{nl}There must be a demon behind this that harmed her.	계시자님께서 조사해주신 내용과 저희가 그동안 조사한 내용을 토대로 추측해봤을 때, 글레이시어는 더 큰 존재에게 해를 입었을 것으로 생각됩니다.{nl}아무래도 그녀의 정신을 해치고 마족화시킨 배후가 있겠군요.	크루세이더 파견원
QUEST_LV_0500_20200723_000137	Revelator.{nl}I think it's time to go down the cliff.{nl}Tell me whatever you find at the White Witch's Forest.	계시자님.{nl}이제는 저 절벽 아래로 내려가봐야 할 때인 것 같습니다.{nl}하얀 마녀의 숲에서 무엇이든지 발견하신다면 저에게 알려주시길 부탁드립니다.	크루세이더 파견원
QUEST_LV_0500_20200723_000138	Glacia might have become this state after she fell off the cliff.{nl} Tell me whatever you find at the White Witch's Forest.	글레이시어는 절벽 아래로 떨어진 이후 지금에 이르렀을 겁니다.{nl}하얀 마녀의 숲에서 무엇이든지 발견하신다면, 저에게 알려주시길 부탁드립니다.	크루세이더 파견원
QUEST_LV_0500_20200723_000139	Revelator for now..	계시자님 지금은..	크루세이더 파견원
QUEST_LV_0500_20200723_000140	Stop, please.	멈춰주십시오.	크루세이더 마스터
QUEST_LV_0500_20200723_000141	Revelator.{nl} I need to tell you something.	계시자님.{nl}드릴 말씀이 있습니다.	크루세이더 마스터
QUEST_LV_0500_20200723_000142	I am the commander here.{nl}Please refrain from any unauthorized investigation activities.{nl}Even if you are a revelator, you will be at a disadvantage if you break the laws of the Kingdom.	이곳의 지휘를 담당하고 있는 것은 바로 저입니다.{nl}허가되지 않은 조사 활동은 삼가 주십시오.{nl}아무리 계시자님이라고 하셔도, 왕국의 법을 어기신다면 불리한 입장에 처하시게 될 겁니다.	크루세이더 마스터
QUEST_LV_0500_20200723_000143	I would like to say my sincere appreciation for the dedication of the Revelator who cooperated with the investigation.{nl}However, if any enemy is a threat to the new world, he must be punished.{nl}That's the only duty for the Crusader.	조사에 협조해주신 계시자님의 헌신에 대해서는 분명한 감사를 표하겠습니다.{nl}다만, 적이 누구든지 신수에 위협이 될 존재라면 마땅히 처단해야 합니다.{nl}크루세이더가 가진 의무는 그것뿐입니다.	크루세이더 마스터
QUEST_LV_0500_20200723_000144	Please refrain from arbitrary investigation from now on.	앞으로는 독단적인 조사는 지양해주십시오.	크루세이더 마스터
QUEST_LV_0500_20200723_000145	We are investigating the abnormal severe cold wave coming from the Nubarsk Cliff.{nl}However, we are having difficulties due to insufficient manpower.{nl}If you are okay, can you help me?	누바스크 절벽에서 발생하고 있는 이상 한파 현상에 대해 조사하고 있습니다.{nl}하지만, 인력이 부족한 탓에 어려움을 겪고 있습니다.{nl}괜찮으시다면 도와주실 수 있으십니까?	크루세이더 파견원
QUEST_LV_0500_20200723_000146	Thank you.{nl} Let's go to the Nubarsk Cliff.	감사합니다.{nl}누바스크 절벽으로 가시죠.	크루세이더 파견원
QUEST_LV_0500_20200723_000147	Abnormal severe cold wave is coming from Nubarsk Cliff.	이상 한파는 누바스크 절벽에서 발생하고 있습니다.	크루세이더 파견원
QUEST_LV_0500_20200723_000148	Thank you for helping the investigation.{nl}If enough evidence is gathered, I will take it to the kingdom and prepare for plans.{nl}I'm worried about the lack of manpower all the time.	조사를 도와주셔서 감사합니다.{nl}충분한 증거가 모이면 왕국에 가져가 대책을 마련할 생각입니다.{nl}항상 인력이 부족해서 고민이군요..	크루세이더 파견원
QUEST_LV_0500_20200723_000149	I can't help you.	도울 수 없다고 한다.	
QUEST_LV_0500_20200723_000150	White Witch and the Crusader(1)	하얀 마녀와 크루세이더(1)	
QUEST_LV_0500_20200723_000151	我去去就回來。	다녀오겠다고 한다.	
QUEST_LV_0500_20200723_000152	I am busy with other things right now.	지금은 다른 일 때문에 바쁘다고 한다.	
QUEST_LV_0500_20200723_000153	White Witch and the Crusader(2)	하얀 마녀와 크루세이더(2)	
QUEST_LV_0500_20200723_000154	I'll do my best on this task.	이번 일에 최선을 다하겠다고 한다.	
QUEST_LV_0500_20200723_000155	I want to quit.	이쯤에서 그만두고 싶다고 한다.	
QUEST_LV_0500_20200723_000156	White Witch and the Crusader(3)	하얀 마녀와 크루세이더(3)	
QUEST_LV_0500_20200723_000157	I don't want to be involved anymore.	더 관여하고 싶지 않다고 말한다.	
QUEST_LV_0500_20200723_000158	White Witch and the Crusader(4)	하얀 마녀와 크루세이더(4)	
QUEST_LV_0500_20200723_000159	I am not interested.	관심이 없다고 한다.	
QUEST_LV_0500_20200723_000160	White Witch and the Crusader(5)	하얀 마녀와 크루세이더(5)	
QUEST_LV_0500_20200723_000161	Share the result of the investigation.	조사 결과를 전한다.	
QUEST_LV_0500_20200723_000162	The investigation is not finished yet.	아직 조사가 끝나지 않았다고 한다.	
QUEST_LV_0500_20200723_000163	White Witch and the Crusader(6)	하얀 마녀와 크루세이더(6)	
QUEST_LV_0500_20200723_000164	I have other things to do.	지금은 다른 일이 있다고 한다.	
QUEST_LV_0500_20200723_000165	White Witch and the Crusader(7)	하얀 마녀와 크루세이더(7)	
QUEST_LV_0500_20200723_000166	Show the letter.	편지를 보여준다.	
QUEST_LV_0500_20200723_000167	Pretend not to know.	시치미를 뗀다.	
QUEST_LV_0500_20200723_000168	Abnormal Severe Cold Wave of Stogas Plateau 	스토가스 고원의 이상 한파	
QUEST_LV_0500_20200723_000169	Help with the investigation.	조사에 도움을 준다.	
QUEST_LV_0500_20200723_000170	Don't help with the investigation.	조사를 돕지 않는다.	
QUEST_LV_0500_20200723_000171	Talk to Crusader Master	크루세이더 마스터와 대화하기	
QUEST_LV_0500_20200723_000172	The Crusaders Master, who was in charge of investigations in the Stogas Plateau, is asking for help from the Revelators.{nl}Go to Zofija Eleonora, Crusader Master of Stogas Plateau and listen to the story.	스토가스 고원 지대에서 조사 임무를 맡던 크루세이더 마스터가 계시자들에게 도움을 요청하고 있습니다.{nl}스토가스 고원의 크루세이더 마스터 조피아 엘레노라를 찾아가 이야기를 들어보세요.	
QUEST_LV_0500_20200723_000173	Get ready and go back to Crusader Master	준비를 마치고 크루세이더 마스터에게 돌아가기	
QUEST_LV_0500_20200723_000174	It is said that Zofija had asked the Revelators for help in defeating the Glacia under the cliff.{nl}If you're ready to go down the cliff,  Return to Zofija and tell about it.	조피아는 절벽 아래에 있는 글레이시어를 처치하기 위해 계시자들에게 도움을 요청했다고 합니다.{nl}절벽 아래로 내려 갈 준비를 마쳤다면 조피아에게 돌아가 이야기하세요.	
QUEST_LV_0500_20200723_000175	White Witch and the Crusader	하얀 마녀와 크루세이더	
QUEST_LV_0500_20200723_000176	Talk to Crusader Envoy	크루세이더 파견원과 대화하기.	
QUEST_LV_0500_20200723_000177	The Crusader Envoy seems to have something to tell you.{nl}Talk to the Crusader Envoy.	크루세이더 파견원이 당신에게 할 말이 있는 듯 합니다.{nl}크루세이더 파견원과 이야기를 나눠 보세요.	
QUEST_LV_0500_20200723_000178	Collect Plants.	식물을 채집하기.	
QUEST_LV_0500_20200723_000179	The Crusader instructed an investigation about the objects found during the exploration of the White Witch's Forest.{nl}Go to Plague Doctor Master and ask for an analysis of Red Liquid with Thin Ice.	크루세이더 파견원은 하얀 마녀의 숲을 탐사 중 발견한 물건에 대해 조사를 맡겼습니다.{nl}플레이그 닥터 마스터에게 찾아가 살얼음 띈 붉은 액체의 분석을 의뢰하세요.	
QUEST_LV_0500_20200723_000180	Return to Plague Doctor Master	플레이그 닥터 마스터에게 돌아가기.	
QUEST_LV_0500_20200723_000181	You have acquired the plant Plague Doctor Master asked for.{nl}Return to Plague Doctor Master and hand over the plant to finish analysis of the solution.	플레이그 닥터 마스터가 말한 식물을 구했습니다.{nl}플레이그 닥터 마스터에게 돌아가 의뢰를 용액 분석을 마무리할 수 있도록 식물을 전해주세요.	
QUEST_LV_0500_20200723_000182	Receive the result of investigation from Plague Doctor Master	플레이그 닥터 마스터에게 조사 결과를 받기	
QUEST_LV_0500_20200723_000183	Talk to the Plague Doctor again.	플레이그 닥터와 다시 이야기 하기.	
QUEST_LV_0500_20200723_000184	The Plague Doctor Master expressed concern that the identity of the solution was Kruvina's Liquid.{nl}He seems to have something to request, so talk to the Plague Doctor Master again.	플레이그 닥터 마스터는 용액의 정체가 크루비나 용액이라는 사실을 알고 우려를 표했습니다.{nl}그가 당부할 것이 있는 것 같으니 다시 플레이그 닥터 마스터와 대화하세요.	
QUEST_LV_0500_20200723_000185	Return to Crusader Envoy.	크루세이더 파견원에게 돌아가기.	
QUEST_LV_0500_20200723_000186	Finished analysis of the solution.{nl}Return to Crusader Envoy and return the Kruvina Liquid.	용액의 분석 의뢰를 완료했습니다.{nl}크루세이더 파견원에게 돌아가 크루비나 용액을 돌려주세요.	
QUEST_LV_0500_20200723_000187	Crusader Envoy said they would take up further investigations of the Kruvina Liquid.{nl}Talk to the Envoy again to ask if there is anything to help.	크루세이더 파견원은 크루비나 용액에 대한 이후 조사는 자신들이 맡겠다고 했습니다.{nl}파견원과 다시 이야기해서 도울 일이 있는지 물어보세요.	
QUEST_LV_0500_20200723_000188	Stogas Commanding Officer Ades	스토가스 분대장 아데스 찾아가기.	
QUEST_LV_0500_20200723_000189	The Crusader Envoy says there is a place where a figure suspected to be Glacia has been spotted.{nl}Go to Stogas Commanding Officer Ades at Stogas Plateau camping ground and listen to him.	크루세이더 파견원은 글레이시어로 추정되는 인물이 목격된 장소가 있다고 합니다.{nl}스토가스 고원의 야영지 지역에 있는 스토가스 분대장 아데스를 찾아가 관련된 이야기를 들어보세요.	
QUEST_LV_0500_20200723_000190	Go to Soldier Motimer.	고원병사 모티머 찾아가기.	
QUEST_LV_0500_20200723_000191	I heard the story of a woman who is suspected to be a Glacia from Ades.{nl}Go to Soldier Motimer for more details.{nl} 	아데스로부터 글레이시어로 추정되는 여인의 이야기를 들었습니다.{nl}자세한 이야기를 듣기 위해 고원병사 모티머를 찾아세요.{nl}	
QUEST_LV_0500_20200723_000192	Talk to Soldier Motimer.	고원병사 모티머와 대화하기.	
QUEST_LV_0500_20200723_000193	Listen to Soldier Motimer about a story of a woman who is suspected to be a Glacia.	고원병사 모티머에게 글레이시어로 추정되는 여인에 대한 이야기를 들으세요.	
QUEST_LV_0500_20200723_000194	Investigate incident place.	사건 장소 조사하기.	
QUEST_LV_0500_20200723_000195	Investigate the place where the woman was found while Soldier Motimer completes his task.	고원병사 모티머가 자신의 일을 마무리하는 동안 여인이 발견되었던 장소를 조사해 보세요.	
QUEST_LV_0500_20200723_000196	Return to Soldier Motimer.	고원병사 모티머에게 돌아가기.	
QUEST_LV_0500_20200723_000197	I found the Krubina Liquid at the scene of the incident, and I was able to find the shackle from the monsters.{nl}Go back to Soldier Motimer and show the results of the investigation and ask about the circumstances of the incident.	사건 현장에서 크루비나 용액을 발견했고, 몬스터로 부터 족쇄를 찾을 수 있었습니다.{nl}고원병사 모티머에게 돌아가 조사 결과를 보여주고 사건의 경위에 대해 물어보세요.	
QUEST_LV_0500_20200723_000198	Retrieve Lost Objects	유실된 물건 회수	
QUEST_LV_0500_20200723_000199	Hand over worn out shackle to Crusader Envoy	크루세이더 파견원에게 닳고 닳은 족쇄 전해주기.	
QUEST_LV_0500_20200723_000200	Finished investigation from the camping ground.{nl}Return to Crusader Envoy and tell the result of the investigation.	야영지에서의 조사를 끝냈습니다.{nl}크루세이더 파견원에게 돌아가 조사 결과를 알려주세요.	
QUEST_LV_0500_20200723_000201	Talk to the Crusader Envoy to continue the investigation.	조사를 지속하기 위해 크루세이더 파견원과 이야기를 나누세요.	
QUEST_LV_0500_20200723_000202	Conduct an investigation in the White Witch's Forest.	하얀 마녀의 숲에서 조사를 진행하기.	
QUEST_LV_0500_20200723_000203	The Crusader Envoy guessed that there would be someone behind this.{nl}Investigate the Glacia's traces in the White Witch's Forest.	크루세이더 파견원은 이 일의 배후가 있을 것임을 짐작했습니다.{nl}하얀 마녀의 숲에서 글레이시어의 흔적을 조사하세요.	
QUEST_LV_0500_20200723_000204	Deliver bunch of letters to Crusader Envoy.	크루세이더 파견원에게 편지 뭉치를 전달하기.	
QUEST_LV_0500_20200723_000205	Bring the Crusader Envoy items from the White Witch's Forest.	크루세이더 파견원에게 하얀 마녀의 숲에서 발견한 것들을 가져다주세요.	
QUEST_LV_0500_20200723_000206	Talk to Crusader Master	크루세이더 마스터와 대화하기.	
QUEST_LV_0500_20200723_000207	Crusader Master Zofija Eleanora seems to have something to say. {nl}Talk to her.	크루세이더 마스터 조피아 엘레노라가 할말이 있는 듯 합니다.{nl}그녀와 대화하세요.	
QUEST_LV_0500_20200723_000208	Find Crusader Envoy.	크루세이더 파견원을 찾아가기.	
QUEST_LV_0500_20200723_000209	Find Crusader Envoy who is investigating the abnormal severe cold wave of Stogas Plateau.	스토가스 고원의 이상 한파를 조사하고 있는 크루세이더 파견원에게 찾아가세요.	
QUEST_LV_0500_20200723_000210	Investigate the abnormal severe cold wave coming from Nubarsk Cliff.	누바스크 절벽에서 나타나는 이상 한파에 대해 조사하기.	
QUEST_LV_0500_20200723_000211	Investigate the abnormal severe cold wave coming from Nubarsk Cliff and tell about it to Crusader Envoy.	누바스크 절벽에서 이상 한파 현상에 대해 조사하고 결과를 크루세이더 파견원에게 들려주세요.	
QUEST_LV_0500_20200723_000212	Tell Crusader Envoy about the investigation result of abnormal severe cold wave.	이상 한파에 대한 조사 결과를 크루세이더 파견원에게 알려주세요.	
QUEST_LV_0500_20200902_000213	You came.{nl}I asked you for cooperation.	오셨습니까?{nl}협조를 부탁드리려고 계시자님을 불렀습니다.	크루세이더 마스터
QUEST_LV_0500_20200902_000214	Since you have investigated about the Glacia, I think you are the one who knows the best about the truth.{nl}Will you cooperate with the investigation?	글레이시어에 대한 조사를 진행하신 적이 있으시니, 아무래도 계시자님만큼 이 사건의 진상에 가까이 다가간 사람은 없을 거로 생각합니다.{nl}조사에 협조해 주실 수 있으십니까?	크루세이더 마스터
QUEST_LV_0500_20200902_000215	Thank you for your cooperation.{nl}The thing I gave you is the accessory from the Glacia's Cloth.{nl}We need to investigate how the Glacia could have survived from the demon and be here.	협조에 감사드립니다.{nl}계시자님께 드린 물건은 글레이시어의 옷에서 떨어져 나온 장신구입니다.{nl}글레이시어가 어떻게 이곳까지 마족으로부터 목숨을 지킬 수 있었는지 알아볼 필요가 있습니다.	크루세이더 마스터
QUEST_LV_0500_20200902_000216	Please show that accessory to the demon and see how they react.	그 장신구를 마족에게 보여주고 반응을 살펴봐 주십시오.	크루세이더 마스터
QUEST_LV_0500_20200902_000217	Thank you for your cooperation.{nl}Show shining marvel to the demon and see how they react.	협조에 감사드립니다.{nl}반짝이는 구슬을 마족에게 보여주고 반응을 살펴봐 주십시오.	크루세이더 마스터
QUEST_LV_0500_20200902_000218	You are back.	돌아오셨습니까?	크루세이더 마스터
QUEST_LV_0500_20200902_000219	The demons were frightened away?{nl}It is true that the Glacia is a strong demon.. She might have been a human when she was passing here.	마족이 겁에 질려 도망갔다고요?{nl}글레이시어가 강력한 마족인 건 사실이지만.. 그녀가 여기를 지날 때는 아직 인간이었을 때입니다.	크루세이더 마스터
QUEST_LV_0500_20200902_000220	Then.. Maybe more than the Glacia might be related to this case.	그렇다면.. 글레이시어 이상의 다른 마족이 이 사건과 연관되어 있을 가능성이 크군요.	크루세이더 마스터
QUEST_LV_0500_20200902_000221	Our last Envoy said that he have seen Suspicious Piece with Kruvina Liquid on near the root on the rock.{nl}We haven't touched a thing to preserve the scene.	지난번 저희 파견원이 암벽에 있는 나무뿌리 근처에서 크루비나 용액이 묻은 수상한 조각을 봤다고 하더군요.{nl}현장 보존을 위해 건들지는 않았습니다.	크루세이더 마스터
QUEST_LV_0500_20200902_000222	I'll investigate for the piece, so please look for the Suspicious Piece and prepare for the investigation.	제가 직접 그 조각을 조사할 테니 계시자님 께서는 수상한 조각을 찾아 조사를 준비해 주세요.	크루세이더 마스터
QUEST_LV_0500_20200902_000223	Go down the stairs to the left, and keep going, the Suspicious Piece is between the rock wall and the tree roots.{nl}Revelator, please go first and prepare for the investigation.	수상한 조각은 왼쪽 계단 아래로 내려가, 그대로 가시다 보면 암벽과 나무뿌리 사이에 있습니다.{nl}계시자님께서 먼저 가서 조사를 준비해주십시오.	크루세이더 마스터
QUEST_LV_0500_20200902_000224	How should I tell...{nl}To start with the conclusion..	어떻게 말씀을 드려야 할지..{nl}결론부터 말씀드리자면..	크루세이더 마스터
QUEST_LV_0500_20200902_000225	This piece has the power of demons over long years{nl}This is more of a power I have ever encountered.{nl}Maybe the Glacia is...	이 조각에는 오랜 시간에 걸쳐 마족의 힘이 배어있습니다.{nl}제가 마주쳤던 그 어떤 마족보다도 더욱 강한 힘이군요.{nl}어쩌면 글레이시어는..	크루세이더 마스터
QUEST_LV_0500_20200902_000226	Would you believe that Glacia is no matter anymore compared to the master of power?	이 힘의 주인에 비하면 글레이시어는 큰 걱정거리가 아닌 수준이라면 믿으시겠습니까?	크루세이더 마스터
QUEST_LV_0500_20200902_000227	Investigation is in fast progress thanks to the Revelator's cooperation.	계시자님의 협조 덕분에 조사가 빠르게 진척되고 있습니다.	크루세이더 마스터
QUEST_LV_0500_20200902_000228	Inconveniently.. We need more convincing evidence to prove who or what is behind Glacia.	번거롭게도.. 글레이시어의 배후를 증명해내기 위해서는 더 확실한 증거가 필요합니다.	크루세이더 마스터
QUEST_LV_0500_20200902_000229	Did you say that the place where you found Glacier's letter last time was under the cliff?{nl}I would like you to go there and check again to see if there is any evidence that I missed at that time.	지난번 글레이시어의 편지를 발견한 곳이 절벽 아래라고 하셨죠?{nl}그곳에 가서 그때 놓친 증거가 없는 지, 다시 확인해주셨으면 합니다.	크루세이더 마스터
QUEST_LV_0500_20200902_000230	Please investigate the White Witch's Forest.	하얀 마녀의 숲을 조사해주시길 바랍니다.	크루세이더 마스터
QUEST_LV_0500_20200902_000231	Instruction is definitely proof.{nl}It even has the name of Glacia.	지령서라면 확실한 증거입니다.{nl}글레이시어의 이름까지 적혀있군요.	크루세이더 마스터
QUEST_LV_0500_20200902_000232	But how come is it written in the language of humans? The power felt from the piece was definitely the power of the demon.	그렇지만 어째서 인간의 언어로 적혀있을까요?{nl}조각에서 느꼈던 힘은 마족의 힘이 분명했습니다.	크루세이더 마스터
QUEST_LV_0500_20200902_000233	It wants to speak of its presence.	우리에게 자신의 존재를 알리고 싶어 하는군요.	크루세이더 마스터
QUEST_LV_0500_20200902_000234	Now the proof that someone is behind is for sure.{nl}Revelator, while you were down the cliff, I have requested fora cooperation to the Kingdom.	배후가 있다는 증거는 확실해졌습니다.{nl}계시자님께서 절벽 아래로 내려가 있는 동안, 저는 조각을 조사하기 위해 왕국에 협조를 요청했습니다.	크루세이더 마스터
QUEST_LV_0500_20200902_000235	It is said that there is a person in the kingdom who knows best when it comes to the power of the demons. {nl}Please give the Rangda master Uolios Wahid the pieces.{nl}Undesirable.. but it is an order from the Kingdom.	왕국에서는 마족의 힘이라면 가장 잘 알만한 사람이 있다고 하더군요.{nl}랑다 마스터인 우올리오스 와히드에게 조각을 전해주십시오.{nl}탐탁지는 않지만.. 왕국의 명령입니다.	크루세이더 마스터
QUEST_LV_0500_20200902_000236	We're counting on you.{nl}If you pass that piece, there is no more thing left that you need to help.	그럼 부탁드립니다.{nl}그 조각만 전해주신다면 계시자님께서 도와주실 일은 더 없습니다.	크루세이더 마스터
QUEST_LV_0500_20200902_000237	Revelator, thank you for your help.	계시자님, 도와주셔서 감사했습니다.	크루세이더 마스터
QUEST_LV_0500_20200902_000238	Glacia Casimila.{nl}It's Glacia's human name.	글레이시어 카시밀라.{nl}글레이시어가 인간이었을 때의 이름입니다.	크루세이더 마스터
QUEST_LV_0500_20200902_000239	You came.{nl}Already heard about the story.	오셨군요.{nl}이야기는 미리 들었습니다.	랑다 마스터
QUEST_LV_0500_20200902_000240	Strong energy.{nl}Had it not been for the Crusader Master's action, it would not have been strange if you fell down on your way to this place.	강한 기운이군요.{nl}크루세이더 마스터님의 조치가 없었더라면, 이곳에 오는 중에 쓰러지셨어도 이상하지 않았을 겁니다.	랑다 마스터
QUEST_LV_0500_20200902_000241	The owner of this power is the name of the land, given by the name of the Beholder.{nl}I will tell you more than this later if I have a chance.{nl}We'll take care of this piece.{nl}Will you hand it over to the girl next to you?	이 힘의 주인은 이 땅의 명칭으로 주시자라는 이름의 존재군요.{nl}이 이상의 이야기는 나중에 기회가 된다면 말씀드리죠.{nl}이 조각은 저희가 관리하겠습니다.{nl}저 옆의 소녀에게 주시겠습니까?	랑다 마스터
QUEST_LV_0500_20200902_000242	Rangda Girl	랑다 소녀	
QUEST_LV_0500_20200902_000243	Treat her well, she is a kid.	어린 아이이니 조심히 대해주세요.	랑다 마스터
QUEST_LV_0500_20200902_000244	Be careful not to lose your life getting involved in Dimensional Collapse and Division Singularity.{nl}Especially, behave carefully in the Division Singularity. It is an extremely dangerous place.	차원 붕괴와 분열 특이점에 휘말려 아까운 목숨을 잃지 않도록 주의하세요.{nl}특히 분열 특이점에서는 행동을 주의하세요. 무척 위험한 장소입니다.	QUEST_LV_0500_20200324_000084	Be careful not to get swept into the dimensional collapse.{nl} It would be wise to approach when you're fully prepared.  	차원 붕괴에 휘말려 아까운 목숨을 잃지 않도록 주의하세요.{nl}준비가 충분하지 않으면 가까이 가지 않는 게 좋습니다.	세이지 파견원
QUEST_LV_0500_20200902_000245	If you're not ready enough, don't get any closer. Be ready thoroughly before approaching.	준비가 충분하지 않으면 가까이 가지 않는 게 좋습니다. 철저한 준비를 하시고 접근하시기 바랍니다. 	세이지 파견원
QUEST_LV_0500_20200902_000246	White Witch and the Crusader(8)	하얀 마녀와 크루세이더(8)	
QUEST_LV_0500_20200902_000247	Cooperate with the investigation.	조사에 협조한다.	
QUEST_LV_0500_20200902_000248	Won't cooperate with the investigation.	협조하고 싶지 않다.	
QUEST_LV_0500_20200902_000249	White Witch and the Crusader(9)	하얀 마녀와 크루세이더(9)	
QUEST_LV_0500_20200902_000250	I'd be prepared.	준비해 두겠다고 한다.	
QUEST_LV_0500_20200902_000251	Tell him to go there later	나중에 가자고 한다.	
QUEST_LV_0500_20200902_000252	White Witch and the Crusader(10)	하얀 마녀와 크루세이더(10)	
QUEST_LV_0500_20200902_000253	That's too difficult to do now.	지금은 어렵다고 한다.	
QUEST_LV_0500_20200902_000254	White Witch and the Crusader(11)	하얀 마녀와 크루세이더(11)	
QUEST_LV_0500_20200902_000255	I will pass it.	전해주겠다고 말한다.	
QUEST_LV_0500_20200902_000256	I can't help you.	도울수 없다고 한다.	
QUEST_LV_0500_20200902_000257	White Witch and the Crusader(12)	하얀 마녀와 크루세이더(12)	
QUEST_LV_0500_20200902_000258	I don't want to be involved anymore.	더 이상 관여하고 싶지 않다고 한다.	
QUEST_LV_0500_20200902_000259	Find Crusader Master.	크루세이더 마스터를 찾아가기.	
QUEST_LV_0500_20200902_000260	Crusader Master seems to have something to say to you.{nl}Go to her and ask her what's wrong.	크루세이더 마스터가 당신에게 할 말이 있는 듯 합니다.{nl}그녀를 찾아가 무슨 일인지 물어보세요.	
QUEST_LV_0500_20200902_000261	Use Glacia's belongings to the monster.	글레이시어의 소지품을 몬스터에게 사용하기.	
QUEST_LV_0500_20200902_000262	As the Crusader Master asked, show Glacia's belongings to the monsters.	크루세이더 마스터의 요청대로, 글레시이어의 소지품을 몬스터들에게 보여주세요.	
QUEST_LV_0500_20200902_000263	Report the result of investigation to the Crusader Master.	조사 결과를 크루세이더 마스터에게 보고하기.	
QUEST_LV_0500_20200902_000264	Monsters frightened away as you show the belongings of the Glacia!{nl}Tell the result of the investigation.	글레시이서의 소지품을 몬스터에게 보여주니, 몬스터들은 허겁지겁 달아났습니다!{nl}조사 결과를 크루세이더 마스터에게 알려주세요.	
QUEST_LV_0500_20200902_000265	Crusader Master is trying to ask for cooperation for the next investigation.{nl}Talk to the Crusader Master.	크루세이더 마스터가 다음 조사를 위해 협조를 요청하려고 합니다.{nl}크루세이더 마스터와 대화하세요.	
QUEST_LV_0500_20200902_000266	Prepare for the Suspicious Piece.	수상한 조각 조사 준비하기.	
QUEST_LV_0500_20200902_000267	The Crusader Master has received a report from the envoy about the Suspicious Piece that is believed to have been spilled by Glacier.{nl}Go to the Suspicious Piece and be prepared in advance for the Crusader Master to investigate.	크루세이더 마스터는 파견원으로부터 글레이시어가 흘린 것으로 추정되는 수상한 조각에 대한 보고를 받았습니다.{nl}수상한 조각이 있는 곳으로 가서 크루세이더 마스터가 조사할 수 있도록 미리 준비를 해두세요.	
QUEST_LV_0500_20200902_000268	Return to Crusader Master.	크루세이더 마스터에게 돌아가기.	
QUEST_LV_0500_20200902_000269	Crusader Master took the Suspicious Piece.{nl}Retur to her and hear about the result of the investigation.	크루세이더 마스터가 수상한 조각을 가져갔습니다.{nl}그녀에게 돌아가 조사 결과에 대해 들어보세요.	
QUEST_LV_0500_20200902_000270	Ask the Crusader Master what is needs for the next investigation.	크루세이더 마스터에게 다음 조사를 위해 필요한 건 무엇인지 물어보세요.	
QUEST_LV_0500_20200902_000271	Conduct an investigation in the White Witch's Forest(Legend).	하얀 마녀의 숲(레전드)에서 조사를 진행하기.	
QUEST_LV_0500_20200902_000272	The Crusader Master says that more convincing evidence is needed to identify the existence of the demons behind Glacier.{nl}Go back to the White Witch's Forest and look at the Worn Out Pouch.	크루세이더 마스터는 글레이시어의 배후에 있는 마족의 존재를 특정하기 위해서는 더 확실한 증거가 필요하다고 합니다.{nl}하얀 마녀의 숲으로 돌아가 해진 주머니를 살펴보세요.	
QUEST_LV_0500_20200902_000273	Show Crusader Master the Mysterious Order you've found from the Worn Out Pouch.	크루세이더 마스터에게 해진 주머니에서 발견한 의문의 지령서를 보여주세요.	
QUEST_LV_0500_20200902_000274	Ask Crusader Master if more help is needed.	크루세이더 마스터에게 더 도와줄 일은 없는 지 물어보세요.	
QUEST_LV_0500_20200902_000275	Go to Rangda Master.	랑다 마스터를 찾아가기.	
QUEST_LV_0500_20200902_000276	The Crusader Master thanked for cooperating with the investigation, and finally asked to visit the Rangda Master to do a thorough investigation on the Suspicious Sculpture.{nl}Go to the Rangda Master in Saalus Convent and ask about the Suspicious Sculpture.	크루세이더 마스터는 조사에 협력해주어서 고맙다는 말을 전하며, 마지막으로 수상한 조각에 대해서 확실한 조사를 하기 위해 랑다 마스터를 찾아가 달라고했습니다.{nl}살러스 수녀원에 있는 랑다 마스터를 찾아가 수상한 조각에 대해 물어보세요.	
QUEST_LV_0500_20200902_000277	Talk to Rangda Master.	랑다 마스터와 대화하기.	
QUEST_LV_0500_20200902_000278	Hear opinions about the suspicious sculpture from the Langda Master.	랑다 마스터에게 수상한 조각에 대해서 의견을 들으세요.	
QUEST_LV_0500_20200902_000279	Hand over the Suspicious Sculpture to Rangda Girl.	수상한 조각을 랑다 소녀에게 전해주기.	
QUEST_LV_0500_20200902_000280	I heard the explanation of the Suspicious Sculpture from the Rangda Master.{nl}Because it is dangerous we have to entrust this sculpture to Rangda, who is more skilled in dealing with the power of the demons.{nl}Please hand over the sculpture to the Rangda Girl.	랑다 마스터에게 수상한 조각에 대한 설명을 들었습니다.{nl}위험한 물건이니 마족의 힘을 다루는 데 더 능숙한 랑다에게 조각을 맡겨야 합니다.{nl}조각을 랑다 소녀에게 전해주세요.	
