INTL_20180327_000001	인던,미션 1회 추가입장	
INTL_20180327_000002	이벤트	
INTL_20180327_000003	완벽한 번역가	
INTL_20180327_000004	완변한 번역을 지원해준 유저를 위해 주어지는 칭호입니다.	
INTL_20180327_000005	몬스터 처치 시 획득 경험치 +60%{nl}이동 속도 +2	
INTL_20180327_000006	몬스터 처치 시 획득 경험치 +90%{nl}이동 속도 +3	
INTL_20180327_000007	몬스터 처치 시 획득 경험치 +120%{nl}이동 속도 +4	
INTL_20180327_000008	몬스터 처치 시 획득 경험치 +150%{nl}이동 속도 +5	
INTL_20180327_000009	가문의 영광 1단계	
INTL_20180327_000010	몬스터 처치 시 획득 경험치 +20%	
INTL_20180327_000011	가문의 영광 2단계	
INTL_20180327_000012	몬스터 처치 시 획득 경험치 +40%	
INTL_20180327_000013	가문의 영광 3단계	
INTL_20180327_000014	몬스터 처치 시 획득 경험치 +60%	
INTL_20180327_000015	가문의 영광 4단계	
INTL_20180327_000016	몬스터 처치 시 획득 경험치 +80%	
INTL_20180327_000017	가문의 영광 5단계	
INTL_20180327_000018	소녀의 마음	
INTL_20180327_000019	몬스터 처치 시 획득 경험치 +50%	
INTL_20180327_000020	신규 유저의 서	
INTL_20180327_000021	60분 동안 파티원 전체에 경험치 +50%	
INTL_20180327_000022	복귀 유저의 서	
INTL_20180327_000023	60분 동안 파티원 전체에{nl}최대HP +2000{nl}최대SP +1000{nl}이동 속도 +1	
INTL_20180327_000024	복귀 유저의 포션	
INTL_20180327_000025	60분 동안{nl}물리 공격력 +500{nl}마법 공격력 +500	
INTL_20180327_000026	가문의 영광	
INTL_20180327_000027	버프 레벨이 증가하면 효과도 증가합니다.	
INTL_20180327_000028	비밀 레드옥스	
INTL_20180327_000029	10분 동안 최대 SP +1000, 광역 공격 비율 +1, 스태미나가 소비되지 않습니다.	
INTL_20180327_000030	야시장 참여 중	
INTL_20180327_000031	스킬을 사용할 수 없습니다.{nl}10분 뒤 마을로 이동합니다.	
INTL_20180327_000032	마지막 겨울 버프	
INTL_20180327_000033	몬스터 처치 시 획득 경험치 +30%	
INTL_20180327_000034	회색 레서 팬더 보유중	
INTL_20180327_000035	물리 마법 공격력이 증가합니다.	
INTL_20180327_000036	특수요원 008 보유 중	
INTL_20180327_000037	야수형 공격력이 증가합니다.	
INTL_20180327_000038	 - 특성 즉시 수련 가능{nl} - 마켓 판매 수수료율 감소(30%{img white_right_arrow 16 16}10%){nl} - 마켓 판매 등록 아이템 개수 10개{nl} - 캐릭터 이동속도 +3{nl} - 미션,던전 1회 추가입장{nl} - 프리미엄 제스쳐 사용 가능{nl}	
INTL_20180327_000039	칭호 - 소길	
INTL_20180327_000040	"소길" 칭호를 얻을 수 있는 칭호 아이템입니다. 아이템 우클릭으로 사용하여 칭호를 획득할 수 있습니다.	
INTL_20180327_000041	칭호 - 중길	
INTL_20180327_000042	"중길" 칭호를 얻을 수 있는 칭호 아이템입니다. 아이템 우클릭으로 사용하여 칭호를 획득할 수 있습니다.	
INTL_20180327_000043	칭호 - 길	
INTL_20180327_000044	"길" 칭호를 얻을 수 있는 칭호 아이템입니다. 아이템 우클릭으로 사용하여 칭호를 획득할 수 있습니다.	
INTL_20180327_000045	칭호 - 대길	
INTL_20180327_000046	"대길" 칭호를 얻을 수 있는 칭호 아이템입니다. 아이템 우클릭으로 사용하여 칭호를 획득할 수 있습니다.	
INTL_20180327_000047	사용시 30분동안 중첩당 +30%와 이동속도가 증가합니다. 최대 5중첩까지 가능 합니다.	
INTL_20180327_000048	칭호 - Passionate Artist	
INTL_20180327_000049	"Passionate Artist" 칭호를 얻을 수 있는 칭호 아이템입니다. 아이템 우클릭으로 사용하여 칭호를 획득할 수 있습니다.	
INTL_20180327_000050	60분 동안 공격력 +100, 공격속도 +80, 이동속도 +5 가 증가합니다. 아이템 우클릭으로 사용합니다. {nl}재사용 대기시간 360분.{nl}(지역 이동시 버프가 해제됩니다.)	
INTL_20180327_000051	지정된 레벨을 달성하면 사용할 수 있습니다. 보상은 달성 횟수에 따라 달라집니다.	
INTL_20180327_000052	이벤트 퀘스트 문서	
INTL_20180327_000053	사용 시 퀘스트 내용을 확인할 수 있습니다.	
INTL_20180327_000054	초급 레벨업 카드	
INTL_20180327_000055	경험치와 클래스 경험치를 상승시켜 줍니다. 85 레벨이하에서만 사용할 수 있습니다.	
INTL_20180327_000056	중급 레벨업 카드	
INTL_20180327_000057	경험치와 클래스 경험치를 상승시켜 줍니다. 185 레벨이하에서만 사용할 수 있습니다.	
INTL_20180327_000058	고급 레벨업 카드	
INTL_20180327_000059	경험치와 클래스 경험치를 상승시켜 줍니다. 280 레벨이하에서만 사용할 수 있습니다.	
INTL_20180327_000060	최고급 레벨업 카드	
INTL_20180327_000061	경험치와 클래스 경험치를 상승시켜 줍니다. 330 레벨이하에서만 사용할 수 있습니다.	
INTL_20180327_000062	포춘 쿠키 (14일)	
INTL_20180327_000063	30분간 중첩에 따라 경험치, 이동속도, 최대HP가 증가하며, 최대 5중첩까지 가능합니다.	
INTL_20180327_000064	몬스터 젬 상자:3랭크(전사, 성직자)	
INTL_20180327_000065	재료 아이템을 무작위로 1개 획득할 수 있습니다.{nl}하플라이트, 바바리안, 보코르, 딥디르비 관련 몬스터 젬이 들어 있습니다.	
INTL_20180327_000066	몬스터 젬 상자:3랭크(마법사, 궁수)	
INTL_20180327_000067	재료 아이템을 무작위로 1개 획득할 수 있습니다.{nl}사이코키노, 링커, 헌터, 새퍼 관련 몬스터 젬이 들어 있습니다.	
INTL_20180327_000068	재료 랜덤 상자:4차	
INTL_20180327_000069	Lv315 제작서 상자 - 무기	
INTL_20180327_000070	사용 시 LV315 무기 레시피 중에 무작위로 1장을 획득할 수 있습니다.	
INTL_20180327_000071	몬스터 카드 행운 상자:2차	
INTL_20180327_000072	몬스터 젬 상자:1랭크	
INTL_20180327_000073	몬스터 젬을 무작위로 1개 획득할 수 있습니다.{nl}소드맨, 위자드, 아쳐, 클래릭 관련 몬스터 젬이 들어 있습니다.	
INTL_20180327_000074	몬스터 젬 상자:2랭크	
INTL_20180327_000075	몬스터 젬을 무작위로 1개 획득할 수 있습니다.{nl}하이렌더, 펠타스타, 프리스트, 크리비,파이로맨서, 크리오맨서, 쿼렐슈터, 레인저 관련 몬스터 젬이 들어 있습니다.	
INTL_20180327_000076	몬스터 젬 상자:3랭크	
INTL_20180327_000077	몬스터 젬을 무작위로 1개 획득할 수 있습니다.{nl}하플라이트, 바바리안, 사이코키노, 링커,헌터, 새퍼, 보코르, 딥디르비 관련 몬스터 젬이 들어 있습니다.	
INTL_20180327_000078	몬스터 젬 상자:4랭크	
INTL_20180327_000079	몬스터 젬을 무작위로 1개 획득할 수 있습니다.{nl}캐터프랙트, 로델레로, 쏘마터지, 엘리멘탈리스트, 무고사, 스카우트, 사두, 팔라딘 관련 몬스터 젬이 들어 있습니다.	
INTL_20180327_000080	보스 카드 수집 상자	
INTL_20180327_000081	클래스 코스튬 상자 (7일)	
INTL_20180327_000082	사용시 7일 기간제 코스튬을 획득합니다.	
INTL_20180327_000083	대지의 탑 1회 입장권 (14일)	
INTL_20180327_000084	살러스 미션 1회 입장권 (14일)	
INTL_20180327_000085	대지의 탑 1회 입장권	
INTL_20180327_000086	사용 시 던전 배수 토큰, 인스턴스 던전 소탕권을 얻을 수 있습니다.{nl}마우스 오른쪽 클릭으로 사용합니다.	
INTL_20180327_000087	확성기:14일	
INTL_20180327_000088	목소리를 크게 키워줍니다.{nl}[/y 채팅내용] 으로 모든 지역에 채팅 내용을 보여줄 수 있습니다. 획득 후부터 14일동안 사용 가능합니다.	
INTL_20180327_000089	회색 레서판다 상자	
INTL_20180327_000090	마우스 오른쪽 클릭으로 사용가능하며, 사용시 바로 컴패니언으로 등록됩니다. {nl} 해당 컴패니언은 컴패니언 탑승 스킬이 없어도 탑승 가능합니다. {nl} 해당 컴패니언과 동행 시 캐릭터의 물리 공격력과 마법 공격력이 증가하는 버프를 얻습니다.	
INTL_20180327_000091	특수요원 008 상자	
INTL_20180327_000092	빛나는 전투 뱁새 알	
INTL_20180327_000093	도네스의 증표	
INTL_20180327_000094	도네스의 의뢰를 들어주면 얻는 증표입니다.{nl}안내원에게 교환하여 보상받을 수 있습니다.	
INTL_20180327_000095	복귀자의 선물상자 (15일)	
INTL_20180327_000096	사용시 복귀자를 위한 퀘스트를 진행할 수 있습니다.{nl}퀘스트 완료시 보상을 획득할 수 있습니다.	
INTL_20180327_000097	신규 유저 가이드 큐브입니다.{nl}사용 시 아이템을 획득할 수 있습니다.{nl}(5레벨 이상 사용 가능합니다.)	
INTL_20180327_000098	신규 유저 가이드 큐브입니다.{nl}사용 시 아이템을 획득할 수 있습니다.{nl}(10레벨 이상 사용 가능합니다.)	
INTL_20180327_000099	신규 유저 가이드 큐브입니다.{nl}사용 시 아이템을 획득할 수 있습니다.{nl}(15레벨 이상 사용 가능합니다.)	
INTL_20180327_000100	신규 유저 가이드 큐브입니다.{nl}사용 시 아이템을 획득할 수 있습니다.{nl}(30레벨 이상 사용 가능합니다.)	
INTL_20180327_000101	신규 유저 가이드 큐브입니다.{nl}사용 시 아이템을 획득할 수 있습니다.{nl}(50레벨 이상 사용 가능합니다.)	
INTL_20180327_000102	신규 유저 가이드 큐브입니다.{nl}사용 시 아이템을 획득할 수 있습니다.{nl}(80레벨 이상 사용 가능합니다.)	
INTL_20180327_000103	신규 유저 가이드 큐브입니다.{nl}사용 시 아이템을 획득할 수 있습니다.{nl}(100레벨 이상 사용 가능합니다.)	
INTL_20180327_000104	찹쌀	
INTL_20180327_000105	15초 동안 2초 간격으로 매회 HP와 SP를 500 회복시켜줍니다.{nl}죽엽, 돼지고기, 찹쌀, 표고버섯, 쫑쯔 레서피와 함께 쫑쯔를 만들 수 있습니다.	
INTL_20180327_000106	칭호 - Finest Moment	
INTL_20180327_000107	봄맞이 팬아트 공모전 수상자에게 주어지는 칭호입니다. 마우스 오른쪽 클릭으로 사용합니다.	
INTL_20180327_000108	 결혼식에 사용되는 웨딩 케잌입니다. {nl}60분간 이동속도 +3, 체력 +10, 경험치 10% 증가의 효과를 줍니다.	
INTL_20180327_000109	청첩장	
INTL_20180327_000110	웨딩 이벤트 아이템입니다.{nl}아직 청첩장을 받지 못한 분들에게 건네주세요.	
INTL_20180327_000111	파티 폭죽 (14일)	
INTL_20180327_000112	폭죽을 터트려 파티의 기운을 느껴보세요.{nl}사용 시 60분 동안 파티원 전체의 이동속도 +2, 경험치 50% 증가의 효과를 줍니다.	
INTL_20180327_000113	오늘의 숫자를 맞추는데 사용되는 오늘의 티켓 입니다.{nl}티켓 개수에 따라 시도 횟수가 제공됩니다.{nl}(사용 시 원하는 마을로 이동할 수 있으며 20초 동안 이동속도가 증가합니다.)	
INTL_20180327_000114	가이드 상자 (14일)	
INTL_20180327_000115	신규 유저 가이드 큐브입니다.{nl}사용 시 아이템을 획득할 수 있습니다.{nl}(110레벨 이상 사용 가능합니다.)	
INTL_20180327_000116	신규 유저 가이드 큐브입니다.{nl}사용 시 아이템을 획득할 수 있습니다.{nl}(120레벨 이상 사용 가능합니다.)	
INTL_20180327_000117	신규 유저 가이드 큐브입니다.{nl}사용 시 아이템을 획득할 수 있습니다.{nl}(140레벨 이상 사용 가능합니다.)	
INTL_20180327_000118	신규 유저 가이드 큐브입니다.{nl}사용 시 아이템을 획득할 수 있습니다.{nl}(150레벨 이상 사용 가능합니다.)	
INTL_20180327_000119	신규 유저 가이드 큐브입니다.{nl}사용 시 아이템을 획득할 수 있습니다.{nl}(170레벨 이상 사용 가능합니다.)	
INTL_20180327_000120	신규 유저 가이드 큐브입니다.{nl}사용 시 아이템을 획득할 수 있습니다.{nl}(190레벨 이상 사용 가능합니다.)	
INTL_20180327_000121	신규 유저 가이드 큐브입니다.{nl}사용 시 아이템을 획득할 수 있습니다.{nl}(200레벨 이상 사용 가능합니다.)	
INTL_20180327_000122	신규 유저 가이드 큐브입니다.{nl}사용 시 아이템을 획득할 수 있습니다.{nl}(210레벨 이상 사용 가능합니다.)	
INTL_20180327_000123	신규 유저 가이드 큐브입니다.{nl}사용 시 아이템을 획득할 수 있습니다.{nl}(230레벨 이상 사용 가능합니다.)	
INTL_20180327_000124	신규 유저 가이드 큐브입니다.{nl}사용 시 아이템을 획득할 수 있습니다.{nl}(240레벨 이상 사용 가능합니다.)	
INTL_20180327_000125	신규 유저 가이드 큐브입니다.{nl}사용 시 아이템을 획득할 수 있습니다.{nl}(260레벨 이상 사용 가능합니다.)	
INTL_20180327_000126	신규 유저 가이드 큐브입니다.{nl}사용 시 아이템을 획득할 수 있습니다.{nl}(290레벨 이상 사용 가능합니다.)	
INTL_20180327_000127	구원자 무기 큐브 (14일)	
INTL_20180327_000128	이벤트 기간 동안 사용할 수 있는 구원자 장비를 선택할 수 있습니다.	
INTL_20180327_000129	구원자 상의 큐브 (14일)	
INTL_20180327_000130	구원자 하의 큐브 (14일)	
INTL_20180327_000131	구원자 신발 큐브 (14일)	
INTL_20180327_000132	구원자 장갑 큐브 (14일)	
INTL_20180327_000133	구원자 장신구 큐브 (14일)	
INTL_20180327_000134	복귀자의 증표	
INTL_20180327_000135	복귀자의 선물을 받을 수 있는 복귀자의 증표입니다.	
INTL_20180327_000136	칭호 - Giving Shade	
INTL_20180327_000137	2017년 여름 공모전 수상자에게 주어지는 칭호입니다. 마우스 오른쪽 클릭으로 사용합니다.	
INTL_20180327_000138	마스터의 큐브	
INTL_20180327_000139	레티스 개울가 미션을 클리어한 유저에게 주어지는 보상입니다.{nl}(마스터와 함께 이벤트)	
INTL_20180327_000140	마스터의 증표	
INTL_20180327_000141	특별한 블루 오브	
INTL_20180327_000142	에서만 사용 가능합니다.{nl}이벤트 종료 후 일괄 삭제됩니다.	
INTL_20180327_000143	사용시 포획용 덫이 설치됩니다.{nl}이벤트 종료 후 일괄 삭제됩니다.	
INTL_20180327_000144	이벤트 재료 아이템입니다.{nl}포획한 몬스터 레벨을 증가시킬 수 있습니다.{nl}이벤트 종료 후 일괄 삭제됩니다.	
INTL_20180327_000145	푸른색 큐브 LV1	
INTL_20180327_000146	사용시 무작위로 1개 아이템이 지급됩니다.{nl} - 탈트{nl} - 포춘쿠키{nl} - 특성 포인트 500{nl} - 고급 젬 연마제:14일	
INTL_20180327_000147	푸른색 큐브 LV2	
INTL_20180327_000148	사용시 무작위로 1개 아이템이 지급됩니다.{nl} - 탈트{nl} - 포춘쿠키{nl} - 특성 포인트 500{nl} - 고급 젬 연마제:14일{nl} - 은빛 모루(14일)	
INTL_20180327_000149	푸른색 큐브 LV3	
INTL_20180327_000150	사용시 무작위로 1개 아이템이 지급됩니다.{nl} - 탈트{nl} - 포춘쿠키{nl} - 특성 포인트 500{nl} - 고급 젬 연마제:14일{nl} - 은빛 모루(14일){nl} - 황금 모루(14일)	
INTL_20180327_000151	푸른색 큐브 LV4	
INTL_20180327_000152	사용시 무작위로 1개 아이템이 지급됩니다.{nl} - 탈트{nl} - 포춘쿠키{nl} - 특성 포인트 500{nl} - 특성 포인트 1000{nl} - 고급 젬 연마제:14일{nl} - 은빛 모루(14일){nl} - 황금 모루(14일)	
INTL_20180327_000153	푸른색 큐브 LV5	
INTL_20180327_000154	사용시 무작위로 1개 아이템이 지급됩니다.{nl} - 탈트{nl} - 포춘쿠키{nl} - 특성 포인트 500{nl} - 특성 포인트 1000{nl} - 고급 젬 연마제:14일{nl} - 은빛 모루(14일){nl} - 황금 모루(14일){nl} - 270제 이벤트용 방어구	
INTL_20180327_000155	사용시 무작위로 1개 아이템이 지급됩니다.{nl} - 수행자의 포션{nl} - 탈트{nl} - 포춘쿠키{nl} - 특성 포인트 500{nl} - 특성 포인트 1000{nl} - 고급 젬 연마제:14일{nl} - 인스턴스 던전 배수 토큰(14일){nl} - 마법 부여 스크롤(14일){nl} - 은빛 모루(14일){nl} - 다이아몬드 모루(14일){nl} - 이벤트용 뉴트 방어구{nl} - 315제 이벤트용 무기	
INTL_20180327_000156	이벤트용 방어구 상자 (Lv. 270)	
INTL_20180327_000157	270제 방어구 장비를 선택할 수 있습니다.	
INTL_20180327_000158	이벤트용 무기 상자 (Lv. 315)	
INTL_20180327_000159	315제 무기 장비를 선택할 수 있습니다.	
INTL_20180327_000160	칭호 - Monster Inker	
INTL_20180327_000161	2017년 할로윈 팬아트 공모전 수상자에게 주어지는 칭호입니다. 마우스 오른쪽 클릭으로 사용합니다.	
INTL_20180327_000162	블루 오브 조각	
INTL_20180327_000163	이벤트 재료 아이템입니다.{nl}쓸모있는 아이템으로 교환이 가능합니다.{nl}이벤트 종료 후 일괄 삭제됩니다.	
INTL_20180327_000164	신규 유저의 서(14일)	
INTL_20180327_000165	60분 동안 파티원 전체에게 경험치 50% 증가의 효과를 줍니다.	
INTL_20180327_000166	복귀 유저의 서(14일)	
INTL_20180327_000167	60분 동안 파티원 전체에게 최대HP +2000, 최대SP +1000, 이동속도 +1 증가의 효과를 줍니다.	
INTL_20180327_000168	복귀 유저의 포션(30일)	
INTL_20180327_000169	60분 동안 물리 공격력 +500, 마법 공격력 +500 증가합니다.{nl}(소모되지 않습니다.)	
INTL_20180327_000170	여신의 메달	
INTL_20180327_000171	왠지 기분 좋은 일이 일어날 것 같습니다.{nl}(메달을 모으면 이벤트 알림판에서 아이템으로 교환 가능합니다.)	
INTL_20180327_000172	LV315 주무기 보석 상자(14일)	
INTL_20180327_000173	사용시 무작위로 1개 아이템이 지급됩니다.{nl} - 포르튬{nl} - 피데슘{nl} - 페리니움{nl} - 아틸로늄	
INTL_20180327_000174	칭호 - Companions for Life	
INTL_20180327_000175	Companion Maker 수상자에게 지급되는 칭호입니다. 마우스 오른쪽 클릭으로 사용합니다.	
INTL_20180327_000176	생존 보상 큐브	
INTL_20180327_000177	칭호 - 초일류 모험가	
INTL_20180327_000178	모험일지 랭킹 1위를 달성한 유저에게 지급되는 칭호입니다. 마우스 오른쪽 클릭으로 사용합니다.	
INTL_20180327_000179	복귀 유저의 선물 상자(14일)	
INTL_20180327_000180	복귀를 환영합니다.{nl}사용 시 복귀 유저가 증명되며 복귀 유저의 선물을 받을 수 있습니다.{nl}복귀 유저의 선물을 사용하지 않으면 복귀 유저의 이벤트에 참여할 수 없습니다.	
INTL_20180327_000181	New Rank Booster - 무기 선택 상자	
INTL_20180327_000182	사용 시 원하는 350레벨 미감정 장비를 선택할 수 있습니다.	
INTL_20180327_000183	New Rank Booster - 방어구 선택 상자	
INTL_20180327_000184	[클라페다] 여신의 얼굴 조각	
INTL_20180327_000185	이벤트 재료 아이템입니다.{nl}다른 여신의 조각과 함께 [이벤트] 복원된 여신상을 만들 수 있습니다.	
INTL_20180327_000186	[공용] 여신의 날개 조각	
INTL_20180327_000187	[오르샤] 여신의 상단 조각	
INTL_20180327_000188	[페디미안] 여신의 하단 조각	
INTL_20180327_000189	[이벤트] 복원된 여신상	
INTL_20180327_000190	이벤트 아이템입니다.{nl}사용 시 원하는 아이템을 선택할 수 있습니다.{nl}(이벤트 종료 시 일괄 삭제됩니다.)	
INTL_20180327_000191	[이벤트] 복원된 황금 상자	
INTL_20180327_000192	이벤트 아이템입니다.{nl}어떤 아이템이 들어있을까요?{nl}(이벤트 종료 시 일괄 삭제됩니다.)	
INTL_20180327_000193	착한 거짓말 상자	
INTL_20180327_000194	크리스마스 이벤트 아이템입니다.{nl}보상 중 1개를 선택할 수 있습니다.	
INTL_20180327_000195	어린이용 선물 상자	
INTL_20180327_000196	크리스마스 이벤트 아이템입니다.{nl}어린이에게 선물 상자를 건네주세요.	
INTL_20180327_000197	여신의 조각상(3일)	
INTL_20180327_000198	축복이 깃든 씨앗(3일)	
INTL_20180327_000199	특성 포인트 500 (14일)	
INTL_20180327_000200	사용시 특성 포인트가 500 증가합니다. 마우스 오른쪽 클릭으로 사용합니다.	
INTL_20180327_000201	떡국(3일)	
INTL_20180327_000202	 신년을 맞아 끓인 떡국입니다. 많이 먹으면 빨리 한 살 더 먹을 수도 있다는 이야기가 있습니다. {nl} 다른 유저와 파티중일 때 사용시 30분간 파티원 전체에게 경험치 15% 증가의 효과를 줍니다.	
INTL_20180327_000203	버프 강화용 가루	
INTL_20180327_000204	이벤트 알림판에서 가문 버프를 성장 시킬수 있습니다.{nl}이벤트 종료 후 일괄 삭제됩니다.	
INTL_20180327_000205	토벌 명령서	
INTL_20180327_000206	문서에 나온 지역으로 이동하여 몬스터를 처치해야 합니다. {nl}이벤트 종료 후 일괄 삭제됩니다.	
INTL_20180327_000207	토벌 증표	
INTL_20180327_000208	이벤트용 변신 스크롤(1일)	
INTL_20180327_000209	변신하는 스크롤입니다.{nl}주의! 변신후 다른 장소를 이동시 풀립니다.	
INTL_20180327_000210	이벤트 금화	
INTL_20180327_000211	야시장에서 사용되는 금화입니다.{nl}(이벤트 종료 시 일괄 삭제됩니다.)	
INTL_20180327_000212	황소같은 체력을 가질 수 있게 해줍니다. 10분 동안 최대 SP +1000, 광역 공격 비율 +1, 스태미나가 소비되지 않습니다.{nl}(이벤트 종료 시 일괄 삭제됩니다.)	
INTL_20180327_000213	상의-비밀 장비 선택 상자(14일)	
INTL_20180327_000214	Lv 315 유니크 장비를 선택할 수 있는 상자입니다.	
INTL_20180327_000215	하의-비밀 장비 선택 상자(14일)	
INTL_20180327_000216	장갑-비밀 장비 선택 상자(14일)	
INTL_20180327_000217	신발-비밀 장비 선택 상자(14일)	
INTL_20180327_000218	비밀 제작서 선택 상자(14일)	
INTL_20180327_000219	Lv 315 유니크 제작서를 선택할 수 있는 상자입니다.	
INTL_20180327_000220	포장된 초콜릿	짝사랑 소녀
INTL_20180327_000221	달달한 맛으로, 뇌의 회전을 도와주는 초콜릿입니다. 사용 시, 1시간동안 경험치 획득량 +50% 효과를 얻습니다.	
INTL_20180327_000222	겨울 열쇠	
INTL_20180327_000223	마지막 겨울 이벤트에서 사용되는 열쇠입니다.{nl}(이벤트 종료 시 일괄 삭제됩니다.)	
INTL_20180327_000224	고드름(14일)	
INTL_20180327_000225	고드름을 녹이면 무엇이 들어있을까요?{nl}(고드름은 장작 주위에서만 사용 가능합니다.)	
INTL_20180327_000226	고개를 약 270도 까지 돌리는 것이 가능합니다.{nl} 리사이클샵에서 메달로 교환 가능합니다.	
INTL_20180327_000227	구름 번개	
INTL_20180327_000228	이름없는 여왕을 위해서 제작된 왕관입니다.{nl} 리사이클샵에서 메달로 교환 가능합니다.	
INTL_20180327_000229	쉽게 빠르게 빵을 굽는 도구입니다.{nl} 리사이클샵에서 메달로 교환 가능합니다.	
INTL_20180327_000230	정보를 전달하는 이 세계의 최신 기술입니다.{nl} 리사이클샵에서 메달로 교환 가능합니다.	
INTL_20180327_000231	스파르타!!!!!{nl} 리사이클샵에서 메달로 교환 가능합니다.	
INTL_20180327_000232	딥디르비가 만든 착용 가능한 세계수 조각 머리 장식입니다.{nl} 리사이클샵에서 메달로 교환 가능합니다.	
INTL_20180327_000233	푸들 뽁뽁이	
INTL_20180327_000234	포포리온 뽁뽁이	
INTL_20180327_000235	고양이 부채	
INTL_20180327_000236	하나밍 부채	
INTL_20180327_000237	푸들 부채	
INTL_20180327_000238	케파 부채	
INTL_20180327_000239	펭귄 부채	
INTL_20180327_000240	포포리온 부채	
INTL_20180327_000241	핫팩(30일)	
INTL_20180327_000242	[이벤트] 파초선(30일)	
INTL_20180327_000243	행운을 가져다 주는 네잎클로버.	
INTL_20180327_000244	[이벤트] 구원자의 소드 (30일)	
INTL_20180327_000245	이벤트로 지급되는 기간제 아이템입니다.	
INTL_20180327_000246	[이벤트] 구원자의 투 핸드 소드 (30일)	
INTL_20180327_000247	[이벤트] 구원자의 메이스 (30일)	
INTL_20180327_000248	[이벤트] 구원자의 스태프 (30일)	
INTL_20180327_000249	[이벤트] 구원자의 로드 (30일)	
INTL_20180327_000250	[이벤트] 구원자의 대거 (30일)	
INTL_20180327_000251	[이벤트] 구원자의 스피어 (30일)	
INTL_20180327_000252	[이벤트] 구원자의 파이크 (30일)	
INTL_20180327_000253	[이벤트] 구원자의 레이피어 (30일)	
INTL_20180327_000254	[이벤트] 구원자의 크로스보우 (30일)	
INTL_20180327_000255	[이벤트] 구원자의 보우 (30일)	
INTL_20180327_000256	[이벤트] 구원자의 피스톨 (30일)	
INTL_20180327_000257	[이벤트] 구원자의 캐논 (30일)	
INTL_20180327_000258	[이벤트] 구원자의 머스킷 (30일)	
INTL_20180327_000259	[이벤트] 구원자의 실드 (30일)	
INTL_20180327_000260	[이벤트] 구원자의 로브 (30일)	
INTL_20180327_000261	[이벤트] 구원자의 팬츠 (30일)	
INTL_20180327_000262	[이벤트] 구원자의 글로브 (30일)	
INTL_20180327_000263	[이벤트] 구원자의 부츠 (30일)	
INTL_20180327_000264	[이벤트] 구원자의 레더 아머 (30일)	
INTL_20180327_000265	[이벤트] 구원자의 레더 팬츠 (30일)	
INTL_20180327_000266	[이벤트] 구원자의 레더 부츠 (30일)	
INTL_20180327_000267	[이벤트] 구원자의 레더 글로브 (30일)	
INTL_20180327_000268	[이벤트] 구원자의 플레이트 아머 (30일)	
INTL_20180327_000269	[이벤트] 구원자의 플레이트 레깅스 (30일)	
INTL_20180327_000270	[이벤트] 구원자의 플레이트 그리브 (30일)	
INTL_20180327_000271	[이벤트] 구원자의 플레이트 건틀릿 (30일)	
INTL_20180327_000272	[이벤트] 구원자의 메달 (30일)	
INTL_20180327_000273	[이벤트] 구원자의 네클리스 (30일)	
INTL_20180327_000274	[이벤트] 구원자의 밴드 (30일)	
INTL_20180327_000275	[이벤트] 구원자의  브레이슬릿 (30일)	
INTL_20180327_000276	[이벤트] 뉴트 로브	
INTL_20180327_000277	[이벤트] 뉴트 레더 아머	
INTL_20180327_000278	[이벤트] 뉴트 플레이트 아머	
INTL_20180327_000279	[이벤트] 뉴트 팬츠	
INTL_20180327_000280	[이벤트] 뉴트 레더 팬츠	
INTL_20180327_000281	[이벤트] 뉴트 플레이트 레깅스	
INTL_20180327_000282	[이벤트] 뉴트 부츠	
INTL_20180327_000283	[이벤트] 뉴트 레더 부츠	
INTL_20180327_000284	[이벤트] 뉴트 플레이트 그리브	
INTL_20180327_000285	[이벤트] 뉴트 글로브	
INTL_20180327_000286	[이벤트] 뉴트 레더 글로브	
INTL_20180327_000287	[이벤트] 뉴트 플레이트 건틀릿	
INTL_20180327_000288	[이벤트] 피레네 소드	
INTL_20180327_000289	[이벤트] 게일 슬래셔	
INTL_20180327_000290	[이벤트] 라이온 헤드 대거	
INTL_20180327_000291	[이벤트] 피그리 스피어	
INTL_20180327_000292	[이벤트] 세크메트	
INTL_20180327_000293	[이벤트] 엘가 레이피어	
INTL_20180327_000294	[이벤트] 비엔나라지스 메이스	
INTL_20180327_000295	[이벤트] 비엔나라지스 스태프	
INTL_20180327_000296	[이벤트] 윈디아 로드	
INTL_20180327_000297	[이벤트] 실버 호크	
INTL_20180327_000298	[이벤트] 아프가울레 보우	
INTL_20180327_000299	[이벤트] 더블 스택	
INTL_20180327_000300	[이벤트] 라이온 헤드 캐논	
INTL_20180327_000301	[이벤트] 드라군 파이퍼	
INTL_20180327_000302	프리머스 이렐리스 팬츠 [거래 불가]	
INTL_20180327_000303	프리머스 제베넬리스 레더 팬츠 [거래 불가]	
INTL_20180327_000304	프리머스 바스티클 플레이트 팬츠 [거래 불가]	
INTL_20180327_000305	프리머스 이렐리스 로브 [거래 불가]	
INTL_20180327_000306	프리머스 제베넬리스 레더 아머 [거래 불가]	
INTL_20180327_000307	프리머스 바스티클 플레이트 아머 [거래 불가]	
INTL_20180327_000308	프리머스 이렐리스 글로브 [거래 불가]	
INTL_20180327_000309	프리머스 제베넬리스 레더 글로브 [거래 불가]	
INTL_20180327_000310	프리머스 바스티클 건틀릿 [거래 불가]	
INTL_20180327_000311	프리머스 이렐리스 부츠 [거래 불가]	
INTL_20180327_000312	프리머스 제베넬리스 레더 부츠 [거래 불가]	
INTL_20180327_000313	프리머스 바스티클 그리브 [거래 불가]	
INTL_20180327_000314	프리머스 라파이 소드 [거래 불가]	
INTL_20180327_000315	프리머스 라파이 투 핸드 소드 [거래 불가]	
INTL_20180327_000316	프리머스 라파이 메이스 [거래 불가]	
INTL_20180327_000317	프리머스 라파이 스태프 [거래 불가]	
INTL_20180327_000318	프리머스 라파이 로드 [거래 불가]	
INTL_20180327_000319	프리머스 라파이 투 핸드 메이스 [거래 불가]	
INTL_20180327_000320	프리머스 라파이 대거 [거래 불가]	
INTL_20180327_000321	프리머스 라파이 스피어 [거래 불가]	
INTL_20180327_000322	프리머스 라파이 파이크 [거래 불가]	
INTL_20180327_000323	프리머스 라파이 레이피어 [거래 불가]	
INTL_20180327_000324	프리머스 라파이 크로스보우 [거래 불가]	
INTL_20180327_000325	프리머스 라파이 보우 [거래 불가]	
INTL_20180327_000326	프리머스 라파이 피스톨 [거래 불가]	
INTL_20180327_000327	프리머스 라파이 캐논 [거래 불가]	
INTL_20180327_000328	프리머스 라파이 머스킷 [거래 불가]	
INTL_20180327_000329	프리머스 라파이 실드 [거래 불가]	
INTL_20180327_000330	아브도챠 [거래 불가]	
INTL_20180327_000331	사크미스 [거래 불가]	
INTL_20180327_000332	스컬 스매셔 [거래 불가]	
INTL_20180327_000333	리가드 혼 스태프 [거래 불가]	
INTL_20180327_000334	하트 오브 글로리 [거래 불가]	
INTL_20180327_000335	스컬 브레이커 [거래 불가]	
INTL_20180327_000336	에멘가드 대거 [거래 불가]	
INTL_20180327_000337	윙샤드 스피어 [거래 불가]	
INTL_20180327_000338	리가드 혼 파이크 [거래 불가]	
INTL_20180327_000339	블랙 혼 [거래 불가]	
INTL_20180327_000340	리가드 혼 크로스보우 [거래 불가]	
INTL_20180327_000341	아스트라 보우 [거래 불가]	
INTL_20180327_000342	아스파나 리볼버 [거래 불가]	
INTL_20180327_000343	에멘가드 캐논 [거래 불가]	
INTL_20180327_000344	에멘가드 머스킷 [거래 불가]	
INTL_20180327_000345	에멘가드 실드 [거래 불가]	
INTL_20180327_000346	프리머스 옥시니스 로브 [거래 불가]	
INTL_20180327_000347	프리머스 카울라스 레더 아머 [거래 불가]	
INTL_20180327_000348	프리머스 크라이지어스 플레이트 아머 [거래 불가]	
INTL_20180327_000349	프리머스 옥시니스 팬츠 [거래 불가]	
INTL_20180327_000350	프리머스 카울라스 레더 팬츠 [거래 불가]	
INTL_20180327_000351	프리머스 크라이지어스 플레이트 팬츠 [거래 불가]	
INTL_20180327_000352	프리머스 옥시니스 글로브 [거래 불가]	
INTL_20180327_000353	프리머스 카울라스 레더 글로브 [거래 불가]	
INTL_20180327_000354	프리머스 크라이지어스 건틀릿 [거래 불가]	
INTL_20180327_000355	프리머스 옥시니스 부츠 [거래 불가]	
INTL_20180327_000356	프리머스 카울라스 레더 부츠 [거래 불가]	
INTL_20180327_000357	프리머스 크라이지어스 그리브 [거래 불가]	
INTL_20180327_000358	마우스 우클릭 시 사용되며 서버 내 모든 캐릭터에 사용 시점으로부터 30일간 혜택이 적용됩니다. 캐릭터 정보창에서 잔여 시간을 확인하실 수 있습니다.{nl}[토큰 효과]{nl} - 특성 즉시 수련 가능{nl} - 마켓 판매 수수료율 감소(30%{img white_right_arrow 16 16}10%){nl} - 마켓 판매 등록 아이템 개수 10개{nl} - 마켓 상/하한가 관계없이 물품 등록 가능{nl} - 마켓 판매금 즉시 수령{nl} - 캐릭터 이동속도 +3 증가{nl} - 몬스터 처치 시 경험치 +30% 증가{nl}(PC방 혜택, 경험의 서 효과와 중첩 가능){nl} - 팀 창고 이용 가능{nl} - 프리미엄 제스쳐 사용 가능{nl} - 개인 거래 30회 가능{nl} - 살러스 수녀원 미션 완료 보상 +1{nl} - 레이드 던전 입장 아이템 소모 개수 -2	
INTL_20180327_000359	정어리:14일	
INTL_20180327_000360	전투 뱁새 컴패니언 패키지	
INTL_20180327_000361	마우스 우클릭으로 사용할 수 있습니다. 사용시 상자의 내용물을 획득할 수 있습니다.	
INTL_20180327_000362	[이벤트] 이모티콘 플러스 패키지 : 포포리온	
INTL_20180327_000363	아래와 같은 채팅 이모티콘을 등록할 수 있습니다.  마우스 오른쪽 클릭으로 사용합니다.{nl}{img emoticon_0024 50 50}{img emoticon_0025 50 50}{img emoticon_0026 50 50}{img emoticon_0027 50 50}{img emoticon_0028 50 50}{img emoticon_0029 50 50}{img emoticon_0030 50 50}{img emoticon_0031 50 50}{img emoticon_0032 50 50}{img emoticon_0033 50 50}{img emoticon_0034 50 50}{img emoticon_0035 50 50}{img emoticon_0036 50 50}{img emoticon_0037 50 50}{img emoticon_0038 50 50}{img emoticon_0039 50 50}{img emoticon_0040 50 50}{img emoticon_0041 50 50}{img emoticon_0042 50 50}{img emoticon_0043 50 50}{img emoticon_0044 50 50}{img emoticon_0045 50 50}{img emoticon_0046 50 50}	
INTL_20180327_000364	포포리온 코스튬 패키지	
INTL_20180327_000365	마우스 우클릭 시 사용되며 구성물을 획득할 수 있습니다.{nl} - 포포리온 코스튬 x1{nl} - 포포리온 헤드 x1{nl}{@stToolTip_Red}사용 시 성별에 맞는 아이템이 지급됩니다.{/}	
INTL_20180327_000366	턱시도 냥이 코스튬 패키지	
INTL_20180327_000367	마우스 우클릭 시 사용되며 구성물을 획득할 수 있습니다.{nl} - 턱시도 냥이 코스튬 x1{nl} - 턱시도 냥이 헤드 x1{nl}{@stToolTip_Red}사용 시 성별에 맞는 아이템이 지급됩니다.{/}	
INTL_20180327_000368	치킨 푸들 코스튬 패키지	
INTL_20180327_000369	마우스 우클릭 시 사용되며 구성물을 획득할 수 있습니다.{nl} - 치킨 푸들 코스튬 x1{nl} - 치킨 푸들 헤드 x1{nl}{@stToolTip_Red}사용 시 성별에 맞는 아이템이 지급됩니다.{/}	
INTL_20180327_000370	몬스터 카드첩 상자	
INTL_20180327_000371	마우스 우클릭 시 사용되며 구성물을 획득할 수 있습니다.{nl} - 몬스터 카드첩 : 레드 x1{nl} - 몬스터 카드첩 : 블루 x1{nl} - 몬스터 카드첩 : 그린 x1{nl} - 몬스터 카드첩 : 퍼플 x1	
INTL_20180327_000372	장인의 황금 모루 상자	
INTL_20180327_000373	빛나는 황금 모루 5개가 들어있는 상자입니다. 마우스 오른쪽 버튼 클릭으로 사용하면 아이템이 지급됩니다.	
INTL_20180327_000374	특성 포인트 100	
INTL_20180327_000375	사용시 특성 포인트가 100 증가합니다. 마우스 오른쪽 클릭으로 사용합니다.	
INTL_20180327_000376	마법 부여 스크롤 10개 상자	
INTL_20180327_000377	사용 시 마법 부여 스크롤 10개를 획득합니다. 마우스 우클릭으로 사용합니다.	
INTL_20180327_000378	확성기 10개 상자	
INTL_20180327_000379	사용 시 확성기 10개를 획득합니다. 마우스 우클릭으로 사용합니다.	
INTL_20180327_000380	신규 시작 패키지	
INTL_20180327_000381	마우스 우클릭 시 사용되며 구성물을 획득할 수 있습니다.{nl} - 고농축 HP포션 100개{nl} - 고농축 SP포션 100개{nl} - 대왕꿀송편 10개{nl}- 정착지원 포션 10개{nl}- 인스턴스 던전 소탕권 [★] 5개{nl}- 스킬 초기화 포션 1개{nl}- 스탯 초기화 포션 1개	
INTL_20180327_000382	스킬 초기화 포션	
INTL_20180327_000383	사용한 스킬 포인트를 초기화 합니다.	
INTL_20180327_000384	스탯 초기화 포션	
INTL_20180327_000385	마우스 우클릭 시 사용되며 구성물을 획득할 수 있습니다.{nl} - 토큰:7일[증정용]{nl} - 마법 부여 스크롤(14일) 10개{nl} - 이모티콘 플러스 패키지 : 포포리온{nl}- 심플 코스튬 상자{nl}- 파초선(30일){nl} - 붉은 베레모{nl} - 라이트 살몬 염색약{nl} - 크림슨 렌즈{nl} - 정착 지원 포션 Lv2 10개{nl} - 케이스타스 회복포션Lv2 20개	
INTL_20180327_000386	사용 시 9 TP를 획득합니다. 사용하여 캐릭터 인벤토리에서 수령 시 청약철회가 불가능 합니다.	
INTL_20180327_000387	사용 시 29 TP를 획득합니다. 사용하여 캐릭터 인벤토리에서 수령 시 청약철회가 불가능 합니다.	
INTL_20180327_000388	사용 시 247 TP를 획득합니다. 사용하여 캐릭터 인벤토리에서 수령 시 청약철회가 불가능 합니다.	
INTL_20180327_000389	사용 시 491 TP를 획득합니다. 사용하여 캐릭터 인벤토리에서 수령 시 청약철회가 불가능 합니다.	
INTL_20180327_000390	마우스 우클릭 시 사용되며 구성물을 획득할 수 있습니다.{nl} - 강아지 풍선{nl} - 다이아몬드 모루{nl} - 황금 모루 3개{nl}- 은빛 모루 3개{nl}- 강화 실버 할인 쿠폰 : 10만 실버 10개{nl} - 특성 포인트 1,000{nl} - 고농축 HP포션 20개{nl} - 고농축 SP포션 20개{nl} - 정착 지원 포션 Lv2 10개{nl} - 여신의 조각상 5개{nl} - 고농축 이동속도 증가 포션 5개	
INTL_20180327_000391	빛나는 전투 뱁새 패키지	
INTL_20180327_000392	마우스 우클릭 시 사용되며 구성물을 획득할 수 있습니다.{nl} - 빛나는 전투 뱁새 알{nl} - 뱁새용 모이 50개	
INTL_20180327_000393	빛나는 펭귄 패키지	
INTL_20180327_000394	마우스 우클릭 시 사용되며 구성물을 획득할 수 있습니다.{nl} - 빛나는 펭귄 알{nl} - 정어리 50개	
INTL_20180327_000395	사용 시 16 TP를 획득합니다. 사용하여 캐릭터 인벤토리에서 수령 시 청약철회가 불가능 합니다.	
INTL_20180327_000396	사용 시 33 TP를 획득합니다. 사용하여 캐릭터 인벤토리에서 수령 시 청약철회가 불가능 합니다.	
INTL_20180327_000397	사용 시 49 TP를 획득합니다. 사용하여 캐릭터 인벤토리에서 수령 시 청약철회가 불가능 합니다.	
INTL_20180327_000398	사용 시 66 TP를 획득합니다. 사용하여 캐릭터 인벤토리에서 수령 시 청약철회가 불가능 합니다.	
INTL_20180327_000399	사용 시 82 TP를 획득합니다. 사용하여 캐릭터 인벤토리에서 수령 시 청약철회가 불가능 합니다.	
INTL_20180327_000400	사용 시 99 TP를 획득합니다. 사용하여 캐릭터 인벤토리에서 수령 시 청약철회가 불가능 합니다.	
INTL_20180327_000401	사용 시 115 TP를 획득합니다. 사용하여 캐릭터 인벤토리에서 수령 시 청약철회가 불가능 합니다.	
INTL_20180327_000402	사용 시 132 TP를 획득합니다. 사용하여 캐릭터 인벤토리에서 수령 시 청약철회가 불가능 합니다.	
INTL_20180327_000403	사용 시 148 TP를 획득합니다. 사용하여 캐릭터 인벤토리에서 수령 시 청약철회가 불가능 합니다.	
INTL_20180327_000404	사용 시 165 TP를 획득합니다. 사용하여 캐릭터 인벤토리에서 수령 시 청약철회가 불가능 합니다.	
INTL_20180327_000405	사용 시 198 TP를 획득합니다. 사용하여 캐릭터 인벤토리에서 수령 시 청약철회가 불가능 합니다.	
INTL_20180327_000406	사용 시 330 TP를 획득합니다. 사용하여 캐릭터 인벤토리에서 수령 시 청약철회가 불가능 합니다.	
INTL_20180327_000407	사용 시 379 TP를 획득합니다. 사용하여 캐릭터 인벤토리에서 수령 시 청약철회가 불가능 합니다.	
INTL_20180327_000408	사용 시 445 TP를 획득합니다. 사용하여 캐릭터 인벤토리에서 수령 시 청약철회가 불가능 합니다.	
INTL_20180327_000409	사용 시 660 TP를 획득합니다. 사용하여 캐릭터 인벤토리에서 수령 시 청약철회가 불가능 합니다.	
INTL_20180327_000410	사용 시 990 TP를 획득합니다. 사용하여 캐릭터 인벤토리에서 수령 시 청약철회가 불가능 합니다.	
INTL_20180327_000411	사용 시 1650 TP를 획득합니다. 사용하여 캐릭터 인벤토리에서 수령 시 청약철회가 불가능 합니다.	
INTL_20180327_000412	사용 시 3300 TP를 획득합니다. 사용하여 캐릭터 인벤토리에서 수령 시 청약철회가 불가능 합니다.	
INTL_20180327_000413	사용 시 6600 TP를 획득합니다. 사용하여 캐릭터 인벤토리에서 수령 시 청약철회가 불가능 합니다.	
INTL_20180327_000414	사용 시 396 TP를 획득합니다. 사용하여 캐릭터 인벤토리에서 수령 시 청약철회가 불가능 합니다.	
INTL_20180327_000415	사용 시 16500 TP를 획득합니다. 사용하여 캐릭터 인벤토리에서 수령 시 청약철회가 불가능 합니다.	
INTL_20180327_000416	프리미엄 VIP 패키지	
INTL_20180327_000417	마우스 우클릭으로 사용할 수 있습니다. 사용시 상자의 내용물을 획득할 수 있습니다.{nl} - 인스턴스 던전 배수 토큰 x2{nl} - 대왕 꿀송편 x10	
INTL_20180327_000418	마우스 우클릭으로 사용할 수 있습니다. 사용시 상자의 내용물을 획득할 수 있습니다. 사용시 28일간 1일 1회 접속시 해당 날의 아이템을 지급합니다.	
INTL_20180327_000419	보관실	
INTL_20180327_000420	독방구역	
INTL_20180327_000421	작업장	
INTL_20180327_000422	심문실	
INTL_20180327_000423	회색 레서판다	
INTL_20180327_000424	라플레시아 근처에서 발견 되는 몬스터.	
INTL_20180327_000425	특수요원 008	
INTL_20180327_000426	고로	
INTL_20180327_000427	토큰 마켓 올릴때 최소 실버가격	
INTL_20180327_000428	토큰 마켓 올릴때 최대 실버가격	
INTL_20180327_000429	마켓 판매 실버대금 딜레이 48시간.	
INTL_20180327_000430	마켓 판매 실버대금 딜레이 48시간.(토큰전용)	
INTL_20180327_000431	토큰 사용자는 상/하안가에 영향을 받지 않는다.	
INTL_20180327_000432	토큰은 마켓에서 거래한 이후에도 계속 거래 가능하게 할 것인가?(1:거래가능, 0:거래불가)	
INTL_20180327_000433	소모품 /잡화	
INTL_20180327_000434	프리미엄 아이템	
INTL_20180327_000435	소모품	
INTL_20180327_000436	꾸미기	
INTL_20180327_000437	프리미엄남성 헤어	
INTL_20180327_000438	프리미엄여성 헤어	
INTL_20180327_000439	소모품 /잡화 더미	
INTL_20180327_000440	꾸미기 더미	
INTL_20180327_000441	비밀 제작서-아브도챠	
INTL_20180327_000442	장비를 제작할 수 있는 제작서입니다. 마우스 오른쪽 클릭으로 제작서를 모험일지에 등록할 수 있습니다.	
INTL_20180327_000443	비밀 제작서-사크미스	
INTL_20180327_000444	비밀 제작서-스컬 스매셔	
INTL_20180327_000445	비밀 제작서-리가드 혼 스태프	
INTL_20180327_000446	비밀 제작서-하트 오브 글로리	
INTL_20180327_000447	비밀 제작서-스컬 브레이커	
INTL_20180327_000448	비밀 제작서-에멘가드 대거	
INTL_20180327_000449	비밀 제작서-윙샤드 스피어	
INTL_20180327_000450	비밀 제작서-리가드 혼 파이크	
INTL_20180327_000451	비밀 제작서-블랙 혼	
INTL_20180327_000452	비밀 제작서-리가드 혼 크로스보우	
INTL_20180327_000453	비밀 제작서-아스트라 보우	
INTL_20180327_000454	비밀 제작서-아스파나 리볼버	
INTL_20180327_000455	비밀 제작서-에멘가드 머스킷	
INTL_20180327_000456	비밀 제작서-에멘가드 캐논	
INTL_20180327_000457	비밀 제작서-에멘가드 실드	
INTL_20180327_000458	가지고 싶은 아이템을 선택하세요.	이벤트 알림판
INTL_20180327_000459	팀 레벨이 부족합니다.	이벤트 알림판
INTL_20180327_000460	이벤트 아이템이 지급되었습니다.	이벤트 알림판
INTL_20180327_000461	아이템은 토요일, 일요일에만 받을 수 있습니다.	이벤트 알림판
INTL_20180327_000462	경계하는 남자	
INTL_20180327_000463	마을에 머물게 해주셔서 감사합니다.{nl}헌데.. 이렇게 누추한 곳까지 어쩐 일이신가요?{nl}제게.. 볼 일이라도...?{nl}없다면 돌아가 주시길 부탁드립니다.	경계하는 남자
INTL_20180327_000464	알고 있다고.. 모두가 들어갈 수는 없습니다.	경계하는 남자
INTL_20180327_000465	하하하.. 뭐 이런 걸.. 원한 건 아닙니다만..{nl}자.. 들어가 보겠습니까?	경계하는 남자
INTL_20180327_000466	볼 일 없으면 그만 돌아가 주시길 부탁드립니다.	경계하는 남자
INTL_20180327_000467	야시장 관리인	
INTL_20180327_000468	마음에 드는 물건은 있었나?{nl}운이 좋으면 다음에 또 볼 수 있기를 바라지...	야시장 관리인
INTL_20180327_000469	당신은 모험을 시작한 지 얼마 되지 않아 보이는군요.{nl}아직 이곳에 오기에 이릅니다.	경계하는 남자
INTL_20180327_000470	저 대신에 이 사람에게 초콜릿을 전달해 주실수 있나요?	짝사랑 소녀
INTL_20180327_000471	소녀에게 받은 	짝사랑 소녀
INTL_20180327_000472	을 전달하거나 먹으세요.	짝사랑 소녀
INTL_20180327_000473	금고	
INTL_20180327_000474	Winter Key 10개를 모으시면 "윈터펭" 을 드립니다.{nl}(Winter Key는 2월 20일 이벤트에서 획득할 수 있습니다.)	금고
INTL_20180327_000475	마지막 겨울 이벤트가 진행 중입니다.{nl}마지막 겨울 선물과 버프는 물론, 신규 컴패니언 윈터펭도 만나보세요.	이벤트 알림판
INTL_20180327_000476	Winter Key 10개를 모으시면 "윈터펭" 을 드립니다.{nl}(이벤트 알림판에서 마지막 겨울 선물을 받으세요.)	금고
INTL_20180327_000477	Winter Key로 추가 보상을 받을 수 있습니다.{nl}(Winter Key 1개당 1회의 추가 보상이 주어집니다.)	금고
INTL_20180327_000478	이미 버프가 존재합니다.	이벤트 알림판
INTL_20180327_000479	너무 이릅니다.	이벤트 알림판
INTL_20180327_000480	특성 포인트 1,000	
INTL_20180327_000481	토큰:30일	
INTL_20180327_000482	토큰:60일	
INTL_20180327_000483	함께하고 있는 컴패니언 레벨이 낮아 사용할 수 없습니다.	
INTL_20180327_000484	사탕 세트 제작서 구입	
INTL_20180327_000485	사탕 세트 건네주기	
INTL_20180327_000486	화이트데이 버프 받기	
INTL_20180327_000487	화이트데이 목걸이	
INTL_20180327_000488	화이트데이 팔찌	
INTL_20180327_000489	화이트데이 밴드	
INTL_20180327_000490	다시 생각해본다	
INTL_20180327_000491	이벤트 참여 회수 확인	
INTL_20180327_000492	{WHITECOUNT}회 완료하셨습니다.	
INTL_20180327_000493	{REWARD}회 보상을 수령하였습니다.	
INTL_20180327_000494	{NEXTLV}레벨을 달성하면 보상을 받을 수 있습니다.	
INTL_20180327_000495	 받기	
INTL_20180327_000496	목표레벨 확인	
INTL_20180327_000497	컴패니언 탑승 상태에서 사용할 수 없습니다.	
INTL_20180327_000498	만우절 아이템 받기	
INTL_20180327_000499	초보 유저의 이벤트 : 가이드 상자 받기	
INTL_20180327_000500	복귀 유저의 이벤트 : 복귀 유저의 서 받기	
INTL_20180327_000501	내일부터 하루에 한 번{nl}복귀 유저의 서 5개{nl}를 획득할 수 있습니다.	
INTL_20180327_000502	정착 지원의 이벤트 : 보상 받기	
INTL_20180327_000503	비밀 야시장에 대해 알고 있다.	
INTL_20180327_000504	탈트 10개를 건네준다.	
INTL_20180327_000505	비밀 야시장으로 들어간다.	
INTL_20180327_000506	비밀 야시장을 나간다.	
INTL_20180327_000507	마지막 겨울 이벤트	
INTL_20180327_000508	마지막 겨울 버프 받기	
INTL_20180327_000509	마지막 겨울 선물 받기	
INTL_20180327_000510	무기	
INTL_20180327_000511	방어구	
INTL_20180327_000512	황금 석화 고래 이벤트	
INTL_20180327_000513	고래의 보물 받기	
INTL_20180327_000514	빛나는 네잎클로버 받기	
INTL_20180327_000515	상품 교환하기	
INTL_20180327_000516	강화 8단계 상품	
INTL_20180327_000517	강화 10단계 상품	
INTL_20180327_000518	강화 15단계 상품	
INTL_20180327_000519	강화 20단계 상품	
INTL_20180327_000520	강화 25단계 상품	
INTL_20180327_000521	 {nl}{HOUR} 시간후에 보상을 수령할 수 있습니다.	
INTL_20180328_000522	매일매일 출석체크 이벤트	
INTL_20180328_000523	 {nl}{COUNT}일차 보상을 받았습니다.{nl}내일 또 오세요~	
INTL_20180328_000524	 {nl}{CUBE} 사용 횟수 : {@st66d_y}{s18}{SUM}{/}{/}{nl}앞으로 {@st66d_y}{s18}{COUNT}{/}{/}회 사용시 {@st66d_y}{s18}{BOUNS}{/}{/}회 보상을 받을 수 있습니다.{nl}{@st66d_y}{s18}{REWARD}{/}{/} 회 보상을 받을 수 있습니다.{nl}수령하시겠습니까?	
INTL_20180328_000525	 {nl}{CUBE}  사용 횟수 : {@st66d_y}{s18}{SUM}{/}{/}{nl}앞으로 {@st66d_y}{s18}{COUNT}{/}{/}회 사용시 {@st66d_y}{s18}{BOUNS}{/}{/}회 보상을 받을 수 있습니다.	
INTL_20180328_000526	보너스 큐브	
INTL_20180412_000527	레타스 개울가 미션	
INTL_20180412_000528	습격받은 페디미안	
INTL_20180412_000529	대지의 탑 징표 상자	
INTL_20180412_000530	대지의 탑 징표 중 무작위로 1개를 획득할 수 있습니다.	
INTL_20180412_000531	죽엽	
INTL_20180412_000532	5분 동안 물리,마법 공격력을 +100 상승시켜줍니다.{nl}죽엽, 돼지고기, 찹쌀, 표고버섯, 쫑쯔 레서피와 함께 쫑쯔를 만들 수 있습니다.	
INTL_20180412_000533	돼지고기	
INTL_20180412_000534	5분 동안 물리,마법 공격력을 +100 상승시켜줍니다..{nl}죽엽, 돼지고기, 찹쌀, 표고버섯, 쫑쯔 레서피와 함께 쫑쯔를 만들 수 있습니다.	
INTL_20180412_000535	제작서-[이벤트] 복원된 여신상	
INTL_20180412_000536	[이벤트] 복원된 여신상을 만들 수 있는 제작서	
INTL_20180416_000537	스태미나를 30 회복 시켜줍니다.{nl}사용가능 목록{nl} - 벨하이더 {nl} - 호글란 {nl} - 펭그린 {nl} - 아기돼지 {nl} - 락스돈 {nl} - 아르마딜로 {nl} - 금강불개 {nl} - 고로	
INTL_20180423_000538	[이벤트] 계시를 찾은 구원자에게 지급되는 칭호입니다. 마우스 오른쪽 클릭으로 사용합니다.	
INTL_20180423_000539	이벤트 버프	
INTL_20180423_000540	[이벤트]첫번째 계시	
INTL_20180423_000541	계시 이벤트 아이템입니다.{nl}이벤트 알림판에서 칭호로 교환할 수 있습니다.	
INTL_20180423_000542	칭호 - [EVENT]Crystal Mine Revelation	
INTL_20180423_000543	칭호 받기	
INTL_20180423_000544	버프 받기	
INTL_20180423_000545	첫 번째 세계관 이벤트 : 수정광산	
INTL_20180504_000546	새로운 시작 이벤트 (신규)	
INTL_20180504_000547	장비 선택	
INTL_20180504_000548	다시 시작 이벤트 (복귀자의 선물)	
INTL_20180516_000549	앞으로 {NRUCOUNT}개의 캐릭터 보상이 남았습니다.	
INTL_20180528_000550	미쉐칸 숲 미션	
INTL_20180528_000551	인형의 꿈	
INTL_20180528_000552	깊은 산속의 선물 상자	
INTL_20180528_000553	페디미안 수호 큐브	
INTL_20180528_000554	페디미안을 수호한 구원자에게 주어지는 보상입니다.	
INTL_20180528_000555	특성 포인트 상자 S급 (3개)	
INTL_20180528_000556	특성 포인트 상자 S급 3개가 들어있는 상자입니다. 마우스 오른쪽 버튼 클릭으로 사용하면 아이템이 지급됩니다.	
INTL_20180528_000557	장인의 다이아몬드 모루 상자	
INTL_20180528_000558	다이아몬드 모루 5개가 들어있는 상자입니다. 마우스 오른쪽 버튼 클릭으로 사용하면 아이템이 지급됩니다.	
INTL_20180528_000559	장인의 무기 비밀 레시피 상자 (Lv. 315)	
INTL_20180528_000560	적은 재료로 315제 장비를 제작 가능한 비밀 레시피를 선택할 수 있습니다. 마우스 오른쪽 버튼 클릭으로 사용합니다.	
INTL_20180528_000561	장인의 비밀 제작서-아브도챠	
INTL_20180528_000562	장인의 비밀 제작서-사크미스	
INTL_20180528_000563	장인의 비밀 제작서-스컬 스매셔	
INTL_20180528_000564	장인의 비밀 제작서-리가드 혼 스태프	
INTL_20180528_000565	장인의 비밀 제작서-하트 오브 글로리	
INTL_20180528_000566	장인의 비밀 제작서-스컬 브레이커	
INTL_20180528_000567	장인의 비밀 제작서-에멘가드 대거	
INTL_20180528_000568	장인의 비밀 제작서-윙샤드 스피어	
INTL_20180528_000569	장인의 비밀 제작서-리가드 혼 파이크	
INTL_20180528_000570	장인의 비밀 제작서-블랙 혼	
INTL_20180528_000571	장인의 비밀 제작서-리가드 혼 크로스보우	
INTL_20180528_000572	장인의 비밀 제작서-아스트라 보우	
INTL_20180528_000573	장인의 비밀 제작서-아스파나 리볼버	
INTL_20180528_000574	장인의 비밀 제작서-에멘가드 캐논	
INTL_20180528_000575	장인의 비밀 제작서-에멘가드 머스킷	
INTL_20180528_000576	장인의 비밀 제작서-에멘가드 실드	
INTL_20180607_000577	{@st59}접속을 원하는 서버를 선택하여 주세요{/}	
INTL_20180607_000578	가이드 큐브입니다.{nl}사용 시 아이템을 획득할 수 있습니다.{nl}(1레벨 이상 사용 가능합니다.)	
INTL_20180607_000579	Chr Lv1 가이드 상자 (14일)	
INTL_20180607_000580	Chr Lv50 가이드 상자 (14일)	
INTL_20180607_000581	가이드 큐브입니다.{nl}사용 시 아이템을 획득할 수 있습니다.{nl}(50레벨 이상 사용 가능합니다.)	
INTL_20180607_000582	Chr Lv170 가이드 상자 (14일)	
INTL_20180607_000583	가이드 큐브입니다.{nl}사용 시 아이템을 획득할 수 있습니다.{nl}(170레벨 이상 사용 가능합니다.)	
INTL_20180607_000584	Chr Lv220 가이드 상자 (14일)	
INTL_20180607_000585	가이드 큐브입니다.{nl}사용 시 아이템을 획득할 수 있습니다.{nl}(220레벨 이상 사용 가능합니다.)	
INTL_20180607_000586	Team Lv2 가이드 상자 (14일)	
INTL_20180607_000587	가이드 큐브입니다.{nl}사용 시 아이템을 획득할 수 있습니다.{nl}(팀 레벨 2이상 사용 가능합니다.)	
INTL_20180607_000588	Team Lv3 가이드 상자 (14일)	
INTL_20180607_000589	가이드 큐브입니다.{nl}사용 시 아이템을 획득할 수 있습니다.{nl}(팀 레벨 3이상 사용 가능합니다.)	
INTL_20180607_000590	팀 레벨이 1보다 높거나 이미 "가이드 상자(14일)"을 받으셨습니다.{nl}(복귀 유저는 "복귀 유저의 선물 상자(14일)"을 사용해서 복귀 유저를 증명해주세요.)	이벤트 알림판
INTL_20180607_000591	트리 오브 세이비어 복귀를 환영합니다.	이벤트 알림판
INTL_20180607_000592	트리 오브 세이비어에 오신 것을 환영합니다.	이벤트 알림판
INTL_20180607_000593	복귀 유저가 증명되었습니다.{nl}"가이드 상자(14일)"을 받지 않으셨다면 "이벤트 알림판"에서 아이템을 획득하세요.	알림
INTL_20180607_000594	초보, 복귀 이벤트	
INTL_20180626_000595	Daemon State 기록 여부[True:1, False:0]	
INTL_20180628_000596	2주년 이벤트 아이템입니다.{nl} 30분간 파티원 전체의 이동속도 +4, 광역 공격 비율 +1 경험치 25% 증가의 효과를 줍니다.	
INTL_20180628_000597	마스터 명단 리스트	
INTL_20180628_000598	초대장을 가진 마스터들의 명단을 기록하고 있습니다.{nl}(사용 시 이벤트 진행 상황을 확인할 수 있습니다.)	
INTL_20180628_000599	이벤트 워프 주문서 - 2주년 이벤트 시작	
INTL_20180628_000600	이벤트용 워프 주문서입니다.{nl}사용 시 2주년 이벤트 도우미 npc 앞으로 이동합니다.	
INTL_20180628_000601	스팀 2주년 암밴드	
INTL_20180628_000602	스팀 2주년을 기념하여 제작된 암밴드 입니다.	
INTL_20180628_000603	초대에 응한 마스터	
INTL_20180628_000604	오늘은 이미 확인하신 것 같은데요..?	초대에 응한 마스터
INTL_20180628_000605	오늘은 날씨가 좋네요..	초대에 응한 마스터
INTL_20180628_000606	트리 오브 세이비어 2주년을 축하합니다!!!{nl}오늘은 모든 마스터들이 한자리에 모이는 날입니다!{nl}이야기는 들었습니다. 구원자님께서 마스터들이 모두 모였는지 확인 중이시라면서요..?{nl}여기.. 작은 선물입니다.	초대에 응한 마스터
INTL_20180628_000607	2주년 이벤트 도우미	
INTL_20180628_000608	이벤트 워프 주문서 - 2주년 이벤트 시작 아이템을 먼저 사용해주세요.{nl}[획득 방법]{nl}TOS - Second Anniversary Present DLC에서 무료로 받을 수 있습니다.{nl}(최초 GM 메시지함으로 지급됩니다.)	초대에 응한 마스터
INTL_20180628_000609	트리 오브 세이비어 2주년에 오신 것을 환영합니다.{nl}- 초대에 응한 자 코스튬이 지급되었습니다.{nl}(마스터 명단 리스트를 사용해서 2주년 이벤트를 진행하세요.)	2주년 이벤트 도우미
INTL_20180628_000610	이벤트 워프 주문서	
INTL_20180628_000611	아이템 사용 시 이벤트 시작 npc로 이동합니다.{nl}사용하시겠습니까?	이벤트 워프 주문서
INTL_20180628_000612	골키퍼	
INTL_20180628_000613	우리 모두 다 같이 축제를 즐겨요.{nl}펭 펭~	골키퍼
INTL_20180628_000614	마음에 드는 팀을 고르고 응원 도구와 칭호를 받아 가세요.{nl}펭 펭~	골키퍼
INTL_20180628_000615	서포터즈 암밴드와 슬로건을 획득한 계정은 트로피를 받을 수 있습니다.{nl}펭 펭~	골키퍼
INTL_20180628_000616	이미 트로피를 받았습니다.{nl}펭 펭~	골키퍼
INTL_20180628_000617	2주년 이벤트 - 마스터 명단 리스트 받기	
INTL_20180628_000618	이벤트 진행 상황 : {COUNT}/55{nl}오늘의 초대장을 확인할 마스터는{nl}{JOB} 마스터입니다.	
INTL_20180628_000619	이벤트 진행 상황 : {COUNT}/55{nl}오늘의 초대장은 이미 확인했습니다.	
INTL_20180628_000620	응원 도구 받기	
INTL_20180628_000621	트로피 받기	
INTL_20180702_000622	기념을 축하하는 폭죽의 힘이 공유되고 있습니다.	
INTL_20180801_000623	비비드 시티 참여 중	
INTL_20180801_000624	스킬을 사용할 수 없습니다.{nl}60분 뒤 마을로 이동합니다.	
INTL_20180801_000625	사용 시 코스튬을 획득할 수 있습니다.{nl} - 초대에 응한 자 코스튬(남){nl} - 초대에 응한 코스튬(여)	INTL_20180628_000600	이벤트용 워프 주문서입니다.{nl}사용 시 2주년 이벤트 도우미 npc 앞으로 이동합니다.	
INTL_20180801_000626	원하시는 비비드 시티를 선택해 주세요.	이벤트 알림판
INTL_20180801_000627	오늘은 해당 비비드 시티를 더 이상 진행할 수 없습니다.	이벤트 알림판
INTL_20180801_000628	원래 존으로 돌아갑니다.{nl}클리어 시간을 확인하세요.	알림
INTL_20180801_000629	비비드 시티 이벤트	
INTL_20180801_000630	클리어 시간 : {MIN}분 {SEC}초 입니다.	
INTL_20180809_000631	저주받은 혼 사용자	
INTL_20180809_000632	저주받은 혼	
INTL_20180809_000633	저주받은 병사에게 보여주면 저주받은 지역으로 갈 수 있습니다.{nl}사용 시 10분 동안 이동속도 +2, 물리 공격력 +50, 마법 공격력 +50 증가합니다.	
INTL_20180809_000634	저주받은 혼을 보여준다.	
INTL_20180809_000635	{Name}님이 저주받은 석화 고래를 깨웠습니다.	
INTL_20180809_000636	음산한 폭포	
INTL_20180810_000637	특성 포인트 50	
INTL_20180810_000638	사용시 특성 포인트가 50 증가합니다. 마우스 오른쪽 클릭으로 사용합니다.	
INTL_20180810_000639	저주받은 혼이 없는 자는 이 앞을 지나갈 수 없다.	저주받은 병사
INTL_20180810_000640	저주받은 해안의 몬스터를 처치해야만 저주받은 혼을 구할 수 있는 것도 모르는 애송이로군.	저주받은 병사
INTL_20180810_000641	어디선가 들려오는 목소리	
INTL_20180810_000642	오직 저주받은 혼으로만 저주받은 석화 고래를 깨울 수 있지..	어디선가 들려오는 목소리
INTL_20180816_000643	2018 레티샤의 보물 상자(시즌1)	
INTL_20180914_000644	2018 레티샤의 보물 상자(시즌2)	
INTL_20180914_000645	몽고 db에 특정 시스템 메시지 저장/로드 기능 사용할 것인지	
INTL_20181012_000646	2018 레티샤의 보물 상자(시즌3)	
INTL_20181102_000647	{ds}{b}{#ffefd6}30분:{#fe7e00}10 POINT	
INTL_20181102_000648	PC방 포인트샵을 모든 유저가 사용 가능하게 할지.	
INTL_20181102_000649	Popo Shop의 재시도 버튼을 클릭해주세요	
INTL_20181102_000650	Popo Shop 아이템 구매에 실패했습니다. 다시 시도해 주세요.	
INTL_20181102_000651	Popo Shop 포인트가 부족합니다.	
INTL_20181113_000652	받으실 10회 참여 횟수 보상을 선택해 주시겠어요?	큐폴 다이나
INTL_20181113_000653	스킬 초기화 포션 (14일), 거품 토끼	
INTL_20181113_000654	스킬 초기화 포션 (14일), 거품 고양이	
INTL_20181213_000655	유니크 탈트	
INTL_20181213_000656	탈트 가공 장치에서 장비 아이템으로 교환할 수 있습니다.	
INTL_20181213_000657	유니크 미감정 양손 무기 선택 상자	
INTL_20181213_000658	380레벨 유니크 미감정 장비 아이템을 획득할 수 있습니다.{nl}획득한 장비 아이템은 무제한이며 모든 거래가 가능합니다.	
INTL_20181213_000659	유니크 미감정 한손 무기 선택 상자	
INTL_20181213_000660	유니크 미감정 상의 선택 상자	
INTL_20181213_000661	유니크 미감정 하의 선택 상자	
INTL_20181213_000662	유니크 미감정 장갑 선택 상자	
INTL_20181213_000663	유니크 미감정 신발 선택 상자	
INTL_20181213_000664	낚시터에 빠진 상자	
INTL_20181213_000665	사용 시 원하는 헤어 코스튬을 선택할 수 있습니다.{nl}이벤트 종료 시 일괄 삭제됩니다.	
INTL_20181213_000666	탈트 가공 장치	
INTL_20190320_000667	던전 헤택 패키지	
INTL_20190320_000668	뱀파이어 코스튬 선택 상자	
INTL_20190320_000669	프리미엄 하얀 눈꽃 코스튬 선택 상자	
INTL_20190320_000670	새내기 사립 교복 코스튬 선택 상자	
INTL_20190320_000671	금강불개 무사 코스튬 선택 상자	
INTL_20190320_000672	원소절 큐브	
INTL_20190320_000673	원소절 큐브 x10+1	
INTL_20190320_000674	복귀자의 선물상자	INTL_20180327_000095	복귀자의 선물상자 (15일)	
INTL_20190320_000675	[GM] 특별한 변신 스크롤	ITEM_20180327_011039	特別變身卷軸	특별한 변신 스크롤	
INTL_20190320_000676	에서만 사용 가능합니다.{nl}2월 21일 점검 시, 일괄 삭제됩니다.	
INTL_20190320_000677	사용시 포획용 덫이 설치됩니다.{nl}2월 21일 점검 시, 일괄 삭제됩니다.	
INTL_20190320_000678	이벤트 재료 아이템입니다.{nl}포획한 몬스터 레벨을 증가시킬 수 있습니다.{nl}2월 21일 점검 시, 일괄 삭제됩니다.	
INTL_20190320_000679	사용시 보상 아이템 중 한가지 아이템이 랜덤으로 지급됩니다.{nl}2월 21일 점검 시, 일괄 삭제됩니다.	
INTL_20190320_000680	315제 방어구 장비를 선택할 수 있습니다.	INTL_20180327_000159	315제 무기 장비를 선택할 수 있습니다.	
INTL_20190320_000681	이벤트 재료 아이템입니다.{nl}쓸모있는 아이템으로 교환이 가능합니다.{nl}2월 21일 점검 시, 일괄 삭제됩니다.	
INTL_20190320_000682	초보 유저의 서(14일)	INTL_20180327_000164	신규 유저의 서(14일)	
INTL_20190320_000683	HP 포션 (1일)	
INTL_20190320_000684	HP를 40% 즉시 회복시키고 2초 간격으로 11초 동안 HP를 40% 회복 시켜줍니다. 마우스 오른쪽 클릭으로 사용합니다. 재사용 대기시간 20초.	
INTL_20190320_000685	HP 포션 (7일)	
INTL_20190320_000686	SP 포션 (1일)	
INTL_20190320_000687	SP를 40% 즉시 회복시키고 2초 간격으로 11초 동안 SP를 40% 회복 시켜줍니다. 마우스 오른쪽 클릭으로 사용합니다. 재사용 대기시간 20초.	
INTL_20190320_000688	SP 포션 (7일)	
INTL_20190320_000689	제작서 - HP 포션 (1일)	
INTL_20190320_000690	아이템을 제작할 수 있는 제작서입니다.	
INTL_20190320_000691	제작서 - HP 포션 (7일)	
INTL_20190320_000692	제작서 - SP 포션 (1일)	
INTL_20190320_000693	제작서 - SP 포션 (7일)	
INTL_20190320_000694	이벤트 설명	
INTL_20190320_000695	 {nl}{MAP} 에 있는 소년에게 초콜릿을 전달해 주세요.{nl}혹은 자신이 먹을 수도 있습니다.{nl}먹겠습니까?	
INTL_20190320_000696	{ITEMNAME}이 없습니다.	
INTL_20190320_000697	{ITEMNAME}을 전달하였습니다.	
INTL_20190408_000698	스태미나를 30 회복 시켜줍니다.{nl}사용가능 목록{nl} - 벨하이더 {nl} - 호글란 {nl} - 펭그린 {nl} - 아기돼지 {nl} - 락스돈 {nl} - 아르마딜로 {nl} - 금강불개 {nl} - 고로 {nl} - 댄디 멍뭉이{nl} - 황금 복돼지	INTL_20180416_000537	스태미나를 30 회복 시켜줍니다.{nl}사용가능 목록{nl} - 벨하이더 {nl} - 호글란 {nl} - 펭그린 {nl} - 아기돼지 {nl} - 락스돈 {nl} - 아르마딜로 {nl} - 금강불개 {nl} - 고로	
INTL_20190408_000699	포포샵 100 포인트 구매권	
INTL_20190408_000700	사용 시 포포샵 100 포인트가 추가됩니다.{nl} - 최대 포인트가 초과될 경우 사용할 수 없습니다.{nl} - 포포샵 이벤트 기간중에만 사용할 수 있습니다.	
INTL_20190408_000701	포포샵 500 포인트 구매권	
INTL_20190408_000702	사용 시 포포샵 500 포인트가 추가됩니다.{nl} - 최대 포인트가 초과될 경우 사용할 수 없습니다.{nl} - 포포샵 이벤트 기간중에만 사용할 수 있습니다.	
INTL_20190408_000703	포포샵 1000 포인트 구매권	
INTL_20190408_000704	사용 시 포포샵 1000 포인트가 추가됩니다.{nl} - 최대 포인트가 초과될 경우 사용할 수 없습니다.{nl} - 포포샵 이벤트 기간중에만 사용할 수 있습니다.	
INTL_20190408_000705	포포샵 이벤트 기간에만 사용 가능합니다.	
INTL_20190408_000706	{MAX}포인트를 초과할 수 없습니다.	
INTL_20190416_000707	축제 폭죽	
INTL_20190416_000708	모두의 불꽃 축제	
INTL_20190416_000709	축제 폭죽을 모아 이벤트 알림판으로부터 다양한 아이템으로 교환할 수 있습니다.{nl}(사용 시 10분 동안 이동속도 +2, 물리 공격력 +50, 마법 공격력 +50 증가합니다.)	
INTL_20190416_000710	축제 의상 코스튬 선택 상자	
INTL_20190416_000711	폭죽 축제 이벤트에 참여할 수 있는 축제 의상 코스튬이 담긴 상자입니다.	
INTL_20190416_000712	남성용 축제 의상 코스튬(30일)	
INTL_20190416_000713	축제에 입고가기 무난한 정장입니다. 착용하면 외형이 변경 됩니다.	
INTL_20190416_000714	여성용 축제 의상 코스튬(30일)	
INTL_20190416_000715	축제에서 입기 무난한 드레스입니다. 착용하면 외형이 변경 됩니다.	
INTL_20190416_000716	이벤트 기간 동안 축제 의상을 입고 몬스터를 처치하면 축제 폭죽을 획득할 수 있습니다.{nl}축제 폭죽을 저에게 가져오시면 다양한 아이템으로도 교환할 수 있습니다.{nl}(제 주변에서 축제 폭죽을 사용하면 "모두의 불꽃 축제" 버프를 추가로 획득할 수 있습니다.)	Ninot
INTL_20190416_000717	특별 접속 보상 이벤트 도우미	
INTL_20190416_000718	이벤트 기간동안 특별한 아이템과 버프를 획득할 수 있습니다.{nl}특별 접속 보상: 4월24일 ~ 4월28일{nl}주말 핫타임 24시간 버프: 4월27일 ~ 4월 28일, 5월4일 ~ 5월 5일	특별 접속 보상 이벤트 도우미
INTL_20190416_000719	{SEC}초 후 "모두의 불꽃 축제" 버프가 발동 됩니다.	
INTL_20190416_000720	"모두의 불꽃 축제" 버프가 발동합니다!	
INTL_20190416_000721	축제 의상을 입고 축제 폭죽을 사용하면{nl}"모두의 불꽃 축제"{nl}버프를 추가로 획득할 수 있습니다.	
INTL_20190528_000722	3월 특판 큐브	
INTL_20190528_000723	3월 특판 큐브 x10+1	
INTL_20190528_000724	달콤한 초콜릿 받기	
INTL_20190528_000725	이벤트 기간이 아닙니다.	
INTL_20190619_000726	3주년 큐브	
INTL_20190619_000727	3주년 큐브 10+1	
INTL_20190724_000728	컴패니언 버프	
INTL_20190724_000729	몬스터 처치 시 획득 경험치 +10% 증가	
INTL_20190820_000730	투 비긴:무기 상자	
INTL_20190820_000731	웨이크 업: 어드벤스	
INTL_20190820_000732	웨이크 업: 패키지	
INTL_20190827_000733	[주말 버닝] 경험치 증가	
INTL_20190827_000734	경험치 증가 + 100%	
INTL_20190827_000735	[주말 버닝] 이동 속도 증가	
INTL_20190827_000736	페디미안의 대장장이 테리아베리스가 요청한 특별한 장비를 만들기 위한 특별한 재료입니다.{nl}벨코퍼의 둥지, 흰 까마귀의 영면지: 레전드, 흰 까마귀의 영면지: 유니크, 챌린지 5단계, 수녀원 미션, 레벨 던전 클리어 시 획득할 수 있습니다.{nl}4월 11일 점검 시, 일괄 삭제 됩니다	
INTL_20190827_000737	2019년 여름을 기념하는 이벤트가 진행 중입니다.{nl}{#003399}[이벤트] 바살로스 주화{/}  교환과 길드 활동 보상을 지원해드립니다.	이벤트 도우미
INTL_20190827_000738	2. {#003399}[Summer Festa] 클라페다에서 여름 나기 이벤트{/}의 보상 교환	이벤트 도우미
INTL_20190827_000739	 클리어 : 5개{nl}- 유니크 레이드 	대장장이 테리아베리스
INTL_20190827_000740	 클리어 : 5개{nl}- 챌린지 5단계 이상 클리어 : 2개{nl}- 수녀원 미션 클리어 : 1개{nl}- 레벨던전 클리어 : 1개	대장장이 테리아베리스
INTL_20190926_000741	클래스 변경권 Lv.4 (1일){nl}스탯 초기화 포션 (1일){nl}이벤트 기간 동안 매일 3개씩 지원해드리고 있습니다.	초기화 지원 도우미
INTL_20191126_000742	[그리모어 장착 효과] 서모닝 사용 시 마군주 마르녹스 형태의 악마 소환{nl}[거래 불가]	
INTL_20191126_000743	[그리모어 장착 효과] 서모닝 사용 시 마군주 블룻 형태의 악마 소환{nl}[거래 불가]	
INTL_20191126_000744	[그리모어 장착 효과] 서모닝 사용 시 마군주 자우라 형태의 악마 소환{nl}[거래 불가]	
INTL_20191126_000745	[그리모어 장착 효과] 서모닝 사용 시 마군주 누아엘레 형태의 악마 소환{nl}[거래 불가]	
INTL_20191126_000746	[그리모어 장착 효과] 서모닝 사용 시 마군주 헬가 세르클 형태의 악마 소환{nl}[거래 불가]	
INTL_20191126_000747	[그리모어 장착 효과] 서모닝 사용 시 마군주 렉시퍼 형태의 악마 소환{nl}[거래 불가]	
INTL_20191126_000748	[그리모어 장착 효과] 서모닝 사용 시 마군주 미르티스 형태의 악마 소환{nl}[거래 불가]	
INTL_20191126_000749	[그리모어 장착 효과] 서모닝 사용 시 마군주 프로스터 로드 형태의 악마 소환{nl}[거래 불가]	
INTL_20191126_000750	사용 시 아래의 구성물 중 하나를 선택해 획득할 수 있습니다.{nl} - 마군주 마르녹스 카드 [거래 불가] 1개{nl} - 마군주 블룻 카드 [거래 불가] 1개{nl} - 마군주 자우라 카드 [거래 불가] 1개{nl} - 마군주 누아엘레 카드 [거래 불가] 1개{nl} - 마군주 헬가 세르클 카드 [거래 불가] 1개{nl} - 마군주 렉시퍼 카드 [거래 불가] 1개{nl} - 마군주 미르티스 카드 [거래 불가] 1개{nl} - 마군주 프로스터 로드 카드 [거래 불가] 1개	
INTL_20200128_000751	클라페다에 위치한 크리스마스 로열 상자를 열어 아래 아이템 중 각기 다른 확률로 한 개의 아이템을 획득할 수 있습니다.{nl}티니 라떼 아트 x1{nl}[이벤트] 황금 아이커 추출 키트 x1{nl}은빛 아이커 추출 키트 (14일) x1{nl}축복이 깃든 씨앗(14일) x1{nl}여신의 조각상(14일) x1{nl}[이벤트] 길드 퀘스트 보상 주화 : 은 x1{nl}레이드 포탈 스톤 x3{nl}20년 1월 2일 점검시, 일괄 삭제됩니다.	
INTL_20200128_000752	클라페다에 위치한 신비한 크리스마스 상자를 열어 아래 아이템 중 각기 다른 확률로 한 개의 아이템을 획득할 수 있습니다.{nl}[이벤트]특성 포인트 10,000 x1{nl}[이벤트]특성 포인트 1,000 x1{nl}[이벤트]특성 포인트 500 x1{nl}축복이 깃든 씨앗(14일) x1{nl}여신의 조각상(14일) x1{nl}[이벤트] 길드 퀘스트 보상 주화 : 은 x1{nl}레이드 포탈 스톤 x3{nl}20년 1월 2일 점검시, 일괄 삭제됩니다.	
INTL_20200211_000753	꽃잎	
INTL_20200211_000754	꽃잎을 모으면 좋은 일이 생길 것 같습니다.	
INTL_20200211_000755	꽃길 큐브	
INTL_20200211_000756	프릴 장식 페어리 코스튬 선택 상자	
INTL_20200211_000757	프릴 장식 페어리 코스튬이 들어있는 상자입니다. 마우스 오른쪽 버튼 클릭으로 사용합니다.	
INTL_20200211_000758	꽃잎은 5개가 필요합니다.	이벤트 알림판
INTL_20200211_000759	이벤트 기간동안 최초 {#661199}꽃잎{/} 5개는 삼색 경단 머리핀, 이후 {#661199}꽃잎{/} 5개는 봄 큐브 25개로 교환할 수 있습니다.	이벤트 알림판
INTL_20200211_000760	꽃길 이벤트	
INTL_20200226_000761	 클리어 : 5개{nl}- 레전드 레이드:캐주얼 클리어 : 2개{nl}- 유니크 레이드 클리어 : 5개{nl}- 유니크 레이드:캐주얼 클리어 : 2개{nl}- 챌린지 5단계 이상 클리어 : 2개{nl}- 레벨던전 클리어 : 1개	대장장이 테리아베리스
INTL_20200306_000762	낚시에 사용하는 특별한 미끼입니다. 미끼로 사용할 경우 [이벤트]연못에 숨겨진 보물 상자, 은빛 물고기, 작은 은빛 물고기를 각기 다른 확률로 획득 할 수 있습니다.	
INTL_20200804_000763	hwid, ip 확인 후 보호모드 적용 여부, 1:사용 0:안함	
INTL_20200821_000764	현재 이벤트 알림판에서 진행중인 이벤트가 없습니다.	이벤트 알림판
INTL_20201109_000765	마우스 우클릭 시 사용되며 구성물을 획득할 수 있습니다.{nl} - [보상용] 빛나는 펭귄 선택 상자{nl} - [펭귄전용] 컴패니언 경험치 카드 Lv.400{nl} - 정어리 50개	
INTL_20201109_000766	보루타 길드 미션에서 스킬 사용 로그를 남길건가? (1: 남김, 0: 안함)	
INTL_20201119_000767	CashOut 적용 여부, 1:사용 0:안함
