QUEST_UNUSED_20180327_000001	의뢰석	
QUEST_UNUSED_20180327_000002	저희 마법협회에서는 각 지역의 몬스터를 연구하기 위해 몬스터의 표본을 수집하고 있습니다.{nl}많은 참여 부탁드립니다.	의뢰석
QUEST_UNUSED_20180327_000003	모아 주신 표본은 마법 협회에서 소중히 연구하도록 하겠습니다.{nl}협조해 주셔서 감사합니다.	의뢰석
QUEST_UNUSED_20180327_000004	바위에 새겨진 문구	
QUEST_UNUSED_20180327_000005	건드리거나 밀지 마시오.	바위에 새겨진 문구
QUEST_UNUSED_20180327_000006	그래도 혹시 모르니 이 주변의 몬스터 퇴치를 부탁드리겠습니다.{nl}로도마 제1 유적지의 몬스터가 난폭하게 변했다는 보고도 있었거든요.	용병 글렌
QUEST_UNUSED_20180327_000007	훌륭하십니다.{nl}당분간은 안심할 수 있겠지요.	용병 글렌
QUEST_UNUSED_20180327_000008	땅바닥을 유심히 잘 봐주세요. {nl}혹시나 떨어져 있을지도 몰라요.	신입 왕릉 연구원
QUEST_UNUSED_20180327_000009	흠, 이것 뿐이던가요?{nl}이만큼 찾아주신 것도 감사해요.{nl}처음부터 다시 베껴쓰면 되니까요.	신입 왕릉 연구원
QUEST_UNUSED_20180327_000010	뭔가 생각이 날 것 같기도 한데요.{nl}생각하려 할 수록 흐려지는 느낌이에요.	용병 글렌
QUEST_UNUSED_20180327_000011	여신의 꿈을 꾼 계시자이십니까.{nl}저는 샤울레이와 클라페다를 담당하고 있는 기사단장, 우스카입니다.{nl}	기사단장 우스카
QUEST_UNUSED_20180327_000012	지금의 왕국은 모든 희망을 잃었습니다. {nl}다시 일어설 의지조차 꺾인 채로.. 여신의 이름만 부르짖고 있습니다.{nl}	기사단장 우스카
QUEST_UNUSED_20180327_000013	솔직히 저는 계시자 여러분들을 희망적으로만 바라볼 수는 없습니다.{nl}한 도시를 짊어지고 있는 책임자이기에.. {nl}	기사단장 우스카
QUEST_UNUSED_20180327_000014	다시 절망을 겪을 순 없는 것 아니겠습니까.	기사단장 우스카
QUEST_UNUSED_20180327_000015	자.. 어쨌든, 주교님께서도 계시의 꿈을 꾸셨습니다.{nl}계시자가 오거든 수정광산으로 보내라고 하셨다는군요.{nl}	기사단장 우스카
QUEST_UNUSED_20180327_000016	수정광산으로 갈 준비가 다 되면 저에게 다시 말씀해 주십시오.{nl}수정광산의 위치와 들어갈 방법을 알려드리겠습니다.	기사단장 우스카
QUEST_UNUSED_20180327_000017	주교님께선 계시자들을 수정광산으로 보내라고 하셨습니다.{nl}여신께서 그리 하라고 꿈에서 말씀하셨다는군요.{nl}	기사단장 우스카
QUEST_UNUSED_20180327_000018	하지만 현재 광산 마을은 부베와 교전중인지라 출입을 제한하고 있습니다.{nl}동쪽 숲에 있는 기사 아라스가 담당이니 그를 만나보십시오.	기사단장 우스카
QUEST_UNUSED_20180327_000019	이 숲의 몬스터가 불어난 게 부베 투사의 짓이였군요.{nl}부베 투사가 얼마나 있는지 알아봐 주세요.{nl}	기사 아라스
QUEST_UNUSED_20180327_000020	정황상 부베 투사의 몬스터 지휘는 들어맞는 이야기입니다.{nl}하지만 내심 믿고 싶지 않은 거겠죠.	기사 아라스
QUEST_UNUSED_20180327_000021	당신의 보고대로라면, 이 숲에는 아직 다른 부베 투사는 없는 것 같군요.{nl}	기사 아라스
QUEST_UNUSED_20180327_000022	부베 투사를 제거하도록 하지요.{nl}누데기 벌목지에 수색병을 대기시켜 놓았습니다.	기사 아라스
QUEST_UNUSED_20180327_000023	불볘스 농장부터 수색하도록 하죠.{nl}뒤쫓거나 위험한 짓은 절대 하지 마시고요.	기사 아라스
QUEST_UNUSED_20180327_000024	내 기술을 좀 더 배우고 싶어서 찾아왔구나.{nl}그렇다면 페디미안의 로델레로 마스터님을 도와드려. 그걸로 널 평가하겠어.	아처 마스터
QUEST_UNUSED_20180327_000025	로델레로 마스터	
QUEST_UNUSED_20180327_000026	아처 마스터가 보내서 왔나.{nl}클라페다는 점점 안정을 찾아가고 있지만 페디미안은 아직 이 모양이다.	로델레로 마스터
QUEST_UNUSED_20180327_000027	듣자 하니 페디미안은 신성지구를 뺀 대부분이 파묻혀 버려서 도움이 절실하다고 하더군.	아처 마스터
QUEST_UNUSED_20180327_000028	자네에겐 마법사의 탑에서 대장급 몬스터를 맡기지.{nl}페디미안을 재건하는 것도 일손이 부족한데 탑에서 몬스터까지 쏟아져 나오고 있거든.	로델레로 마스터
QUEST_UNUSED_20180327_000029	잠입에 성공한 정찰병의 보고로는 마법사의 탑 3층의 미노타우로스라고 했어.{nl}그 몬스터를 처치하면 충분한 경고가 되겠지.	로델레로 마스터
QUEST_UNUSED_20180327_000030	수고했어. 덕분에 몬스터의 기세가 좀 수그러들었다는군. {nl}아처 마스터에게도 고맙다고 전해 줘.	로델레로 마스터
QUEST_UNUSED_20180327_000031	수고했어. {nl}약속대로 자네를 더욱 강하게 단련시켜 주지.	아처 마스터
QUEST_UNUSED_20180327_000032	더 강한 마법을 구사하고 싶다면 잘 찾아왔어.{nl}하지만 내 가르침을 받으려면 그 나약한 마음가짐 가지곤 따라올 수 없어.	위저드 마스터
QUEST_UNUSED_20180327_000033	열의는 알겠지만 실력은 어떨까?{nl}마법사의 탑에서 피라콘의 조각과 붉은 인프로 락터 껍질 조각을 가져오는 거야.	위저드 마스터
QUEST_UNUSED_20180327_000034	훌륭하군. 하지만 난 좀 까다롭거든. {nl}내 일을 얼마나 잘 보조할 수 있는지에 따라 결정하겠어.	위저드 마스터
QUEST_UNUSED_20180327_000035	예전에 연구하던 도시용 방어마법을 페디미안에서도 적용해 볼 수 있을 것 같아.{nl}그러려면 상당히 많은 자료가 필요하거든. {nl}	위저드 마스터
QUEST_UNUSED_20180327_000036	네가 할 일은 이 자료 축적용 스크롤을 페디미안에서 사용하고 오는 거야.	위저드 마스터
QUEST_UNUSED_20180327_000037	사용해야 할 곳은 지도에 표시해 두었어.{nl}하나도 빼놓지 말고 꼼꼼히 사용해야 해.	위저드 마스터
QUEST_UNUSED_20180327_000038	수고했어. 더 강력한 마법의 경지를 원한다고 했지?{nl}난 매우 엄격하니까 알아서 잘 따라줬으면 좋겠어.	위저드 마스터
QUEST_UNUSED_20180327_000039	육신의 상처를 치료하는 것은 영혼의 상처를 치유하는 것이기도 하지요.{nl}그대가 더 높은 경지를 이루고자 한다면 주변 분들에게 치료로 봉사하세요.	클레릭 마스터
QUEST_UNUSED_20180327_000040	아직 치료의 손길이 필요한 분들이 많습니다.{nl}좀 더 그분들께 온정을 베풀어 주세요.	클레릭 마스터
QUEST_UNUSED_20180327_000041	여신께선 돕는 자를 도우신답니다.{nl}비록 미흡하지만, 제가 그대의 경지를 이끌어 내는 데 힘이 되었으면 합니다.	클레릭 마스터
QUEST_UNUSED_20180327_000042	소서러 마스터	
QUEST_UNUSED_20180327_000043	내게 마법을 배우고 싶다면 네 능력이 어느 정도인지를 보여 줘야겠지.{nl}간단해. 나와 마법 대련을 해서 이기면 되는 아주 간단한 룰이야.	소서러 마스터
QUEST_UNUSED_20180327_000044	딱 네 수준에 맞춰줄 테니까 너무 겁먹진 마.{nl}아래쪽 광장 공터에서 만나.	소서러 마스터
QUEST_UNUSED_20180327_000045	이 정도 능력이면 충분하겠어.{nl}마법을 배우고 싶다면 언제든지 다시 찾아와.	소서러 마스터
QUEST_UNUSED_20180327_000046	네크로맨서 마스터	
QUEST_UNUSED_20180327_000047	네크로맨서의 주술은 술자의 영혼이 단련되지 않으면 사악한 기운에 잠식되어 버려.{nl}그대의 영혼이 얼마나 강한지 나와 싸워서 증명해 봐.	네크로맨서 마스터
QUEST_UNUSED_20180327_000048	광장 공터에 가서 기다리고 있어.	네크로맨서 마스터
QUEST_UNUSED_20180327_000049	그래 그 정도면 시작은 할 수 있겠어.{nl}이제 네크로맨서의 주술을 전수해 주지.	네크로맨서 마스터
QUEST_UNUSED_20180327_000050	우리 소드맨이 휘두르는 검에는 절대 망설임이란 있을 수 없단다.{nl}망설임이란 마음의 틈. 적은 언제나 그 틈을 노려오고 있지.{nl}	소드맨 마스터
QUEST_UNUSED_20180327_000051	마법사의 탑 3층에 가면 미노타우로스가 있단다.{nl}그 몬스터를 상대하며 검의 망설임을 털어버리거라.{nl}	소드맨 마스터
QUEST_UNUSED_20180327_000052	망설임은 매우 위험한 틈이지.{nl}그걸 깨달을 수 있다면 좋겠구나.	소드맨 마스터
QUEST_UNUSED_20180327_000053	그래.. 그 정도 수준이면 좀 더 발전할 여지가 있겠어.{nl}앞으로도 더 열심히 수련에 정진하거라.	소드맨 마스터
QUEST_UNUSED_20180327_000054	센츄리온 마스터	
QUEST_UNUSED_20180327_000055	센츄리온이라. 결코 쉽지 않은 길일세.{nl}하지만 나와의 대련에서 실력을 인정받는다면 이야기는 달라지겠지. 어떤가.	센츄리온 마스터
QUEST_UNUSED_20180327_000056	대련은 광장 공터에서 할 테니 먼저 가 있게.	센츄리온 마스터
QUEST_UNUSED_20180327_000057	그 정도면 충분하네.{nl}자네는 내가 책임지고 가르쳐 주도록 하지.{nl}	센츄리온 마스터
QUEST_UNUSED_20180327_000058	하카펠 마스터	
QUEST_UNUSED_20180327_000059	내 전투기술을 배우고 싶은건 좋으나 그 전에 자네의 기량을 확인할 필요가 있겠어.{nl}뭐가 부족한지를 알아야 자네를 가르칠 것 아닌가?	하카펠 마스터
QUEST_UNUSED_20180327_000060	아래쪽 광장 공터에서 보도록 하지.{nl}먼저 가 있게.	하카펠 마스터
QUEST_UNUSED_20180327_000061	이만하면 충분한 것 같군.{nl}이제부터 혹독한 훈련이 시작될 거야.	하카펠 마스터
QUEST_UNUSED_20180327_000062	저는 그 누구보다도 자신의 판단을 신뢰합니다.{nl}당신이 스콰이어로서 함께 할 자격이 있는지 대련으로 직접 확인할 겁니다.	스콰이어 마스터
QUEST_UNUSED_20180327_000063	자기 자신을 믿고 나아갈 때 검은 더욱 날카로워질 것입니다.	스콰이어 마스터
QUEST_UNUSED_20180327_000064	당신의 실력은 잘 알겠습니다. {nl}제 가르침을 통해 앞으로도 훌륭한 모습을 보여주시길 바랍니다.	스콰이어 마스터
QUEST_UNUSED_20180327_000065	하이랜더의 가르침을 받고 싶은 게로군.{nl}좋다. 허나 조건이 있다.	하이랜더 마스터
QUEST_UNUSED_20180327_000066	하이랜더 마스터님의 지원이군요.{nl}사안이 급하니 요점만 말씀해 드리지요.	펠타스타 마스터
QUEST_UNUSED_20180327_000067	수정광산에서 문제가 발생하여 기사단장 우스카님께서 저희에게 요청을 부탁하셨습니다. {nl}허나 저희 펠타스타도 도저히 틈이 안 나는 상황입니다.{nl}	펠타스타 마스터
QUEST_UNUSED_20180327_000068	그러니 저희 대신 그대가 기사단장 우스카님을 지원해 주셨으면 합니다.	펠타스타 마스터
QUEST_UNUSED_20180327_000069	맹약은 중요하다.{nl}이 혼란스러운 시대에 서로 간의 신뢰에 금이 가는 일은 용납할 수 없다.	하이랜더 마스터
QUEST_UNUSED_20180327_000070	펠타스타 마스터님께 부탁하면서도 무리가 아닌가 싶었습니다만.{nl}지원 병력이 당신이라니 저희도 든든합니다.	기사단장 우스카
QUEST_UNUSED_20180327_000071	하이랜더와 펠타스타의 명예가 걸린 일입니다.{nl}우스카님을 잘 도와주십시오.	펠타스타 마스터
QUEST_UNUSED_20180327_000072	수정광산 2층에 거대한 몬스터가 배회하고 있다는 소문이 돌고 있습니다.{nl}허나 수정광산이 클라페다의 주요 산업인 만큼 언제까지고 정지된 상태로 놔둘 수도 없는 일입니다.{nl}	기사단장 우스카
QUEST_UNUSED_20180327_000073	그러니 수정광산 2층을 조사해 주시고 소문의 원흉을 없애 주십시오.	기사단장 우스카
QUEST_UNUSED_20180327_000074	마을 주민의 안전이 걸린 일입니다.{nl}확실한 조사를 부탁드리겠습니다.	기사단장 우스카
QUEST_UNUSED_20180327_000075	아직도 그런 녀석이 날뛰고 있었다니.. 인명피해가 없어서 정말 다행입니다.{nl}광산이 안정될 때까지는 정예 병사들도 함께 파견하도록 고려해야겠군요.	기사단장 우스카
QUEST_UNUSED_20180327_000076	어쨌든 정말 수고하셨습니다. 하이랜더 마스터께 감사하다고 전해 주십시오.{nl}펠타스타 마스터께는 곧 찾아뵐 일이 있으니 제가 직접 전하겠습니다.	기사단장 우스카
QUEST_UNUSED_20180327_000077	수고했다. 이로써 펠타스타에게 받아야 할 빚이 늘었군.{nl}약속대로 하이랜더 마스터로서 자네를 이끌어 주겠다.	하이랜더 마스터
QUEST_UNUSED_20180327_000078	마스터님들과는 별개로 번번이 당신께 도움을 받는군요.{nl}앞으로도 클라페다를 잘 부탁드립니다.	기사단장 우스카
QUEST_UNUSED_20180327_000079	제게 가르침을 받으시겠다고요.{nl}좋습니다. 제 의뢰를 해결해 주시는 조건으로 승낙하지요.	펠타스타 마스터
QUEST_UNUSED_20180327_000080	펠타스타 마스터가 보냈는가. {nl}방패에 대한 건이라면 나도 알고 있다.	하이랜더 마스터
QUEST_UNUSED_20180327_000081	약속된 보급을 받지 못한다면 우리로서는 하이랜더와의 맹약을 지킬 일도 없습니다.{nl}게다가 서로의 신뢰에도 금이 가겠지요.	펠타스타 마스터
QUEST_UNUSED_20180327_000082	사과의 서한이라도 보냈어야 했는데 미처 챙기지 못해 미안하군.{nl}곧 거래처에서 기별이 올 것이니 잠시 기다려 보게.	하이랜더 마스터
QUEST_UNUSED_20180327_000083	이게 도대체 몇 번째란 말인가!{nl}미안하지만 자네가 직접 플레쳐 마스터에게 가서 어찌 된 일인지 알아봐 주게.{nl}에산치우 마을로 가면 될 것이네.	하이랜더 마스터
QUEST_UNUSED_20180327_000084	플레쳐 마스터	
QUEST_UNUSED_20180327_000085	클라페다에서 오셨소.{nl}아무리 재촉해도 안 되는 건 안 되오. 돌아가시오.	플레쳐 마스터
QUEST_UNUSED_20180327_000086	말귀를 못 알아 듣소?{nl}주문이 밀려서 당신들 차례는 한참 뒤란 말이오.	플레쳐 마스터
QUEST_UNUSED_20180327_000087	4년 전, 그놈의 나무 때문에 내 공방이 하늘 높이에 매달아 버린 뒤로 이렇게 화가 나는 일은 처음이오.	플레쳐 마스터
QUEST_UNUSED_20180327_000088	해치웠소? 속이 다 시원하군.{nl}이제 게으른 페디미안의 상인들 핑계도 하나 사라졌겠어.	플레쳐 마스터
QUEST_UNUSED_20180327_000089	약속대로 빠른 시일 내에 나머지 물건들을 보낼 수 있을 거요.{nl}이제 그만 돌아가시오. 작업에 집중해야 하니.	플레쳐 마스터
QUEST_UNUSED_20180327_000090	당신 덕에 하이랜더와의 관계를 계속 유지할 수 있게 되었습니다.{nl}약속대로 펠타스타 마스터로서 제가 당신을 이끌어 드리겠습니다.	펠타스타 마스터
QUEST_UNUSED_20180327_000091	하이랜더 마스터에겐 따로 제자를 보낼 테니 그 부분은 걱정하지 마시오.	플레쳐 마스터
QUEST_UNUSED_20180327_000092	내 부탁을 들어 준다면야 기술을 가르쳐 주는 건 어렵지 않지.{nl}	아처 마스터
QUEST_UNUSED_20180327_000093	플레쳐 마스터께 부탁한 물건이 있는데 아직도 소식이 없거든.{nl}네가 한번 들러줬으면 좋겠어. 물건보다도 사람이 걱정되어서 말이지..	아처 마스터
QUEST_UNUSED_20180327_000094	아처 마스터가 걱정했다 하셨소? 난 아무 문제없소. {nl}문제가 있다면 재료가 내 제작 속도를 못 따라 오는 게 문제지.	플레쳐 마스터
QUEST_UNUSED_20180327_000095	워낙 괄괄하신 분인지라.. 알아서 처신 부탁할게.	아처 마스터
QUEST_UNUSED_20180327_000096	자네가 대성당의 참회로에 가서 질 좋은 숫돌을 모아오면 금방 끝날 것 같소.{nl}한 150개 정도면 될 거요. 가방은 내가 내어 주지.	플레쳐 마스터
QUEST_UNUSED_20180327_000097	주변에 재료가 솟아나는 샘이라도 있었으면 좋겠소.{nl}내 평생소원이요.	플레쳐 마스터
QUEST_UNUSED_20180327_000098	골렘이? 거참 희한하군. {nl}여신께서 도왔나 보오.{nl}	플레쳐 마스터
QUEST_UNUSED_20180327_000099	다 됐소. 가져가시오.{nl}아처 마스터에게 안부나 전해 주시오.	플레쳐 마스터
QUEST_UNUSED_20180327_000100	골렘이라니, 그냥 심부름만 시킬 생각이었는데 미안하군.{nl}어쨌든 약속대로 기술을 전수해 줄게.	아처 마스터
QUEST_UNUSED_20180327_000101	이제 일 없소.{nl}바쁘니 그만 돌아가시오.	플레쳐 마스터
QUEST_UNUSED_20180327_000102	레인저의 기술을 배우고 싶어 날 찾아온 거지?{nl}내 의뢰를 수락해 준다면 좋은 쪽으로 생각해 보겠어.	레인저 마스터
QUEST_UNUSED_20180327_000103	에보니폰이 무슨 짓을 하고 돌아다니는지 갈피를 잡을 수 없어.{nl}분명 좋지 않은 일이라는 건 확실하지만, 목적조차도 짐작할 수가 없으니 화가 나.	레인저 마스터
QUEST_UNUSED_20180327_000104	이게 그 샘플들이군. 이걸로 거래 조건은 충족됐어.{nl}좋아. 내가 책임지고 널 더 강하게 만들어 주지.	레인저 마스터
QUEST_UNUSED_20180327_000105	자네 정도라면 내 문하생으로 그냥 받아도 되겠지만 그래도 시험은 치뤄야겠지.{nl}여신의 옛뜰에서 리디아 샤펜님의 비석을 탁본해 온다면 기꺼이 환영함세.	쿼렐슈터 마스터
QUEST_UNUSED_20180327_000106	궁수라면 모두가 존경해 마지않는 그 분의 비석이다.{nl}모쪼록 내용을 다 볼 수 있게 살살 부탁한다.	쿼렐슈터 마스터
QUEST_UNUSED_20180327_000107	내가 이래 봬도 왕년엔 샤펜스타의 일원이었다고.{nl}어쨌든, 약속대로 내 기술을 가르쳐 주지.	쿼렐슈터 마스터
QUEST_UNUSED_20180327_000108	내 가르침을 받고 싶다면 자네의 용기를 내게 보여줄 필요가 있겠구나.{nl}이 도발용 보주로 대성당의 참회로에서 몬스터들을 도발해 보거라.{nl}	소드맨 마스터
QUEST_UNUSED_20180327_000109	동료가 위험에 처했을 때, 적의 칼날을 내게 돌리게 할 수 있는 용기가 있나?	소드맨 마스터
QUEST_UNUSED_20180327_000110	노기에 찬 녀석들의 얼굴이 그려지는군.{nl}시험은 통과야. 내 가르침을 받을 자격이 있어.	소드맨 마스터
QUEST_UNUSED_20180327_000111	펠타스타 측에서 도움을 요청해 왔다.{nl}우리의 병력이 부족하다고 하나 펠타스타와의 맹약을 맺었으니 거절할 수도 없는 일.{nl}	하이랜더 마스터
QUEST_UNUSED_20180327_000112	그대가 펠타스타를 원조하여 임무를 수행하고 오라.	하이랜더 마스터
QUEST_UNUSED_20180327_000113	우리 펠타스타는 하이랜더와 맹약을 유지하는 조건으로 방패를 보급받고 있습니다.{nl}여태껏 기한을 잘 지켜 주셨는데 최근에 갑자기 방패 보급이 끊기고 말았습니다.{nl}	펠타스타 마스터
QUEST_UNUSED_20180327_000114	어찌 된 일인지 하이랜더 마스터께 여쭈어 보시고 그대가 해결할 수 있는 일이라면 직접 해결하십시오.	펠타스타 마스터
QUEST_UNUSED_20180327_000115	그렇게까지 말한다면 방법이 없는 건 아니오.{nl}내 재료들을 다 박살낸 페디미안 외곽의 모아를 흠씬 두들겨준다면 순서를 앞당겨 드리지.	플레쳐 마스터
QUEST_UNUSED_20180327_000116	난 에보니폰의 행적을 쫓고 있어.{nl}최근 정보로는 대성당에서 무언가를 실험했다는군.{nl}	레인저 마스터
QUEST_UNUSED_20180327_000117	넌 곧장 대성당으로 가서 모야의 체액 샘플을 가져와 줘.{nl}그걸 조사하면 뭔가 알 수 있겠지.	레인저 마스터
QUEST_UNUSED_20180327_000118	좀처럼 모습을 드러내지 않던 미노타우로스가 나타났다고 하더군요.{nl}제게 가르침을 받고 싶다면 그 정도는 쉽게 사냥할 실력은 갖추고 있어야겠죠.	헌터 마스터
QUEST_UNUSED_20180327_000119	당신이 나서지 않겠다면 내가 직접 나섰을 테죠.{nl}양보해 드리는 거니까 고맙게 받으시는 게 좋을 거예요.	헌터 마스터
QUEST_UNUSED_20180327_000120	훌륭해요. 제가 인정해 드리죠.{nl}헌터의 기술을 배우고 싶다면 언제든 찾아오세요.	헌터 마스터
QUEST_UNUSED_20180327_000121	너 정도의 실력자라면 록소나 장터의 리버피드는 쉽게 잡을 수 있겠지.{nl}이런 것도 해내지 못한다면 레인저 지망생으로 받아들여 줄 수 없어.	레인저 마스터
QUEST_UNUSED_20180327_000122	네가 와 줘서 정말 다행이야.{nl}다들 그곳에 집중하고 있는데 우리 레인저들만 파견을 못 가고 있거든.	레인저 마스터
QUEST_UNUSED_20180327_000123	듣자하니 헌터들보다 네가 한 발 더 빨랐다고 하더군.{nl}수고했어. 내 지도는 엄격하니까 각오해.	레인저 마스터
QUEST_UNUSED_20180327_000124	내게 새퍼의 기술을 배우겠다고? 아주 좋은 생각이야.{nl}안 그래도 내가 새로운 함정을 개발 중이었는데 재료가 부족했거든.{nl}	새퍼 마스터
QUEST_UNUSED_20180327_000125	그러니 네가 날 좀 도와줘야겠다.{nl}루클리스 기념지에서 락투르투가에게서 천연 마노석을 가져와 주겠어?	새퍼 마스터
QUEST_UNUSED_20180327_000126	루클리스 기념지의 락토르투가야.{nl}다른 곳의 락토르투가는 마노석 같은 거 절대 안줘.	새퍼 마스터
QUEST_UNUSED_20180327_000127	좋아. 마노석은 받았고.. {nl}앞으로 새퍼의 기술을 연마하고 싶으면 언제든지 찾아와.	새퍼 마스터
QUEST_UNUSED_20180327_000128	기껏 온 의뢰를 내 제자들이 망쳐버리는 바람에 얼굴을 들고 다닐수가 없어.{nl}자네가 내 체면을 살려준다면 쿼렐슈터의 기술을 전수해 주겠네.	쿼렐슈터 마스터
QUEST_UNUSED_20180327_000129	중심시가에 있는 템플슈터네.{nl}제자들이 코 앞에 두고 도망쳐 버릴 정도니 준비를 단단히 하게.	쿼렐슈터 마스터
QUEST_UNUSED_20180327_000130	해치웠군. 이제야 좀 살겠네.{nl}수업은 얼마든지 찾아 오게. 성심성의껏 가르쳐 주지.	쿼렐슈터 마스터
QUEST_UNUSED_20180327_000131	내게 기술을 배울 자격이 있는지 네 기량을 시험해 봐야겠다.{nl}루클리스 기념지의 스파나스혼이라면 네 명성에 걸맞지 싶은데, 어때?	아처 마스터
QUEST_UNUSED_20180327_000132	스파나스혼은 몸집이 너무 커서 날아다니는 때보다 땅에 있을 때가 많다고 들었어.	아처 마스터
QUEST_UNUSED_20180327_000133	해치울 거라곤 별로 기대 안 했는데, 이거 의외인걸?{nl}좋아. 기술을 배우러 언제든 찾아와도 좋아.	아처 마스터
QUEST_UNUSED_20180327_000134	미노타우로스는 록소나 장터에서 모습을 드러냈다고 해요.{nl}혹시 모르니 처치한 증거를 꼭 챙겨오시길 바랄게요.	헌터 마스터
QUEST_UNUSED_20180327_000135	클레릭의 사명을 통해 더 높은 경지에 오르고자 하시는군요.{nl}봉사를 통해 그 사명을 이룰 수 있도록 제가 도와드릴 수 있습니다.	클레릭 마스터
QUEST_UNUSED_20180327_000136	치료를 기다리는 분들은 많은데 약초가 부족합니다.{nl}순례자의 길에 계시는 센츄리온 마스터께 니코티아라는 약초를 받아와 주세요.{nl}	클레릭 마스터
QUEST_UNUSED_20180327_000137	먼 길이 되시겠군요. {nl}여신의 가호가 늘 함께하기를.	클레릭 마스터
QUEST_UNUSED_20180327_000138	아, 클레릭 마스터가 보냈군.{nl}반갑소. 내가 센츄리온 마스터요.	센츄리온 마스터
QUEST_UNUSED_20180327_000139	클레릭 마스터께서 요청하신 니코티아는 안타깝게도 현재 동이 났소.{nl}급한 징발 명령이 내려와서 어쩔 도리가 없었지.{nl}	센츄리온 마스터
QUEST_UNUSED_20180327_000140	하지만 걱정하지 마시오. {nl}이 근처에 잔뜩 자라고 있는 게 니코티아니까 어린 순만 뜯어 간다면 문제없을 거요.	센츄리온 마스터
QUEST_UNUSED_20180327_000141	니코티아는 그리 멀지 않는 곳에 있소.{nl}클레릭 마스터께 내 안부도 전해 주시오.	센츄리온 마스터
QUEST_UNUSED_20180327_000142	감사합니다. 이걸로 고통받는 많은 분들을 치료하실 수 있을 거예요.{nl}여신께서도 그대가 클레릭의 더 높은 경지로 향하는 것을 기뻐하실 겁니다.	클레릭 마스터
QUEST_UNUSED_20180327_000143	크리비로서 더 높은 경지에 오르고 싶거든 페디미안의 여신상에 경배를 드리고 오게.{nl}성지순례야말로 여신께 의무를 다하는 통과의례 아니겠는가.	크리비 마스터
QUEST_UNUSED_20180327_000144	떠나기 전에 공양품을 가져가게.{nl}경배에 필요한 공양품은 프리스트 마스터와 클레릭 마스터께서 나누어 주실 것일세.	크리비 마스터
QUEST_UNUSED_20180327_000145	성지순례를 떠나시는군요.{nl}아직 저도 어린 사제였을 시절에 다녀왔던 기억을 잊을 수 없답니다.	프리스트 마스터
QUEST_UNUSED_20180327_000146	페디미안의 여신상을 바라보면 가슴이 신앙으로 차오르는 것을 느낄 수 있지.	크리비 마스터
QUEST_UNUSED_20180327_000147	공양품은 내어 드릴 수 있습니다. {nl}하지만.. 그 전에 한 가지 청이 있습니다.{nl}	프리스트 마스터
QUEST_UNUSED_20180327_000148	샤울레이 서쪽 숲에 락토르투가가 날뛰는 통에 주민들의 원성이 자자합니다.{nl}그 몬스터만 처리해 주신다면 공양품을 내어 드리겠습니다.	프리스트 마스터
QUEST_UNUSED_20180327_000149	샤울레이 서쪽 숲입니다. {nl}주민들이 마련해 주신 공양품이니 그 정도 자비는 베풀어야 하지 않겠습니까?	프리스트 마스터
QUEST_UNUSED_20180327_000150	여신께서도 당신의 자비에 기뻐하고 계실 겁니다.{nl}자. 여기 공양품을 받으십시오.{nl}	프리스트 마스터
QUEST_UNUSED_20180327_000151	여신께서도 당신의 자비에 기뻐하고 계실 겁니다.{nl}저도 짬이 있다면 다시 페디미안에 들러 보고 싶군요.	프리스트 마스터
QUEST_UNUSED_20180327_000152	페디미안으로 순례를 가시는군요.{nl}자. 여기 공양품을 가져 가십시오.	클레릭 마스터
QUEST_UNUSED_20180327_000153	여신상은 페디미안의 중앙에 있습니다.{nl}워낙 크고 거대하니 헤매지 않도록 조심하세요.	클레릭 마스터
QUEST_UNUSED_20180327_000154	페디미안의 여신상엔 재미있는 전설이 있습니다.{nl}기회가 되시면 한 번 찾아보시는 것도 좋겠지요.	클레릭 마스터
QUEST_UNUSED_20180327_000155	자네에게서 여신의 은총이 충만함을 느낄 수 있네.{nl}수고했네. 그 충만함이 자네를 더욱 높은 경지로 이끌어 줄 걸세.	크리비 마스터
QUEST_UNUSED_20180327_000156	페디미안엔 다녀오셨나요?{nl}크리비 마스터께서 기다리고 계십니다.	클레릭 마스터
QUEST_UNUSED_20180327_000157	프리스트의 사명을 지고 여신의 길을 계속 따르시렵니까.{nl}그렇다면 악을 퇴치하는 것으로 더 높은 경지에 이를 수 있을 것입니다.	프리스트 마스터
QUEST_UNUSED_20180327_000158	페디미안 근처의 큰 아귀 길에 사악한 기운이 출몰하고 있다고 합니다.{nl}그 기운에서 실체를 뽑아내 여신의 이름으로 퇴마해 주십시오.	프리스트 마스터
QUEST_UNUSED_20180327_000159	여신의 말씀을 따르는 자라면 누구든 여신의 힘을 받아 사악한 기운을 몰아낼 수 있습니다.{nl}하지만 그 힘의 크기는 신앙심에 따라 다르겠지요.	프리스트 마스터
QUEST_UNUSED_20180327_000160	수고하셨습니다. {nl}앞으로도 부정한 것들이 이 땅에 발을 붙이지 못하도록 여신의 이름으로 심판해 주십시오.	프리스트 서브 마스터
QUEST_UNUSED_20180327_000161	위저드는 모든 마법의 기본에 가장 충실한 마법사야.{nl}더 강한 마법을 탐구하려면 역시 기본으로 돌아오는 게 제일 아니겠어?{nl}	위저드 마스터
QUEST_UNUSED_20180327_000162	샤울레이 서쪽 숲에서 난동을 피우는 난폭한 골렘을 처치해 줘.{nl}그걸로 네게 가르침을 계속 이어갈지 판단하겠어.	위저드 마스터
QUEST_UNUSED_20180327_000163	후후.{nl}네가 아직 수습 위저드일때가 생각났어.	위저드 마스터
QUEST_UNUSED_20180327_000164	그래, 멋지게 해치웠네.{nl}다시 기본부터 시작해 보자고. 힘껏 도와주겠어.	위저드 마스터
QUEST_UNUSED_20180327_000165	샤울레이 동쪽 숲에 있는 포아타가 주민들을 위협하고 있대.{nl}여신의 이름으로 그 몬스터를 없애 준다면 내 마법을 전수해 주겠어.	파이로맨서 마스터
QUEST_UNUSED_20180327_000166	배운 것이 있다면 주변에 베풀 줄도 알아야 진정한 강함이 아니겠어?	파이로맨서 마스터
QUEST_UNUSED_20180327_000167	잘했어. 여신께서도 만족해하실 거야.{nl}약속대로 파이로맨서의 더 높은 경지로 이끌어 줄게.	파이로맨서 마스터
QUEST_UNUSED_20180327_000168	냉기의 힘으로 더 강력한 경지를 꿈꾸신다고요.{nl}샤울레이 서쪽 숲의 머슈카리아 정도면 훌륭한 과제가 되겠군요.	크리오맨서 마스터
QUEST_UNUSED_20180327_000169	나약한 인간이 강함을 추구한다는 건 참으로 못 보일 추태이지요.	크리오맨서 마스터
QUEST_UNUSED_20180327_000170	부족함이 없는 모습, 잘 보았습니다.{nl}약속대로 당신을 더욱 강하게 단련시켜 드리죠.	크리오맨서 마스터
QUEST_UNUSED_20180327_000171	문지기 부엉이 조각상	
QUEST_UNUSED_20180327_000172	테슬라님은 나무를 깎아서 우릴 만드셨어요.{nl}그래서 우리 부엉이들은 항상 은혜를 갚고 싶어 한답니다.{nl}	문지기 부엉이 조각상
QUEST_UNUSED_20180327_000173	그래서 말인데요. 부탁드릴 것이 있어요.{nl}대성당에서 대리석 조각을 모아서 테슬라님께 전해 주실 수 있을까요?	문지기 부엉이 조각상
QUEST_UNUSED_20180327_000174	대성당의 대리석이라면 테슬라님께서 좋아하시겠지요?	문지기 부엉이 조각상
QUEST_UNUSED_20180327_000175	부엉이 조각상들의 선물인가?{nl}그 귀여운 녀석들은 내 삶에 대한 증거이지. {nl}	조각가 테슬라
QUEST_UNUSED_20180327_000176	어쨌든.. 오늘 어쩐지 반가운 손님이 오실 것 같더라니, 고맙네그려.	조각가 테슬라
QUEST_UNUSED_20180327_000177	자네를 클라페다에서 처음 봤을 땐 그 가녀린 팔로 검이나 휘두를 수 있을까 싶었었지.{nl}허나 지금은 많은 이들이 칭송하는 용사 중의 용사가 되었구나.{nl}	소드맨 마스터
QUEST_UNUSED_20180327_000178	하지만 난 자네의 용기를 직접 확인하고 싶어.{nl}이 어두운 숲을 사악한 기운으로 뒤덮는 밴시.. 자네에겐 적당한 도전이 아닌가 싶군.	소드맨 마스터
QUEST_UNUSED_20180327_000179	별거 아닐세. 그저 사냥일 뿐이지.{nl}그럼, 클라페다에서 기다리고 있겠네.	소드맨 마스터
QUEST_UNUSED_20180327_000180	왔군. 기다리고 있었네.{nl}이 정도면 자네의 용기에 걸맞은 보상일 거야.	소드맨 마스터
QUEST_UNUSED_20180327_000181	후후, 정말 열심이네. {nl}네가 아직 수습 위저드였을 때가 생각났어. 그때도 넌 참 열심이었지..{nl}	위저드 마스터
QUEST_UNUSED_20180327_000182	지금의 네가 얼마나 성장했는지 알고 싶어.{nl}이 숲을 더럽히는 밴시들이라면 네게 적당한 도전이 아닐까?	위저드 마스터
QUEST_UNUSED_20180327_000183	시험보다는 좋은 일을 한다고 생각하는 거야.{nl}그럼, 나중에 클라페다에서 또 만나.	위저드 마스터
QUEST_UNUSED_20180327_000184	그래, 멋지게 해치웠네.{nl}다음에 만날 땐 어떤 모습일지 더욱 궁금해지는걸?	위저드 마스터
QUEST_UNUSED_20180327_000185	널 처음 보았을 땐 너무 어설프지 않나.. 싶었는데.{nl}지금은 나보다도 더 유명해진 것 같아.{nl}	아처 마스터
QUEST_UNUSED_20180327_000186	네가 정말 그 명성에 걸맞는지 나와 내기를 해 볼까.{nl}이 숲을 뒤덮고 있는 역겨운 밴시들을 모두 처치하는 거지. 어때?	아처 마스터
QUEST_UNUSED_20180327_000187	사실 내기가 뭐 그리 중요하겠어. 날 만난 게 더 중요하지.{nl}그럼, 클라페다에서 기다리겠어.	아처 마스터
QUEST_UNUSED_20180327_000188	왔군. 넌 정말 날 감탄하게 하는구나.{nl}다음엔 더 성장한 모습을 기대해도 되겠지?	아처 마스터
QUEST_UNUSED_20180327_000189	처음 클라페다에 왔을 때보다 더 여신의 은총이 충만해지신 것 같아요.{nl}당신의 신앙심이 얼마나 깊은지 알고 싶어요.{nl}	클레릭 마스터
QUEST_UNUSED_20180327_000190	물론 추상적인 기준으로 재보자는 건 아니에요.{nl}이 숲에 사악한 기운을 가져오는 밴시들을 여신의 이름으로 물리치는 거예요.	클레릭 마스터
QUEST_UNUSED_20180327_000191	여신의 적은 우리의 적이나 다름없습니다.{nl}그럼, 클라페다에서 뵙겠습니다.	클레릭 마스터
QUEST_UNUSED_20180327_000192	오셨군요. 당신은 굉장한 신앙심을 보여 주셨습니다.{nl}그리고 제게 큰 영감도 주셨죠.{nl}이건 저의 작은 성의랍니다. 부디 옳은 일에 써 주세요.	클레릭 마스터
QUEST_UNUSED_20180327_000193	마스터라는 사람들이 과연 여신과 왕국의 안위들은 생각하고 있는지 알 수가 없어. {nl}아이언바움만 해도 클라페다로 다가오고 있다는데 누구 하나 걱정하지 않잖아?	위저드 마스터
QUEST_UNUSED_20180327_000194	바로 그런 자세를 원했어.{nl}샤울레이 동쪽 숲이라니까 아이언바움을 저지하고 돌아온다면 마법의 진수를 가르쳐 줄게.	위저드 마스터
QUEST_UNUSED_20180327_000195	특히 크리오맨서 마스터의 태도는 정말.. 화가 나.	위저드 마스터
QUEST_UNUSED_20180327_000196	네가 막 클라페다에 도착했을 때가 또 생각나네. {nl}원한다면 수련은 지금 바로 시작해도 좋아.	위저드 마스터
QUEST_UNUSED_20180327_000197	지금 샤울레이 동쪽 숲에서 아이언바움이 마구 날뛰고 있어.{nl}하지만 크로노맨서 마스터는 온갖 고상한 척이란 척은 다 하면서 꿈쩍도 하지 않는걸.{nl}	파이로맨서 마스터
QUEST_UNUSED_20180327_000198	내게 마법을 배우러 온 사람에게 이런 부탁은 우습지만, 어쩔 수 없네.{nl}그 녀석에게 본때를 보여주기 위해서라도 네가 그 아이언바움을 처치해줘야 겠어.	파이로맨서 마스터
QUEST_UNUSED_20180327_000199	클라페다까지 위험에 빠질 지도 모르는데 자신의 안전만 찾다니, 참 한심해.	파이로맨서 마스터
QUEST_UNUSED_20180327_000200	수고했어.{nl}파이로맨서 수련생도 나섰는데 크리오맨서 마스터도 이젠 가만히 있지 못할거야.{nl}그때까지 천천히 불의 마법에 대해 얘기해 보자고.	파이로맨서 마스터
QUEST_UNUSED_20180327_000201	다른 마스터들이 절 헐뜯고 있어요.{nl}몬스터가 클라페다를 위협하는데 나서지 않는다고요. {nl}	크리오맨서 마스터
QUEST_UNUSED_20180327_000202	별 것도 아닌 몬스터를 상대하는데 저까지 나서야겠습니까?{nl}당신이 대신 나서 주신다면, 크리오맨서의 마법을 가르쳐 드리지요.	크리오맨서 마스터
QUEST_UNUSED_20180327_000203	샤울레이 서쪽 숲의 아이언바움이라고 하는군요.{nl}관심 없어도 귀가 있으니 들리는 건 어쩔 수 없어요.	크리오맨서 마스터
QUEST_UNUSED_20180327_000204	파이로맨서 마스터가 널브러진 아이언바움을 보고 무슨 말을 할지 참 기대되는군요.{nl}약속대로 크리오맨서의 마법을 가르쳐 드리겠습니다.	크리오맨서 마스터
QUEST_UNUSED_20180327_000205	사이코키노 마스터	
QUEST_UNUSED_20180327_000206	링커 마스터에게 절대로 빼앗기고 싶지 않은 의뢰가 있네.{nl}자네가 바쁜 나 대신 그 의뢰를 처리해준다면 초능력의 운용법에 대해 가르쳐 주지. 어떤가?	사이코키노 마스터
QUEST_UNUSED_20180327_000207	별로 어려운 것은 아니야. {nl}이 광산 마을을 배회하는 웨어울프를 처치하고 오면 되는 간단한 일이네.	사이코키노 마스터
QUEST_UNUSED_20180327_000208	예전에도 몇 번이나 골탕을 먹었었지.{nl}하지만 자네같은 제자가 있다면 더 이상 링커 마스터에게 지진 않을거네.	사이코키노 마스터
QUEST_UNUSED_20180327_000209	훌륭하군!{nl}링커 마스터는 이제 내버려두고, 우린 초능력에 대해 심도있는 대화나 나눠보세.	사이코키노 마스터
QUEST_UNUSED_20180327_000210	링커 마스터	
QUEST_UNUSED_20180327_000211	제 마법을 배우고 싶다면 당신이 해줘야 할 일이 있어요.{nl}광산 마을에 나타난 웨어울프를 사이코키노 마스터보다 더 빠르게 처치해 주세요.	링커 마스터
QUEST_UNUSED_20180327_000212	웨어울프는 만만치 않은 몬스터지만, 당신이라면 당연히 물리칠 수 있을 거예요.{nl}링커 지망생이잖아요?	링커 마스터
QUEST_UNUSED_20180327_000213	잘했어요. 사이코기노 마스터가 널부러진 웨어울프를 보고 어떤 얼굴일지 궁금하네요.{nl}약속대로 제 마법을 전수해 드리지요.	링커 마스터
QUEST_UNUSED_20180327_000214	순례자 테오필리스	
QUEST_UNUSED_20180327_000215	으.. 순례자? 아.. 계시자님이십니까? 궁금한 게 있어 보이지만, 꼼짝 하기도 힘듭니다. {nl}	순례자 테오필리스
QUEST_UNUSED_20180327_000216	물.. 물을 좀 마셨으면 좋겠는데, 물을 좀 가져다 주세요.	순례자 테오필리스
QUEST_UNUSED_20180327_000217	자세히 설명할 기운이 없지만.. 그, 그놈들로부터 죽을 힘을 다해 도망 나오다보니 이렇게 되었죠. {nl}	순례자 테오필리스
QUEST_UNUSED_20180327_000218	서 있을 수도 없네요. 자세한 설명은 물을 좀 마시고 나서..	순례자 테오필리스
QUEST_UNUSED_20180327_000219	아래쪽에 묘비에 있는 이슬이라도 좀 모아서 마시면 괜찮으려나 싶습니다.	순례자 테오필리스
QUEST_UNUSED_20180327_000220	묘비에서 구한다고는 해도 이슬이니까.. 마실 수는 있겠지요.	순례자 테오필리스
QUEST_UNUSED_20180327_000221	아, 이리 주십시오. 감사합니다!	순례자 테오필리스
QUEST_UNUSED_20180327_000222	예전엔 고요했던 이곳이 이제 몬스터들로 잠시도 조용할 때가 없습니다.	약한 부엉이 조각상
QUEST_UNUSED_20180327_000223	저 몬스터를 그냥 두면 이곳에 모여드는 영혼을 공격하고 더럽힐 것입니다.	약한 부엉이 조각상
QUEST_UNUSED_20180327_000224	녀석들이 조금이라도 줄어드니 기분이 나아졌습니다.	약한 부엉이 조각상
QUEST_UNUSED_20180327_000225	사람들은 가족의 유골함을 이곳에 묻어두곤 했습니다.{nl}지금은 몬스터들이 전부 파헤치기 때문에 땅 위에 방치되어 있습니다.	약한 부엉이 조각상
QUEST_UNUSED_20180327_000226	이곳에 유족들의 슬픈 울음소리가 잠깐씩 들리던 그 시절이.. 가장 좋은 시절이었습니다.	약한 부엉이 조각상
QUEST_UNUSED_20180327_000227	아직 거두지 못한 유물함이 많겠지만, 이나마 지켜내서 다행이라 생각합니다.	약한 부엉이 조각상
QUEST_UNUSED_20180327_000228	다른 부엉이 조각상들이 인도해야 할 영혼들이 돌아오고 있습니다.{nl}관문 부근에 문제가 생긴 것이 분명합니다.	약한 부엉이 조각상
QUEST_UNUSED_20180327_000229	뭔지 모르지만, 우리가 뭔가에 기만당하고 있는 느낌이 듭니다	약한 부엉이 조각상
QUEST_UNUSED_20180327_000230	역시 마족이었군요.{nl}이곳의 고요를 녀석이 더럽히고 있었습니다.	약한 부엉이 조각상
QUEST_UNUSED_20180327_000231	북쪽으로 달아난 영혼들이 녀석에 대한 정보를 알고 있을지 모릅니다.	약한 부엉이 조각상
QUEST_UNUSED_20180327_000232	길 잃은 영혼	
QUEST_UNUSED_20180327_000233	당신은 살아 있군요..{nl}하지만 당신도 결코 안전하지 않습니다.	길 잃은 영혼
QUEST_UNUSED_20180327_000234	마족이 무슨 꿍꿍인지는 모르겠습니다만… 저 관문은 꼭 열려야합니다.	약한 부엉이 조각상
QUEST_UNUSED_20180327_000235	모두 더 깊은 곳으로 부엉이 조각상을 찾아갔어요.{nl}우리가 이곳에서 탈출할 수 있게 좀 도와주시겠습니까?	길 잃은 영혼
QUEST_UNUSED_20180327_000236	몬스터는 영혼을 흡수하려고 쫓아 다닙니다.{nl}그들에게 사로잡히면 사악한 힘에 물들어 버리죠.	길 잃은 영혼
QUEST_UNUSED_20180327_000237	정말 고맙습니다!{nl}이 틈을 노려서 떠날 수 있겠군요..	길 잃은 영혼
QUEST_UNUSED_20180327_000238	미련 많은 영혼	
QUEST_UNUSED_20180327_000239	저는 알고 있어요.{nl}앞서 북쪽으로 갔던 영혼들은 그곳에 도달할 수 없을 거예요.{nl}하지만 이 위쪽에 다른 부엉이 조각상으로 갈 수 있는 길이 있어요.{nl}언덕 위의 사크몰리들 때문에 저는 갈 수 없지만..	미련 많은 영혼
QUEST_UNUSED_20180327_000240	몬스터들은 왜 우리를 쫓아 다니는 것일까요..{nl}괴롭습니다.. 죽어서도..	미련 많은 영혼
QUEST_UNUSED_20180327_000241	그 말이 사실인가요?{nl}길이 막혀있다니..	미련 많은 영혼
QUEST_UNUSED_20180327_000242	어쩔 수 없네요.{nl}일단 그 영혼들이 어디로 향했는지 알려드릴게요.{nl}북쪽으로 나아가면 부엉이 조각상이 하나 있습니다. 그곳으로 가보세요.	미련 많은 영혼
QUEST_UNUSED_20180327_000243	다시 녀석들이 몰려오기 전에 떠나고 싶어요..	미련 많은 영혼
QUEST_UNUSED_20180327_000244	신성한 부엉이 조각상	
QUEST_UNUSED_20180327_000245	저는 얼마전부터 변이된 데스모두스에게 계속 공격당하고 있습니다.{nl}나무로 만들어진 제 몸도 이대로라면 곧 부서지겠죠!	신성한 부엉이 조각상
QUEST_UNUSED_20180327_000246	제게 맡겨진 유골함이나 영혼들을 또 다시 방황하게 만들고 싶진 않습니다…	신성한 부엉이 조각상
QUEST_UNUSED_20180327_000247	작지만 악랄한 녀석들이죠.	신성한 부엉이 조각상
QUEST_UNUSED_20180327_000248	슬프지만, 우리 조각상들은 지금 조각가님께서 부여한 임무를 수행 할 수 없습니다.{nl}저 자신을 보호할 수만 있다면..{nl}	신성한 부엉이 조각상
QUEST_UNUSED_20180327_000249	책임져야할 영혼들이 너무 많습니다.	신성한 부엉이 조각상
QUEST_UNUSED_20180327_000250	훌륭하군요!	신성한 부엉이 조각상
QUEST_UNUSED_20180327_000251	남쪽으로 가세요.{nl}저처럼 부서져 가는 조각상이 있을 겁니다.	신성한 부엉이 조각상
QUEST_UNUSED_20180327_000252	우울한 부엉이 조각상	
QUEST_UNUSED_20180327_000253	살아있는 사람이 이곳에 오다니 신기하군요.{nl}영혼들을 보지 못한지 몇 년은 지난 것 같습니다.	우울한 부엉이 조각상
QUEST_UNUSED_20180327_000254	당신 덕분에 여기서 몇 년은 버틸 수 있을 것 같습니다.	신성한 부엉이 조각상
QUEST_UNUSED_20180327_000255	당신이 목격한 몬스터들은 저희를 궁지로 몰아넣은 할로우벤터 무리입니다.{nl}몬스터들을 막기 위해서는 텅 빈 부엉이들을 제거해야 합니다.{nl}할로우벤터 무리가 덫으로 이용하고 있으니 말입니다.{nl}계곡 깊은 곳의 텅 빈 부엉이 조각상들을 확인해야합니다.	우울한 부엉이 조각상
QUEST_UNUSED_20180327_000256	영혼은 부엉이들을을 찾아갑니다.{nl}하지만 텅빈 부엉이에게 먹혀버리지요.{nl}녀석은 영혼들이 우릴 찾아 헤맨다는 사실을 너무 잘 알고 있습니다	우울한 부엉이 조각상
QUEST_UNUSED_20180327_000257	그렇게 많은 조각상을 이용하고 있을 줄이야..	우울한 부엉이 조각상
QUEST_UNUSED_20180327_000258	당신이 만난 영혼들이 말한 곳은 영혼들이 우리 부엉이들을 찾아 왔던 곳이었습니다.{nl}지금은 할로우벤터 무리가 설치한 함정으로 가득하죠.{nl}할로우벤터 무리의 함정은 누구에게나 위협이 됩니다.	우울한 부엉이 조각상
QUEST_UNUSED_20180327_000259	영혼은 길을 잃으면 또 다른 영혼을 찾아갑니다.{nl}밝게 빛나는 함정은 그런식으로 영혼들을 유혹하지요.	우울한 부엉이 조각상
QUEST_UNUSED_20180327_000260	많은 함정이 있었군요..	우울한 부엉이 조각상
QUEST_UNUSED_20180327_000261	열쇠를 가진 할로우벤터가 주변에 있을 텐데..{nl}이상하군요.	우울한 부엉이 조각상
QUEST_UNUSED_20180327_000262	주변 할로우벤터 무리를 처치해야 나타날 것 같습니다.{nl}나오지 않는다면 끌어내야겠지요.	우울한 부엉이 조각상
QUEST_UNUSED_20180327_000263	저 몬스터들은 어디서 나타난 것일까요?	우울한 부엉이 조각상
QUEST_UNUSED_20180327_000264	이래도 나오지 않았다면..{nl}짚이는 곳이 있습니다..	우울한 부엉이 조각상
QUEST_UNUSED_20180327_000265	이래도 열쇠를 가진 할로우벤터가 나오지 않는다니..{nl}반드시 제가 알려드린 곳에 있을 겁니다.	우울한 부엉이 조각상
QUEST_UNUSED_20180327_000266	당신이 도착하면 분명히 모습을 드러낼 겁니다.	우울한 부엉이 조각상
QUEST_UNUSED_20180327_000267	이건.. 관문 열쇠입니다.	우울한 부엉이 조각상
QUEST_UNUSED_20180327_000268	열쇠로 관문을 여십시오.{nl}관문의 건너편에 영혼들을 인도해주는 길잡이 영혼이 있을 겁니다.{nl}그 영혼이 당신을 도와줄 겁니다.	우울한 부엉이 조각상
QUEST_UNUSED_20180327_000269	가끔 영혼들 중엔 인도받기보단 남아서 봉사하는 분들이 있습니다. 그 영혼은 그런 부류입니다.	우울한 부엉이 조각상
QUEST_UNUSED_20180327_000270	길잡이 영혼	
QUEST_UNUSED_20180327_000271	안녕하세요!{nl}아.. 살아계신 분이군요.	길잡이 영혼
QUEST_UNUSED_20180327_000272	저는 이미 인도받을 시기가 지났습니다. 하지만 절대로 타락하지 않았죠.{nl}당신이 오기 전까진 제가 안내해야 할 영혼이 없어서 포기하고 있던 참입니다.{nl}이제 가서 저 관문을 열어주세요.{nl}그리고 건너편의 부엉이 조각상에게 이제 여긴 안전하다고 꼭 전해주세요!	길잡이 영혼
QUEST_UNUSED_20180327_000273	저요? 제 이야기를 하려면 사연이 너무 많은데…	길잡이 영혼
QUEST_UNUSED_20180327_000274	마족을 처치하면 그 부하들이 사라질 줄 알았는데..{nl}아니었군요. 문을 열어 주셔서 감사합니다.	약한 부엉이 조각상
QUEST_UNUSED_20180327_000275	길잡이 영혼에게 조언을 들으세요.{nl}헤매는 영혼에게 도움이 필요합니다..	약한 부엉이 조각상
QUEST_UNUSED_20180327_000276	곤란하네요. 그 힘이 또 마족이면 어떡하죠?	약한 부엉이 조각상
QUEST_UNUSED_20180327_000277	아, 그 영혼을 말씀하시는군요.{nl}그건 언덕 높은 곳에서 헤매고 있습니다.	길잡이 영혼
QUEST_UNUSED_20180327_000278	가시겠다면 방향을 알려드리겠습니다.{nl}하지만 가시는 길에 다크슬라임이 많이 있습니다. {nl}분명 당신에게 큰 위협이 될 것입니다.	길잡이 영혼
QUEST_UNUSED_20180327_000279	확실한 것은 그게 결코 마족이 아니라는 것입니다.{nl}그런데  매우 혼란스러워 보입니다.	길잡이 영혼
QUEST_UNUSED_20180327_000280	이름 모를 영혼	
QUEST_UNUSED_20180327_000281	예지의 부엉이 조각상	
QUEST_UNUSED_20180327_000282	드디어 여기까지 오셨군요.	예지의 부엉이 조각상
QUEST_UNUSED_20180327_000283	시험을 치르기 전에 근처의 몬스터를 처치할 필요가 있습니다.{nl}이대로 시험을 치를 수는 없습니다.	예지의 부엉이 조각상
QUEST_UNUSED_20180327_000284	당신은 확실히 성장하고 있습니다.	예지의 부엉이 조각상
QUEST_UNUSED_20180327_000285	확실히 당신은 제가 기다렸던 분이 맞습니다.	예지의 부엉이 조각상
QUEST_UNUSED_20180327_000286	그럼 시험을 시작하겠습니다.{nl}당신은 시험관이 될 부엉이들을 깨워야 합니다.{nl}세 개의 조각상을 깨우고 세 가지 시험에 도전하십시오.	예지의 부엉이 조각상
QUEST_UNUSED_20180327_000287	당신이라면 충분히 해내실 수 있습니다.	예지의 부엉이 조각상
QUEST_UNUSED_20180327_000288	시험관 부엉이 조각상	
QUEST_UNUSED_20180327_000289	저는 시험장소에서 기다리고 있겠습니다.{nl}나머지 시험관 부엉이들도 깨워주세요.	시험관 부엉이 조각상
QUEST_UNUSED_20180327_000290	반갑습니다.{nl}저를 깨우셨다는 건.. {nl}시험에 도전하시는 것입니까?	시험관 부엉이 조각상
QUEST_UNUSED_20180327_000291	시험장소에서 기다리겠습니다.{nl}무운을 빕니다..	시험관 부엉이 조각상
QUEST_UNUSED_20180327_000292	제가 깨어났다는 건..{nl}시험을 치를 준비가 되셨다는 뜻이로군요?	시험관 부엉이 조각상
QUEST_UNUSED_20180327_000293	예지를 따르는 분이시여, 그럼 시험을 시작하겠습니다.{nl}약속된 장소로 와주십시오..	시험관 부엉이 조각상
QUEST_UNUSED_20180327_000294	당신은 첫 번째 시험을 통과하셨습니다.	시험관 부엉이 조각상
QUEST_UNUSED_20180327_000295	두 번째 시험을 준비해주십시오.{nl}준비되면 제게 말을 걸어 주십시오.	시험관 부엉이 조각상
QUEST_UNUSED_20180327_000296	당신은 두 번째 시험을 통과하셨습니다.	시험관 부엉이 조각상
QUEST_UNUSED_20180327_000297	마지막 시험입니다.{nl}준비는 되셨습니까?	시험관 부엉이 조각상
QUEST_UNUSED_20180327_000298	당신은 마지막 시험을 통과하셨습니다.{nl}축하합니다.{nl}앞으로 나아가 예지의 부엉이를 만나세요.	시험관 부엉이 조각상
QUEST_UNUSED_20180327_000299	이제 가시 숲으로 나아가십시오.{nl}그곳에 당신을 기다리는 분이 계십니다.{nl}정해진 위치에서 조각상의 파편을 하나로 만드십시오.	예지의 부엉이 조각상
QUEST_UNUSED_20180327_000300	이곳에서 배운 값진 경험을 절대 잊어버리지 마십시오.{nl}두려워하지 말고, 앞을 향해 가십시오.	예지의 부엉이 조각상
QUEST_UNUSED_20180327_000301	우리 부엉이들은 당신을 기다리고 있었습니다.{nl}환영합니다.	약한 부엉이 조각상
QUEST_UNUSED_20180327_000302	시험을 치르기 위해 저를 깨우셨군요.	시험관 부엉이 조각상
QUEST_UNUSED_20180327_000303	저기 검은 지그리들이 돌아다니고 있습니다.{nl}조각가님께서 이 숲을 보면 얼마나 슬퍼하실지..	약한 부엉이 조각상
QUEST_UNUSED_20180327_000304	저 앞에 흩어져 있는 유골함만 봐도 가슴이 아픕니다.	약한 부엉이 조각상
QUEST_UNUSED_20180327_000305	붉은 푸라기가 우리를 위협하고 있습니다.{nl}저기 돌아다니는 것 좀 보세요.	길 잃은 영혼
QUEST_UNUSED_20180327_000306	검은 사크몰리들이 저기 있는 동안에는.. 지나갈 수 없습니다.{nl}언덕 위에 검은 사크몰리가 가득해요.	미련 많은 영혼
QUEST_UNUSED_20180327_000307	전 왕릉 공사에 쓰였던 기둥들을 찾고 있습니다.{nl}혹시 색다른 기둥들을 보신다면 제게 알려주세요.	조각가 힐다
QUEST_UNUSED_20180327_000308	정말 멋지지 않습니까?{nl}할 수만 있다면 평생을 여기서 기둥 연구나 하며 살고 싶군요.	조각가 힐다
QUEST_UNUSED_20180327_000309	굉장히 멋진 조각들이네요.{nl}즈루기 유적지로 가봐야겠어요.	조각가 힐다
QUEST_UNUSED_20180327_000310	예지의 부엉이	
QUEST_UNUSED_20180327_000311	네크로벤터가 가시숲으로 가는 길을 막고 있습니다.{nl}가시숲으로 가기 위해서는 네크로벤터를 처치해야 합니다.	예지의 부엉이
QUEST_UNUSED_20180327_000312	악에 물든 부엉이 조각상	
QUEST_UNUSED_20180327_000313	네크로벤터께 저항하는 자는 모두 죽는다.	악에 물든 부엉이 조각상
QUEST_UNUSED_20180327_000314	쿨레 고개를 점령했던 네크로벤터가 사라졌습니다.{nl}쿨레 고개는 다시 평화로워지겠죠.	예지의 부엉이
QUEST_UNUSED_20180327_000315	저를 보호할 방법이 생각났습니다.{nl}피셔맨들이 집어삼킨 영혼들에서 미미하게나마 신성력이 느껴집니다.{nl}피셔맨들이 삼킨 신성력을 찾아온다면..	신성한 부엉이 조각상
QUEST_UNUSED_20180327_000316	치유의 은혜를 베푼다면 더욱 여신께 가까워질 수 있습니다.{nl}봉사를 통해 클레릭의 더 높은 경지를 이룰 수 있도록 제가 도와드릴 수 있답니다.	클레릭 마스터
QUEST_UNUSED_20180327_000317	많은 분들이 몬스터의 습격을 받고 이곳으로 오십니다.{nl}하지만 저희도 가지고 있는 약초가 동난 터라 응급처치밖에 할 수 없었지요.	클레릭 마스터
QUEST_UNUSED_20180327_000318	감사합니다. {nl}클레릭 마스터로서 당신이 더 높은 사명을 이루는 것을 기꺼이 도와드리겠습니다.	클레릭 마스터
QUEST_UNUSED_20180327_000319	몬스터의 습격으로 다친 분들이 늘었지만 약초는 부족하기만 합니다.{nl}그들을 위하여 록소나 장터의 야생화 꽃술을 모아 주세요.	클레릭 마스터
QUEST_UNUSED_20180327_000320	이 사거리의 오른쪽에 몬스터들의 둥지가 있어요. {nl}배가 불러 먹어치우지 못한 동료들이 아직 남아 있을지도 몰라요.	약해진 부엉이 조각상
QUEST_UNUSED_20180327_000321	역시 만만치 않군요. 다친 곳은 없으신지요.{nl}다음 비문은 디키네 갈림길로 가는 길에 있습니다.	사학자 렉시퍼
QUEST_UNUSED_20180327_000322	신께선 입이 무겁지요. {nl}왕릉 또한 마찬가지일 겁니다.	사학자 렉시퍼
QUEST_UNUSED_20180327_000323	위험했습니다.{nl}하지만 그렇다고 해서 멈출 순 없지요.	사학자 렉시퍼
QUEST_UNUSED_20180327_000324	내게 가르침을 받기 전에 실전의 느낌이란 게 어떤 것인지 내가 도와줄 수도 있겠구나.{nl}	소드맨 마스터
QUEST_UNUSED_20180327_000325	청랑머문 숲에 가면 허니핀이라는 몬스터를 찾을 수 있단다.{nl}그 정도라면 지금 너에게 딱 좋은 실전 경험이 되겠지.	소드맨 마스터
QUEST_UNUSED_20180327_000326	훈련은 실전처럼 해야 하나 조심이라는 단어도 잊지 말아야 한단다.	소드맨 마스터
QUEST_UNUSED_20180327_000327	그래. 그새 자세가 좋아진 게 보이는구나.{nl}가르침을 받고 싶다면 자주 들르거라.	소드맨 마스터
QUEST_UNUSED_20180327_000328	당신의 무용담은 우리 펠타스타들에게도 훌륭한 귀감이 되고 있습니다. {nl}하지만 저는 제 눈으로 직접 확인되어야만 제자로 받아들일 수 있습니다.	펠타스타 마스터
QUEST_UNUSED_20180327_000329	이야기라는 것은 원래 과장되고 부풀려지기 마련입니다.{nl}그러니 이렇게 까다롭게 구는 것을 용서해 주십시오.	펠타스타 마스터
QUEST_UNUSED_20180327_000330	과장이 아니었군요. {nl}당신의 실력은 입증되었으니 펠타스타의 가르침을 받는 것을 허락하겠습니다.	펠타스타 마스터
QUEST_UNUSED_20180327_000331	전투에서 믿을 수 있는 건 자신의 경험뿐이다.{nl}그대도 하이랜더의 검술을 배우고 싶다면 좋은 경험을 쌓는 것이 중요할 것이다.	하이랜더 마스터
QUEST_UNUSED_20180327_000332	청랑머문 숲에 가면 허니핀이라는 몬스터가 있다.{nl}그 몬스터를 상대하는 것은 좋은 경험이 되겠지.	하이랜더 마스터
QUEST_UNUSED_20180327_000333	수고했다.{nl}앞으로도 실전 경험을 쌓고 내 밑에서 검을 배운다면 좋은 검사가 될 수 있을 것이다.	하이랜더 마스터
QUEST_UNUSED_20180327_000334	하플라이트 마스터	
QUEST_UNUSED_20180327_000335	하플라이트의 이름을 짊어질 거라면 주변 동료들이 믿고 따를 수 있는 귀감이 되어야 할 겁니다.{nl}당신의 실력이야 이미 유명합니다만, 그래도 저는 직접 확인해보고 싶군요.	하플라이트 마스터
QUEST_UNUSED_20180327_000336	그리나스 구릉지에 콜리멘시아라는 몬스터가 있습니다.{nl}위협적인 몬스터입니다만, 이 정도는 가볍게 해치우셔야 합니다.	하플라이트 마스터
QUEST_UNUSED_20180327_000337	시간이 꽤 걸리리라 생각했는데 생각했던 것보다 더 뛰어나시군요.{nl}스승과 제자가 아닌 전우로서, 잘 부탁드립니다.	하플라이트 마스터
QUEST_UNUSED_20180327_000338	너 만한 자가 나에게 가르침을 받겠다니 참으로 기묘하군.{nl}하지만 어떤 가르침이든 그에 따른 대가는 필요한 법이다.	바바리안 마스터
QUEST_UNUSED_20180327_000339	그리나스 구릉지의 포아타가 사람을 습격하기로 악명높다고 들었다.{nl}그만하면 충분한 대금이 될 것이다.	바바리안 마스터
QUEST_UNUSED_20180327_000340	쉽게 끝난 모양이군.{nl}좋아. 자격은 충분하다.{nl}	바바리안 마스터
QUEST_UNUSED_20180327_000341	그리나스 수련장의 가이갈라스 정도라면 확인할 수 있겠지요.{nl}부디 무운을 빌겠습니다.	펠타스타 마스터
QUEST_UNUSED_20180327_000342	중요한 크리비 성물을 잃어버리고 말았네.{nl}자네가 크리비의 더 높은 경지를 원한다면 성물을 되찾는 일에 동참해 주게.	크리비 마스터
QUEST_UNUSED_20180327_000343	성물엔 강력한 힘이 있어 몬스터들에게 자주 노려지기도 하지.{nl}성물을 잃는다는 것은 곧 신실함을 잃어버리는 것과 다름이 없네.	크리비 마스터
QUEST_UNUSED_20180327_000344	수고했네. 다행히도 성물은 다친 곳이 없군.{nl}약속대로 크리비의 수련에 대해 가르쳐 드리겠네.	크리비 마스터
QUEST_UNUSED_20180327_000345	최근 루클리스 거리에서 사악한 기운이 출몰한다고 합니다.{nl}형제께서 프리스트의 길을 걷고자 하신다면 여신의 이름으로 퇴마하셔야 합니다.	프리스트 마스터
QUEST_UNUSED_20180327_000346	사악한 기운은 절대적인 악입니다.{nl}형제라면 반드시 루클리스 거리의 그 기운을 퇴마하실 수 있을 것입니다.	프리스트 마스터
QUEST_UNUSED_20180327_000347	클라페다로 옮겨지던 중요한 성물이네.{nl}석화된 도시의 중심시가를 지나던 도중 몬스터에게 습격을 받았다는군. {nl}꼭 부탁함세.	크리비 마스터
QUEST_UNUSED_20180327_000348	미안하지만, 보코르의 길은 아무나 탐구할 수 있는 것이 아닙니다.{nl}록소나 장터에 출몰하는 석화고래의 정수를 가져오시면 그 자격을 인정해 드리겠습니다.	보코르 마스터
QUEST_UNUSED_20180327_000349	록소나 장터의 석화고래는 많은 인명을 해쳤습니다.{nl}그 원한이 담긴 정수가 필요합니다.	보코르 마스터
QUEST_UNUSED_20180327_000350	수고하셨습니다.{nl}약속대로 제가 아는 보코르의 모든 것을 전수해 드리겠습니다.	보코르 마스터
QUEST_UNUSED_20180327_000351	석화된 도시의 중심 시가에 있는 늠름한 원목만 가질 수 있다면 뭐든 들어줄 텐데..{nl}가령 딥디르비의 가르침이라든가 말이오.	조각가 테슬라
QUEST_UNUSED_20180327_000352	그건 내 평생의 원이라오. {nl}언제나 그 나무는 자신을 멋진 작품으로 만들어 달라며 내게 손짓을 하지.	조각가 테슬라
QUEST_UNUSED_20180327_000353	오, 그래. 이거야. 이거.{nl}딥디르비의 가르침이 필요하거든 언제든 내게 오시게!	조각가 테슬라
QUEST_UNUSED_20180327_000354	외성벽의 장치들은 위험한 것들이 많아요.{nl}혹시라도 몬스터들이 잘못 건드려서 오작동하면 큰 문제가 될 수도 있어서 걱정이에요.	큐폴 밀다
QUEST_UNUSED_20180327_000355	정말인가요?{nl}한시름 놓겠네요.	큐폴 밀다
QUEST_UNUSED_20180327_000356	여길 조사하면서도 엄청 조마조마했거든요.	큐폴 밀다
QUEST_UNUSED_20180327_000357	다행이에요.{nl}이걸로 일단 문제없겠죠.	큐폴 밀다
QUEST_UNUSED_20180327_000358	조금 전에 찾아 주셨던 금속판.. 아무래도 다음 부분이 남아있는 것 같아요.{nl}제가 찾은 금속판은 그게 전부인데 큰일이네요.{nl}	알뤼다
QUEST_UNUSED_20180327_000359	아, 아직 한 군데 찾지 않은 곳이 있기는 해요. 폴사스 가도요.{nl}그곳에 한 번 가 봐 주실래요?	알뤼다
QUEST_UNUSED_20180327_000360	잘 되어 가시나요?{nl}제 생각이 좀 짧았나봐요.	알뤼다
QUEST_UNUSED_20180327_000361	아, 그 위치라면 어떤 성물인지 알 것 같네요.{nl}도구를 사용하는 것 보다 일단 손으로 한 번 파 보세요.{nl}그리고 나오는 건 깨지지 않게 조심해서 가져다 주세요.	메리사
QUEST_UNUSED_20180327_000362	별로 어렵지 않을 거예요.	메리사
QUEST_UNUSED_20180327_000363	깨지지 않게 조심하세요.	메리사
QUEST_UNUSED_20180327_000364	이건 중요한 기록이나 문서를 남기기 위해 사용하던 비밀잉크가 담긴 병이예요. {nl}기록을 숨겨야 할 필요가 있을 때 이 잉크를 사용했을 거라고 알려져 있어요.{nl}감사합니다.	메리사
QUEST_UNUSED_20180327_000365	파이로맨서의 일은 어떻게 됐습니까?	기티스
QUEST_UNUSED_20180327_000366	파이로맨서 마스터에게 일을 보고만 하면 되는 겁니까?	기티스
QUEST_UNUSED_20180327_000367	제 일을 도와주셔서 감사합니다.	기티스
QUEST_UNUSED_20180327_000368	제 일을 도와주셨으니 보답을 해야겠군요.	파이로맨서 마스터
QUEST_UNUSED_20180327_000369	연구 자료입니다. 크리오맨서 마스터에게 기티스 대신해서 연구 자료를 준다고 말씀하시면 됩니다.	파이로맨서 마스터
QUEST_UNUSED_20180327_000370	일이 잘 풀려서 다행입니다.	기티스
QUEST_UNUSED_20180327_000371	제가 기티스에게 부탁한 연구 자료군요.  잘 쓰겠습니다.	크리오맨서 마스터
QUEST_UNUSED_20180327_000372	어서 그에게 갖다주십시오.	파이로맨서 마스터
QUEST_UNUSED_20180327_000373	마음이 조금이나마 편해집니다.	기티스
QUEST_UNUSED_20180327_000374	허수아비가 몬스터들에게 위압감 줘야 하는데 몸집이 너무 작습니다.{nl}허수아비의 몸집을 키워야 합니다. 몬스터의 복실복실한 털을 이용하면 좋을거 같습니다.	루이즈
QUEST_UNUSED_20180327_000375	사람만 한 몸집으론 몬스터들에게 위압감을 주긴 힘듭니다.{nl}몬스터들의 털을 이용해서 허수아비의 몸집을 키울 겁니다.	루이즈
QUEST_UNUSED_20180327_000376	감사합니다.	
QUEST_UNUSED_20180327_000377	병아리라.. 스파르나스를 다시 떠올리게 해 주는군.{nl}정말 꿈에서라도 보기 싫은 녀석이었어.{nl}	장교 류다스
QUEST_UNUSED_20180327_000378	흠, 그래. 내가 거기에 어울리는 용맹한 악세서리를 가지고 있지.{nl}나에겐 이제 필요 없으니 이 주변의 잡스러운 녀석들을 처리해 준다면 선물로 줄까 하는데?	장교 류다스
QUEST_UNUSED_20180327_000379	아직 멀었나?{nl}자네에게 무척 잘 어울릴걸세.	장교 류다스
QUEST_UNUSED_20180327_000380	그래, 훌륭하게 일을 처리해 주었군.{nl}받게. 약속한 선물이네. {nl}	장교 류다스
QUEST_UNUSED_20180327_000381	얕보지 말게. 옛 고금에서는 절대적인 힘을 자랑하던 동물이었지.{nl}어떤 곳에선 이 동물을 건드리면 마을의 공적이 된다지 아마?	장교 류다스
QUEST_UNUSED_20180327_000382	수녀들이 항상 찾던 물건이어서 한 두개씩은 모아두었지만{nl}이렇게 많이 가져오신 분은 당신이 처음입니다.{nl}이정도면 수녀들의 활동을 지원하는 데 큰 도움이 될 겁니다.{nl}정말 감사합니다	인챈터 마스터
QUEST_UNUSED_20180327_000383	그 교활한 녀석에게서 손톱을 가져와줄 사람을 찾고 있었습니다.{nl}다행히 그리 오래걸리진 않았군요.{nl}좀 더 모을 수 있다면 좋겠지만 이정도면 멈췄던 작업을 시작할 수 있겠어요.{nl}감사합니다.	인챈터 마스터
QUEST_UNUSED_20180327_000384	마기가 뿜어져 나온 뒤 비정상적으로 거대해진 변이 식물이 생겼습니다.{nl}뭔가 위험해보여서 멀리서만 봤는데 불길한 기운을 내뿜고 있더군요.{nl}그 변이 식물이 마을 주민들에게 해를 끼칠까봐 걱정입니다.	사제 라엘리에
QUEST_UNUSED_20180327_000385	그래주신다면 정말 감사하겠습니다.{nl}하지만 어떤 위험이 있을지 모르니 조심하세요.	사제 라엘리에
QUEST_UNUSED_20180327_000386	역시 마기가 새어나와서 그렇게 흉측하게 변해버린걸까요?	사제 라엘리에
QUEST_UNUSED_20180327_000387	그럴수가.. 몬스터가 숨어있었군요.{nl}그래도 무사하시니 정말 다행입니다.	사제 라엘리에
QUEST_UNUSED_20180327_000388	주교	
QUEST_UNUSED_20180327_000389	지금 문이 봉인돼있어 들어가지 못합니다.{nl}티킨티에 제랑을 지나 방으로 들어가면 결계 촛대가 있습니다.{nl}결계 촛대를 끄면 봉인된 문이 열릴 것입니다.	주교
QUEST_UNUSED_20180327_000390	저 우드 고블린들을 통솔하는 거대한 녀석이 있습니다.	수도사 제프리
QUEST_UNUSED_20180327_000391	이곳 라우키에 저습지에서 자이언트 우드 고블린을 마주치실지도 모르겠군요.{nl}그렇게 된다면 힘드시더라도 꼭 없애 주시기 바랍니다.	수도사 제프리
QUEST_UNUSED_20180327_000392	덩치에 걸맞게 강력한 녀석입니다. 부디 조심하십시오.	수도사 제프리
QUEST_UNUSED_20180327_000393	녀석을 상대하시게 된다면 다른 사람들과 함께 하시기를 권합니다.	수도사 제프리
QUEST_UNUSED_20180327_000394	그 녀석을 쓰러뜨리실 줄이야..{nl}계시자님은 제 생각 이상으로 강력한 분이시로군요. 감탄했습니다.{nl}계시자님과 함께라면 수도원 수복도 손쉬운 일이 아닐까 싶군요.	수도사 제프리
QUEST_UNUSED_20180327_000395	마법협회의 수집 의뢰	
QUEST_UNUSED_20180327_000396	협조하도록 하자	
QUEST_UNUSED_20180327_000397	도울 여유는 없을 것 같다	
QUEST_UNUSED_20180327_000398	주교가 꾼 계시의 꿈	
QUEST_UNUSED_20180327_000399	계시를 받고 찾아왔다고 말한다	
QUEST_UNUSED_20180327_000400	아라스의 의뢰(3)	
QUEST_UNUSED_20180327_000401	부베 투사의 흔적을 찾겠다고 제안한다	
QUEST_UNUSED_20180327_000402	영원한 탐험(4) - 삭제 됨	
QUEST_UNUSED_20180327_000403	소각 중	
QUEST_UNUSED_20180327_000404	거친 승급[바바리안 전직]	
QUEST_UNUSED_20180327_000405	마스터와 전투를 받아들인다	
QUEST_UNUSED_20180327_000406	전투를 피한다	
QUEST_UNUSED_20180327_000407	창창한 미래[하플라이트 전직]	
QUEST_UNUSED_20180327_000408	과제를 수행하겠다고 한다	
QUEST_UNUSED_20180327_000409	신경 쓰이는 임무[사이코키노 전직]	
QUEST_UNUSED_20180327_000410	조수가 되겠다고 한다	
QUEST_UNUSED_20180327_000411	필요 없다고 한다	
QUEST_UNUSED_20180327_000412	세상에 없던 책[링커 전직](1)	
QUEST_UNUSED_20180327_000413	시험에 필요한 재료를 준비해 준다	
QUEST_UNUSED_20180327_000414	좀 더 생각해본다	
QUEST_UNUSED_20180327_000415	플레쳐의 비법[쿼렐슈터 전직](2)	
QUEST_UNUSED_20180327_000416	지도를 본 곳을 알려달라고 한다	
QUEST_UNUSED_20180327_000417	왠지 내 힘으론 부족할 것 같다고 한다	
QUEST_UNUSED_20180327_000418	페디미안의 보완자[아처 전직](1)	
QUEST_UNUSED_20180327_000419	로델레로 마스터를 찾아 가겠다고 한다	
QUEST_UNUSED_20180327_000420	페디미안의 보완자[아처 전직](2)	
QUEST_UNUSED_20180327_000421	처치하겠다고 한다	
QUEST_UNUSED_20180327_000422	너무 위험한 것 같다고 한다	
QUEST_UNUSED_20180327_000423	페디미안의 보완자[아처 전직](3)	
QUEST_UNUSED_20180327_000424	페디미안의 수호자[위저드 전직](1)	
QUEST_UNUSED_20180327_000425	마법을 위해서라면 뭐든 하겠다고 한다	
QUEST_UNUSED_20180327_000426	나중에 다시 찾아 온다	
QUEST_UNUSED_20180327_000427	페디미안의 수호자[위저드 전직](2)	
QUEST_UNUSED_20180327_000428	치유의 사명[클레릭 전직]	
QUEST_UNUSED_20180327_000429	사람들을 치료해주겠다고 한다	
QUEST_UNUSED_20180327_000430	마법의 과제[소서러 전직]	
QUEST_UNUSED_20180327_000431	마스터와 대련을 받아들인다	
QUEST_UNUSED_20180327_000432	대련을 피한다	
QUEST_UNUSED_20180327_000433	실전 증명[네크로맨서 전직]	
QUEST_UNUSED_20180327_000434	칼날 위의 시험[소드맨 전직]	
QUEST_UNUSED_20180327_000435	미노타우로스를 처치하겠다고 한다	
QUEST_UNUSED_20180327_000436	알코어의 시련[센츄리온 전직]	
QUEST_UNUSED_20180327_000437	장제사냐 장례사냐[하카펠 전직]	
QUEST_UNUSED_20180327_000438	대련을 받아들이겠다고 한다	
QUEST_UNUSED_20180327_000439	신경쓰이는 실종(2)	
QUEST_UNUSED_20180327_000440	몬스터를 처치하겠다고 한다	
QUEST_UNUSED_20180327_000441	이만 가보겠다고 한다	
QUEST_UNUSED_20180327_000442	신입 왕릉 연구원의 부탁(4)	
QUEST_UNUSED_20180327_000443	보관소의 흔적조차 남아 있지 않습니다	
QUEST_UNUSED_20180327_000444	날개 조각(2)	
QUEST_UNUSED_20180327_000445	날개 조각을 전해주겠다고 제안한다	
QUEST_UNUSED_20180327_000446	길가에 자라난 위협	
QUEST_UNUSED_20180327_000447	그래도 건드려 본다	
QUEST_UNUSED_20180327_000448	네크로벤터의 훼방	
QUEST_UNUSED_20180327_000449	네크로벤터를 처치한다	
QUEST_UNUSED_20180327_000450	납치된 사람들(1) - 삭제	
QUEST_UNUSED_20180327_000451	마을 사람들을 구해 주겠다고 한다	
QUEST_UNUSED_20180327_000452	잠시 생각할 시간을 가진다	
QUEST_UNUSED_20180327_000453	길을 막고있는 몬스터의 방해	
QUEST_UNUSED_20180327_000454	길을 막고있는 몬스터를 처치하세요!	
QUEST_UNUSED_20180327_000455	길을 막고있는 몬스터를 모두 처치했습니다!	
QUEST_UNUSED_20180327_000456	부엉이 조각상의 기다림	
QUEST_UNUSED_20180327_000457	고요의 숲(1)	
QUEST_UNUSED_20180327_000458	검은 지그리를 처치하겠다고 제안한다	
QUEST_UNUSED_20180327_000459	고요의 숲(2)	
QUEST_UNUSED_20180327_000460	영혼의 유골함을 약한 부엉이 조각상에게 전달했습니다	
QUEST_UNUSED_20180327_000461	고요의 숲(3)	
QUEST_UNUSED_20180327_000462	관문을 확인하겠다고 제안한다	
QUEST_UNUSED_20180327_000463	고요의 숲(4)	
QUEST_UNUSED_20180327_000464	영혼을 찾아보겠다고 제안한다	
QUEST_UNUSED_20180327_000465	독 안에 든 영혼(1)	
QUEST_UNUSED_20180327_000466	붉은 푸라기를 처치하겠다고 제안한다	
QUEST_UNUSED_20180327_000467	독 안에 든 영혼(2)	
QUEST_UNUSED_20180327_000468	검은 사카몰리를 처치하겠다고 제안한다	
QUEST_UNUSED_20180327_000469	독 안에 든 영혼(3)	
QUEST_UNUSED_20180327_000470	부엉이 조각상을 확인해보겠다고 제안한다	
QUEST_UNUSED_20180327_000471	독 안에 든 영혼(4)	
QUEST_UNUSED_20180327_000472	부엉이 조각상의 구원요청	
QUEST_UNUSED_20180327_000473	데스모두스를 처치하겠다고 제안한다	
QUEST_UNUSED_20180327_000474	숲에 스며든 마족(1)	
QUEST_UNUSED_20180327_000475	도움을 주겠다고 제안한다	
QUEST_UNUSED_20180327_000476	숲에 스며든 마족(2)	
QUEST_UNUSED_20180327_000477	부엉이 조각상을 찾아가겠다고 제안한다	
QUEST_UNUSED_20180327_000478	영혼 사냥꾼(1)	
QUEST_UNUSED_20180327_000479	부엉이 조각상을 확인하겠다고 제안한다	
QUEST_UNUSED_20180327_000480	영혼 사냥꾼(2)	
QUEST_UNUSED_20180327_000481	함정을 제거하겠다고 제안한다	
QUEST_UNUSED_20180327_000482	영혼 사냥꾼(3)	
QUEST_UNUSED_20180327_000483	할로우벤터 무리를 처치하겠다고 제안한다	
QUEST_UNUSED_20180327_000484	영혼 사냥꾼(4)	
QUEST_UNUSED_20180327_000485	할로우벤터를 처치하겠다고 제안한다	
QUEST_UNUSED_20180327_000486	관문 열기(1)	
QUEST_UNUSED_20180327_000487	관문 열기(2)	
QUEST_UNUSED_20180327_000488	부엉이 조각상에게 영혼의 이야기를 전해준다	
QUEST_UNUSED_20180327_000489	헤매는 영혼(1)	
QUEST_UNUSED_20180327_000490	헤매는 영혼(2)	
QUEST_UNUSED_20180327_000491	다크 슬라임을 처치하겠다고 제안한다	
QUEST_UNUSED_20180327_000492	헤매는 영혼(3)	
QUEST_UNUSED_20180327_000493	헤메는 영혼(4)	
QUEST_UNUSED_20180327_000494	조각가의 시험(1)	
QUEST_UNUSED_20180327_000495	몬스터를 해치우겠다고 제안한다	
QUEST_UNUSED_20180327_000496	조각가의 시험(2)	
QUEST_UNUSED_20180327_000497	깨우는 중	
QUEST_UNUSED_20180327_000498	조각가의 시험(3)	
QUEST_UNUSED_20180327_000499	조각가의 시험(4)	
QUEST_UNUSED_20180327_000500	조각가의 시험(5)	
QUEST_UNUSED_20180327_000501	시험 장소로 이동한다	
QUEST_UNUSED_20180327_000502	조각가의 시험(6)	
QUEST_UNUSED_20180327_000503	조각가의 시험(7)	
QUEST_UNUSED_20180327_000504	가시숲으로	
QUEST_UNUSED_20180327_000505	가시 숲으로 가는 문을 연다	
QUEST_UNUSED_20180327_000506	열쇠 설치 중	
QUEST_UNUSED_20180327_000507	비테레지나의 습격	
QUEST_UNUSED_20180327_000508	위험한 쓰론위버(3)	
QUEST_UNUSED_20180327_000509	쓰론위버를 처치하겠다고 한다	
QUEST_UNUSED_20180327_000510	준비할 시간을 달라고 한다	
QUEST_UNUSED_20180327_000511	미끼를 놓는 중	
QUEST_UNUSED_20180327_000512	쓰론위버가 나타났습니다!	
QUEST_UNUSED_20180327_000513	관심을 한 몸에[소드맨 전직]	
QUEST_UNUSED_20180327_000514	국민과 방패를 위한 검[하이랜더 전직](1)	
QUEST_UNUSED_20180327_000515	펠타스타 마스터를 돕겠다고 한다	
QUEST_UNUSED_20180327_000516	국민과 방패를 위한 검[하이랜더 전직](2)	
QUEST_UNUSED_20180327_000517	기사단장 우스카를 돕겠다고 한다	
QUEST_UNUSED_20180327_000518	국민과 방패를 위한 검[하이랜더 전직](3)	
QUEST_UNUSED_20180327_000519	수정광산 2층으로 가 보겠다고 한다	
QUEST_UNUSED_20180327_000520	국민과 방패를 위한 검[하이랜더 전직](4)	
QUEST_UNUSED_20180327_000521	하이랜더 마스터에게 돌아가 보겠다고 한다	
QUEST_UNUSED_20180327_000522	잠시 후에 다시 오겠다고 한다	
QUEST_UNUSED_20180327_000523	날짐승의 방해[펠타스타 전직](1)	
QUEST_UNUSED_20180327_000524	의뢰를 받아들인다고 한다	
QUEST_UNUSED_20180327_000525	날짐승의 방해[펠타스타 전직](2)	
QUEST_UNUSED_20180327_000526	플레쳐 마스터를 찾아가겠다고 한다	
QUEST_UNUSED_20180327_000527	날짐승의 방해[펠타스타 전직](3)	
QUEST_UNUSED_20180327_000528	그래도 어떻게 안되겠냐고 하소연해본다	
QUEST_UNUSED_20180327_000529	포기한다	
QUEST_UNUSED_20180327_000530	날짐승의 방해[펠타스타 전직](4)	
QUEST_UNUSED_20180327_000531	펠타스타 마스터에게 돌아가 보겠다고 한다	
QUEST_UNUSED_20180327_000532	첫 번째 화살[아처 전직](1)	
QUEST_UNUSED_20180327_000533	플레쳐 마스터에게 가보겠다고 한다	
QUEST_UNUSED_20180327_000534	첫 번째 화살[아처 전직](2)	
QUEST_UNUSED_20180327_000535	질 좋은 숫돌을 구해 오겠다고 한다	
QUEST_UNUSED_20180327_000536	첫 번째 화살[아처 전직](3)	
QUEST_UNUSED_20180327_000537	아처 마스터에게 돌아가 보겠다고 한다	
QUEST_UNUSED_20180327_000538	조금만 더 있다 간다고 한다	
QUEST_UNUSED_20180327_000539	그림자의 발자취[레인저 전직]	
QUEST_UNUSED_20180327_000540	의뢰를 받아 들이겠다고 한다	
QUEST_UNUSED_20180327_000541	전설을 찾아서[쿼렐슈터 전직]	
QUEST_UNUSED_20180327_000542	탁본을 떠 오겠다고 한다	
QUEST_UNUSED_20180327_000543	겨냥[아처 전직]	
QUEST_UNUSED_20180327_000544	시험을 받아들이겠다고 한다	
QUEST_UNUSED_20180327_000545	백발백중[레인저 전직]	
QUEST_UNUSED_20180327_000546	리버피드를 잡겠다고 한다	
QUEST_UNUSED_20180327_000547	구겨진 체면[쿼렐슈터 전직]	
QUEST_UNUSED_20180327_000548	해치우고 오겠다고 한다	
QUEST_UNUSED_20180327_000549	함정부품 조달[새퍼 전직]	
QUEST_UNUSED_20180327_000550	게으른 상대[헌터 전직]	
QUEST_UNUSED_20180327_000551	미노타우로스를 사냥하겠다고 한다	
QUEST_UNUSED_20180327_000552	치유약 재료[클레릭 전직]	
QUEST_UNUSED_20180327_000553	좀 더 생각해 보겠다고 한다	
QUEST_UNUSED_20180327_000554	야생화 꽃술 채집 중	
QUEST_UNUSED_20180327_000555	성물 회수[크리비 전직]	
QUEST_UNUSED_20180327_000556	중심시가에서 성물을 되찾아 오겠다고 한다	
QUEST_UNUSED_20180327_000557	사악한 기운 정화[프리스트 전직]	
QUEST_UNUSED_20180327_000558	퇴마하겠다고 한다	
QUEST_UNUSED_20180327_000559	주술인형[보코르 전직]	
QUEST_UNUSED_20180327_000560	정수를 구해 오겠다고 한다	
QUEST_UNUSED_20180327_000561	재료 찾기[딥디르비 전직]	
QUEST_UNUSED_20180327_000562	재료를 구해다 주겠다고 한다	
QUEST_UNUSED_20180327_000563	사학자 렉시퍼의 연구(3)	
QUEST_UNUSED_20180327_000564	다음 비문이 있는 곳으로 이동한다	
QUEST_UNUSED_20180327_000565	장교 류다스의 부탁	
QUEST_UNUSED_20180327_000566	거대한 변이 식물의 정체	
QUEST_UNUSED_20180327_000567	살펴보겠다고 한다	
QUEST_UNUSED_20180327_000568	신경쓰지 말라고 한다	
QUEST_UNUSED_20180327_000569	치유사의 길[클레릭 전직](1)	
QUEST_UNUSED_20180327_000570	센츄리온 마스터에게 가 보겠다고 한다	
QUEST_UNUSED_20180327_000571	너무 멀다고 한다	
QUEST_UNUSED_20180327_000572	치유사의 길[클레릭 전직](2)	
QUEST_UNUSED_20180327_000573	니코티아를 채집하겠다고 한다	
QUEST_UNUSED_20180327_000574	그냥 돌아가겠다고 한다	
QUEST_UNUSED_20180327_000575	치유사의 길[클레릭 전직](3)	
QUEST_UNUSED_20180327_000576	영원한 경배[크리비 전직](1)	
QUEST_UNUSED_20180327_000577	성지순례를 떠나겠다고 한다	
QUEST_UNUSED_20180327_000578	영원한 경배[크리비 전직](2)	
QUEST_UNUSED_20180327_000579	몬스터를 처치해 주겠다고 한다	
QUEST_UNUSED_20180327_000580	영원한 경배[크리비 전직](3)	
QUEST_UNUSED_20180327_000581	이제 페디미안으로 떠나겠다고 한다	
QUEST_UNUSED_20180327_000582	잠시만 머무르겠다고 한다	
QUEST_UNUSED_20180327_000583	끊임없는 정화[프리스트 전직]	
QUEST_UNUSED_20180327_000584	사악한 기운을 정화하러 가겠다고 한다	
QUEST_UNUSED_20180327_000585	위저드들의 활동[위저드 전직]	
QUEST_UNUSED_20180327_000586	시험에 응하겠다고 한다	
QUEST_UNUSED_20180327_000587	파이로맨서들의 활동[파이로맨서 전직]	
QUEST_UNUSED_20180327_000588	포아타를 처치하고 오겠다고 한다	
QUEST_UNUSED_20180327_000589	크리오맨서들의 활동[크리오맨서 전직]	
QUEST_UNUSED_20180327_000590	머슈카리아를 처치하고 오겠다고 한다	
QUEST_UNUSED_20180327_000591	위험할 것 같다고 한다	
QUEST_UNUSED_20180327_000592	훈련은 실전처럼[소드맨 전직]	
QUEST_UNUSED_20180327_000593	허니핀을 처치하러 가겠다고 한다	
QUEST_UNUSED_20180327_000594	합당한 대가[펠타스타 전직]	
QUEST_UNUSED_20180327_000595	경험이 곧 자산[하이랜더 전직]	
QUEST_UNUSED_20180327_000596	좋은 경험을 쌓는 방법에 대해 묻는다	
QUEST_UNUSED_20180327_000597	동의하지 않는다	
QUEST_UNUSED_20180327_000598	의지할 수 있는[하플라이트 전직]	
QUEST_UNUSED_20180327_000599	문제를 해결[바바리안 전직]	
QUEST_UNUSED_20180327_000600	어떤 것으로 대가를 치뤄야 하는 지 묻는다	
QUEST_UNUSED_20180327_000601	밀실의 비밀	
QUEST_UNUSED_20180327_000602	내기에 응하겠다고 한다	
QUEST_UNUSED_20180327_000603	시험을 받아 들인다	
QUEST_UNUSED_20180327_000604	호기심의 긍정	
QUEST_UNUSED_20180327_000605	해주겠다고 한다	
QUEST_UNUSED_20180327_000606	위저드의 임무 완수[위저드 전직]	
QUEST_UNUSED_20180327_000607	아이언바움을 해치우고 오겠다고 한다	
QUEST_UNUSED_20180327_000608	나중에 다시 찾아온다고 한다	
QUEST_UNUSED_20180327_000609	파이로맨서의 임무 완수[파이로맨서 전직]	
QUEST_UNUSED_20180327_000610	크리오맨서의 임무 완수[크리오맨서 전직]	
QUEST_UNUSED_20180327_000611	사이코키노의 임무 완수[사이코키노 전직]	
QUEST_UNUSED_20180327_000612	의뢰를 대신 해주겠다고 한다	
QUEST_UNUSED_20180327_000613	링커의 임무 완수[링커 전직]	
QUEST_UNUSED_20180327_000614	웨어울프를 해치우고 오겠다고 한다	
QUEST_UNUSED_20180327_000615	쉬르나스 고원의 비문	
QUEST_UNUSED_20180327_000616	디키네 갈림길 왼쪽의 비문	
QUEST_UNUSED_20180327_000617	쓰러져 있는 용병의 시신	
QUEST_UNUSED_20180327_000618	시신의 명복을 비는 중	
QUEST_UNUSED_20180327_000619	명복을 비는 중	
QUEST_UNUSED_20180327_000620	죽은 병사의 명복을 빌어 주었습니다!	
QUEST_UNUSED_20180327_000621	체데크의 제단 활성화	
QUEST_UNUSED_20180327_000622	부엉이가 쓰러진 사연	
QUEST_UNUSED_20180327_000623	끝없는 식탐(4)	
QUEST_UNUSED_20180327_000624	큰아귀 길의 식량더미(1)	
QUEST_UNUSED_20180327_000625	헤쳐보는 중	
QUEST_UNUSED_20180327_000626	큰아귀 길의 식량더미(2)	
QUEST_UNUSED_20180327_000627	큰아귀 길의 식량더미(3)	
QUEST_UNUSED_20180327_000628	큰아귀 길의 식량더미(4)	
QUEST_UNUSED_20180327_000629	파 헤치는 중	
QUEST_UNUSED_20180327_000630	순례를 온 이유	
QUEST_UNUSED_20180327_000631	공간의 이동을 위해(1)	
QUEST_UNUSED_20180327_000632	길을 막고있는 몬스터 처치	
QUEST_UNUSED_20180327_000633	길을 막고있는 몬스터 처치!	
QUEST_UNUSED_20180327_000634	길을 막고있는 몬스터 처치 완료!	
QUEST_UNUSED_20180327_000635	부엉이 조각상의 사연	
QUEST_UNUSED_20180327_000636	부서진 부엉이 조각상 주변에 몬스터가 나타났습니다!	
QUEST_UNUSED_20180327_000637	부엉이 조각상의 흔적	
QUEST_UNUSED_20180327_000638	조각상이 쓰러진 이유	
QUEST_UNUSED_20180327_000639	부엉이 조각상을 부순 범인인 머쉬워트가 나타났습니다!	
QUEST_UNUSED_20180327_000640	부엉이 조각상의 안식	
QUEST_UNUSED_20180327_000641	불을 붙이려 하자 갑자기 몬스터들이 몰려들었습니다!{nl}일단 이들을 물리치고 다시 불을 붙여 봅시다!	
QUEST_UNUSED_20180327_000642	부엉이 조각상을 잘 태워 주었습니다!	
QUEST_UNUSED_20180327_000643	부엉이 조각상 화장	
QUEST_UNUSED_20180327_000644	불 불이는 중	
QUEST_UNUSED_20180327_000645	조각상 더미의 불을 지키면서 몬스터를 모두 처치하세요!	
QUEST_UNUSED_20180327_000646	메이번의 장치(2)	
QUEST_UNUSED_20180327_000647	거부	
QUEST_UNUSED_20180327_000648	봉인된 문	
QUEST_UNUSED_20180327_000649	보관실의 수상한 비밀 장치	
QUEST_UNUSED_20180327_000650	죄수의 편지(2)	
QUEST_UNUSED_20180327_000651	외성벽 코어 회수 작전(1)	
QUEST_UNUSED_20180327_000652	다른 큐폴들과 조사한 내용 이야기 중	
QUEST_UNUSED_20180327_000653	몬스터들이 굉장히 위협적인 모양이라고 한다	
QUEST_UNUSED_20180327_000654	별로 위험하지 않다고 한다	
QUEST_UNUSED_20180327_000655	외성벽의 증거 보존	
QUEST_UNUSED_20180327_000656	그전에 도망가자고 한다	
QUEST_UNUSED_20180327_000657	보이지 않으면 읽을 수 없어	
QUEST_UNUSED_20180327_000658	성물 수집(4)	
QUEST_UNUSED_20180327_000659	발굴해 오겠다고 한다	
QUEST_UNUSED_20180327_000660	성물 발굴 중	
QUEST_UNUSED_20180327_000661	성물을 발견 했습니다!	
QUEST_UNUSED_20180327_000662	해독제(2)	
QUEST_UNUSED_20180327_000663	문제 해결	
QUEST_UNUSED_20180327_000664	사정을 말해준다	
QUEST_UNUSED_20180327_000665	루이즈의 농경지(3)	
QUEST_UNUSED_20180327_000666	수녀원 기록물 회수	
QUEST_UNUSED_20180327_000667	호수의 라페네	
QUEST_UNUSED_20180327_000668	마지막 한 마리까지	
QUEST_UNUSED_20180327_000669	노력해 보겠다고 한다.	
QUEST_UNUSED_20180327_000670	아무래도 그런 녀석은 벅차다며 거절한다.	
QUEST_UNUSED_20180327_000671	의뢰석 확인	
QUEST_UNUSED_20180327_000672	마법협회의 의뢰석을 확인해 보세요.	
QUEST_UNUSED_20180327_000673	몬스터 표본 획득	
QUEST_UNUSED_20180327_000674	마법 협회의 의뢰석은 몬스터 연구를 위해 몬스터의 표본을 수집해 달라는 내용이었습니다. 주변의 몬스터를 처치하여 몬스터에게서 얻을 수 있는 부위들을 수집해 보세요.	
QUEST_UNUSED_20180327_000675	의뢰석에 보고	
QUEST_UNUSED_20180327_000676	이 정도면 몬스터의 표본을 충분히 수집한 것 같습니다. 의뢰석에 가져가세요.	
QUEST_UNUSED_20180327_000677	기사단장 우스카와 대화	
QUEST_UNUSED_20180327_000678	기사단장 우스카가 여신의 꿈을 꾸고 클라페다로 온 사람들을 찾는다고 합니다. 기사단장 우스카를 만나 계시의 꿈에 대해 이야기 하세요.	
QUEST_UNUSED_20180327_000679	기사단장 우스카가 여신의 꿈을 꾸고 클라페다로 온 사람들을 찾는다고 합니다. 기사단장 우스카를 만나 계시의 꿈에 대해 이야기하세요.	
QUEST_UNUSED_20180327_000680	준비가 되면, 여신이 주교의 꿈에서 말한대로 수정광산으로 가기 위해 기사단장 우스카와 다시 이야기하세요.	
QUEST_UNUSED_20180327_000681	아라스와 대화	
QUEST_UNUSED_20180327_000682	부베 투사를 목격한 것에 대해 아라스와 대화해 보세요.	
QUEST_UNUSED_20180327_000683	부베 투사 탐색	
QUEST_UNUSED_20180327_000684	수정광산의 약속에 포함된 일로 쳐 주는 걸까요? 어쨌든 부베 투사가 얼마나 있는지 직접 확인 해 봅시다.	
QUEST_UNUSED_20180327_000685	아라스에게 돌아가 대화	
QUEST_UNUSED_20180327_000686	부베 투사는 그 한 마리가 전부인 것 같습니다. 아라스에게 돌아가 부베 투사를 목격한 것을 알려주세요.	
QUEST_UNUSED_20180327_000687	부베 투사의 부하 처치	
QUEST_UNUSED_20180327_000688	연구 일지 모닥불에 소각	
QUEST_UNUSED_20180327_000689	바키스는 이제 생전의 연구에 미련이 없어 보입니다. 그의 연구를 한데 모아 잘 태워 그를 위로해 주세요.	
QUEST_UNUSED_20180327_000690	일지를 모두 태워 그의 넋을 달래 주었습니다. 탐험가 바키스의 영혼과 대화해 보세요.	
QUEST_UNUSED_20180327_000691	바바리안 마스터와 대화	
QUEST_UNUSED_20180327_000692	샤울레이 동쪽 숲에 있는 바바리안 마스터를 찾아가세요.	
QUEST_UNUSED_20180327_000693	바바리안 마스터와 전투로 인정받기	
QUEST_UNUSED_20180327_000694	바바리안 마스터는 검과 검을 맞댐으로써 인정받을 수 있다고 합니다. 바바리안 마스터와 싸워 이겨서 스스로를 증명하세요!	
QUEST_UNUSED_20180327_000695	바바리안 마스터의 인정을 받은 것 같습니다. 바바리안 마스터와 다시 대화해 보세요.	
QUEST_UNUSED_20180327_000696	바바리안의 인정	
QUEST_UNUSED_20180327_000697	하플라이트 서브 마스터와 대화	
QUEST_UNUSED_20180327_000698	샤울레이 서쪽 숲에 있는 하플라이트 서브 마스터를 찾아가세요.	
QUEST_UNUSED_20180327_000699	강한 마음가짐에 대한 다짐을 증명하기	
QUEST_UNUSED_20180327_000700	먼저 샤울레이 광산 마을 너머의 스라우타스 협곡을 지나 겔리 고원을 거쳐 테넷 성당 안으로 진입하세요. 그 다음 강해지고자 하는 다짐의 증명을 위해 테넷 성당 지하 1층의 글리자돈의 가죽, 지상 1층의 갈록의 송곳니, 지상 2층의 이노움의 검은가루를 구해 오세요.	
QUEST_UNUSED_20180327_000701	강해지고자 하는 마음가짐의 증명에 필요한 재료를 모두 모았습니다. 하플라이트 서브 마스터에게 돌아가 보세요.	
QUEST_UNUSED_20180327_000702	%s 수집	
QUEST_UNUSED_20180327_000703	사이코키노 서브 마스터와 대화	
QUEST_UNUSED_20180327_000704	샤울레이 광산 마을에 있는 사이코키노 서브 마스터를 찾아가세요.	
QUEST_UNUSED_20180327_000705	테넷 성당 지하 1층에서 데스모두스의 꼬리침 수집	
QUEST_UNUSED_20180327_000706	사이코키노 서브 마스터는 이 분야에 관심이 있다면 잠시 자신의 조수가 되어 보는 것을 권했습니다. 스라우타스 협곡을 지나 겔리 고원을 거쳐 테넷 성당 지하 1층까지 가세요. 그 다음 사이코키노 서브 마스터가 필요로 하는 데스모두스의 꼬리침을 구해 오세요.	
QUEST_UNUSED_20180327_000707	사이코키노 서브 마스터에게 전달	
QUEST_UNUSED_20180327_000708	데스모두스의 꼬리침을 충분히 구했습니다. 사이코키노 서브 마스터에게 돌아가 전해 주세요.	
QUEST_UNUSED_20180327_000709	세상에 없던 책[링커 전직]	
QUEST_UNUSED_20180327_000710	링커 서브 마스터와 대화	
QUEST_UNUSED_20180327_000711	샤울레이 광산 마을에 있는 링커 서브 마스터를 찾아가세요.	
QUEST_UNUSED_20180327_000712	시험을 위한 재료 수집	
QUEST_UNUSED_20180327_000713	링커 서브 마스터는 사람의 마음을 여는 링커의 자질을 굉장히 강조하고 있습니다. 우선 스라우타스 협곡을 지나 겔리 고원을 거쳐 테넷 성당까지 진입하세요. 그 후 링커의 자질을 알아보는 시험에 필요한 코릴러스의 핵과 갈록의 피를 테넷 성당 지상 1층에서 구해 오세요.	
QUEST_UNUSED_20180327_000714	링커 서브 마스터에게 재료 전달	
QUEST_UNUSED_20180327_000715	시험에 필요한 모든 재료를 구했습니다. 링커 서브 마스터에게 재료를 전달해 주세요.	
QUEST_UNUSED_20180327_000716	코릴러스의 핵	
QUEST_UNUSED_20180327_000717	갈록의 피	
QUEST_UNUSED_20180327_000718	쿼렐슈터가 찾는 책의 정보를 위해 샤울레이 동쪽 숲의 새퍼 마스터를 찾아가세요.	
QUEST_UNUSED_20180327_000719	시르드겔라 숲에서 지도 찾기	
QUEST_UNUSED_20180327_000720	새퍼 마스터는 시르드겔라 숲에 이상한 지도가 발견됬다는 이야기를 들었다고 합니다. 시르드겔라 숲으로 가서 지도를 찾아 보세요.	
QUEST_UNUSED_20180327_000721	쿼렐슈터 마스터에게 지도 전달	
QUEST_UNUSED_20180327_000722	이것이 새퍼 마스터가 말한 지도인 것 같습니다. 쿼렐슈터 마스터에게 돌아가세요.	
QUEST_UNUSED_20180327_000723	미노타우로스에게서 %s 획득	
QUEST_UNUSED_20180327_000724	페디미안의 보완자[아처 전직]	
QUEST_UNUSED_20180327_000725	클라페다에 있는 아처 마스터를 찾아 대화해 보세요.	
QUEST_UNUSED_20180327_000726	아처의 길을 선택하였습니다. 클라페다에 있는 아처 마스터를 찾아 대화해 보세요.	
QUEST_UNUSED_20180327_000727	로델레로 마스터와 대화	
QUEST_UNUSED_20180327_000728	아처 마스터는 남을 돕는 일에 대한 중요성을 강조하고 있습니다. 페디미안의 로델레로 마스터를 찾아 도울 일이 없는지 물어 보세요.	
QUEST_UNUSED_20180327_000729	마법사의 탑 3층의 거대한 몬스터 처치	
QUEST_UNUSED_20180327_000730	로델레로는 페디미안의 재건에도 일손이 부족한데 마법사의 탑에서 몬스터가 쏟아져 나오고 있는 것이 걱정이라고 합니다. 경고의 의미로 마법사의 탑 3층의 거대한 몬스터를 잡으세요.	
QUEST_UNUSED_20180327_000731	로델레로 마스터에게 보고	
QUEST_UNUSED_20180327_000732	마법사의 탑 3층의 미노타우로스를 잡는 데에 성공했습니다. 로델레로 마스터에게 돌아가 보고하세요.	
QUEST_UNUSED_20180327_000733	아처 마스터에게 보고	
QUEST_UNUSED_20180327_000734	로델레로 마스터의 일을 훌륭히 도왔습니다. 아처 마스터에게 돌아가 보고하세요.	
QUEST_UNUSED_20180327_000735	페디미안의 수호자[위저드 전직]	
QUEST_UNUSED_20180327_000736	위저드 마스터는 무엇보다도 노력을 가장 중요시 여긴다고 합니다. 마법사의 탑에서 위저드 마스터가 원하는 재료인 피라콘의 조각과 붉은 인프로 락터 껍질 조각을 모아 주세요.	
QUEST_UNUSED_20180327_000737	붉은 인프로 락터 껍질 조각	
QUEST_UNUSED_20180327_000738	위저드 마스터의 시험은 이것이 전부가 아닌 것 같습니다. 위저드 마스터와 다시 대화해 보세요.	
QUEST_UNUSED_20180327_000739	위저드 마스터의 자료 축적용 스크롤을 페디미안 곳곳에 사용	
QUEST_UNUSED_20180327_000740	위저드 마스터는 방어 체계 연구를 위해 페디미안의 자료도 수집하려고 합니다. 위저드 마스터를 도와 페디미안의 지도에 표시된 곳으로 가서 자료 축적용 스크롤을 사용해 주세요.	
QUEST_UNUSED_20180327_000741	클라페다에 있는 클레릭 마스터와 대화하세요.	
QUEST_UNUSED_20180327_000742	힐을 사용해 사람들을 치료	
QUEST_UNUSED_20180327_000743	클레릭 마스터는 남을 치료하는 봉사를 하는 것이 좋겠다고 합니다. 자신 혹은 파티원이 가진 힐 스킬로 다른 유저들을 치료하세요.	
QUEST_UNUSED_20180327_000744	전 지역	
QUEST_UNUSED_20180327_000745	많은 사람들을 치료해 주었습니다. 클레릭 마스터에게 돌아가 보고하세요.	
QUEST_UNUSED_20180327_000746	소서러 마스터와 대화	
QUEST_UNUSED_20180327_000747	페디미안의 소서러 마스터에게 찾아가세요.	
QUEST_UNUSED_20180327_000748	소서러 마스터와 마법 대련에서 승리	
QUEST_UNUSED_20180327_000749	소서러 마스터는 자신과의 마법 대련에서 승리해야 마법을 가르쳐 주겠다고 합니다. 페디미안 공터 광장에서 소서러 마스터와 대련하여 승리하세요.	
QUEST_UNUSED_20180327_000750	소서러 마스터와의 대련에서 승리하였습니다. 소서러 마스터와 대화해 보세요.	
QUEST_UNUSED_20180327_000751	소서러의 인정	
QUEST_UNUSED_20180327_000752	네크로맨서 마스터와 대화	
QUEST_UNUSED_20180327_000753	페디미안에 있는 네크로맨서 마스터와 대화하세요.	
QUEST_UNUSED_20180327_000754	네크로맨서 마스터와 전투	
QUEST_UNUSED_20180327_000755	네크로맨서 마스터는 영혼이 강인한 사람이어야 한다고 합니다. 네크로맨서 마스터와 대련하여 승리하세요.	
QUEST_UNUSED_20180327_000756	네크로맨서 마스터와의 대련에서 승리하였습니다. 네크로맨서 마스터와 대화하세요.	
QUEST_UNUSED_20180327_000757	네크로맨서의 인정	
QUEST_UNUSED_20180327_000758	클라페다에 있는 소드맨 마스터를 찾아가세요.	
QUEST_UNUSED_20180327_000759	마법사의 탑 3층의 미노타우로스 처치	
QUEST_UNUSED_20180327_000760	소드맨은 검에 망설임이 있어서는 안된다고 합니다. 마법사의 탑 3층에서 미노타우로스를 처치하세요.	
QUEST_UNUSED_20180327_000761	미노타우로스를 처치했습니다. 소드맨 마스터와 다시 대화하세요.	
QUEST_UNUSED_20180327_000762	페디미안의 센츄리온 마스터와 대화	
QUEST_UNUSED_20180327_000763	페디미안에 있는 센츄리온 마스터를 찾아가세요.	
QUEST_UNUSED_20180327_000764	센츄리온 마스터와 대련	
QUEST_UNUSED_20180327_000765	센츄리온 마스터는 대련을 통해 실력을 증명하라고 합니다. 센츄리온 마스터와의 대련에서 승리하세요.	
QUEST_UNUSED_20180327_000766	센츄리온 마스터와 대화	
QUEST_UNUSED_20180327_000767	대련에서 승리하였습니다. 센츄리온 마스터와 다시 대화하세요.	
QUEST_UNUSED_20180327_000768	센츄리온의 인정	
QUEST_UNUSED_20180327_000769	하카펠 마스터의 부름	
QUEST_UNUSED_20180327_000770	페디미안에서 하카펠 마스터가 당신을 찾고 있습니다	
QUEST_UNUSED_20180327_000771	하카펠 마스터와의 대련	
QUEST_UNUSED_20180327_000772	하카펠 마스터는 어떤 것이 부족한 지 알아야 가르칠 수 있다고 합니다. 하카펠 마스터와의 대련에서 승리하세요.	
QUEST_UNUSED_20180327_000773	하카펠 마스터와 대화	
QUEST_UNUSED_20180327_000774	하카펠 마스터와의 대련에서 승리하였습니다. 다시 하카펠 마스터와 대화하세요.	
QUEST_UNUSED_20180327_000775	하카펠의 인정	
QUEST_UNUSED_20180327_000776	다행히 그 소지품은 아이리네의 것이 아니였습니다. 용병 글렌과 다시 대화해 보세요.	
QUEST_UNUSED_20180327_000777	로도마 유적지 가는 길의 몬스터 처치	
QUEST_UNUSED_20180327_000778	하지만 용병 글렌은 앞으로 누가 어떤 일이 벌어질 지 모른다며 난폭하게 변한 몬스터들을 처치해 달라고 합니다. 로도마 제1유적지 가는 길목에 있는 몬스터들을 처치해 주세요.	
QUEST_UNUSED_20180327_000779	난폭하게 변한 몬스터들을 처치했으니 이제 안전할 겁니다. 용병 글렌과 대화해 보세요.	
QUEST_UNUSED_20180327_000780	티켄과 투켄 처치	
QUEST_UNUSED_20180327_000781	신입 왕릉 연구원과 대화한다	
QUEST_UNUSED_20180327_000782	기록 저장소로 이동	
QUEST_UNUSED_20180327_000783	신입 왕릉 연구원이 알려준 기록 저장소로 이동한다	
QUEST_UNUSED_20180327_000784	괴로운 부엉이 조각상에게 날개 조각 전달	
QUEST_UNUSED_20180327_000785	성실한 대장 부엉이는 이 지역의 부엉이들에게 여신이 힘이 깃든 자신의 날개를 전해주기를 원하고 있습니다. 토끼풀 언덕의 괴로운 부엉이 조각상에게 날개 조각을 전해 주세요.	
QUEST_UNUSED_20180327_000786	성실한 대장 부엉이 조각상에게 보고	
QUEST_UNUSED_20180327_000787	모든 부엉이들에게 날개 조각을 전해 주었습니다. 성실한 대장 부엉이에게 돌아가 보고하세요.	
QUEST_UNUSED_20180327_000788	부엉이 조각상을 공격하는 몬스터 처치	
QUEST_UNUSED_20180327_000789	바위 살펴보기	
QUEST_UNUSED_20180327_000790	무언가 숨겨져 있는 바위가 있습니다. 다가가서 살펴 보세요.	
QUEST_UNUSED_20180327_000791	일티스워트 처치	
QUEST_UNUSED_20180327_000792	돌을 건드렸더니 일티스워트의 등장! 이 녀석을 해치웁시다.	
QUEST_UNUSED_20180327_000793	예지의 부엉이 조각상과 대화	
QUEST_UNUSED_20180327_000794	예지의 부엉이 조각상과 대화한다	
QUEST_UNUSED_20180327_000795	네크로벤터 처치	
QUEST_UNUSED_20180327_000796	수정광산으로 가기 위해 마을의 촌장과 다시 대화해 보세요.	
QUEST_UNUSED_20180327_000797	부베에게 납치된 바이도타스 구출	
QUEST_UNUSED_20180327_000798	여신의 계시도 중요하지만 납치된 마을 사람들을 그냥 두고 볼 순 없습니다. 납치된 마을 사람들을 구출하러 광산으로 들어가기 위해 먼저 부베 서식지로 가서 부베에게 납치된 바이도타스를 구출하세요.	
QUEST_UNUSED_20180327_000799	부베의 습격 저지	
QUEST_UNUSED_20180327_000800	길을 막고 있는 몬스터 처치	
QUEST_UNUSED_20180327_000801	약한 부엉이 조각상과 대화한다	
QUEST_UNUSED_20180327_000802	쿨레 고개 진입	
QUEST_UNUSED_20180327_000803	쿨레 고개로 이동한다	
QUEST_UNUSED_20180327_000804	고요의 숲	
QUEST_UNUSED_20180327_000805	검은 지그리 처치	
QUEST_UNUSED_20180327_000806	검은 지그리를 처치한다	
QUEST_UNUSED_20180327_000807	유골함을 회수	
QUEST_UNUSED_20180327_000808	쿨레 고개입구에 흩어져 있는 유골함을 모아온다	
QUEST_UNUSED_20180327_000809	영혼의 관문 확인	
QUEST_UNUSED_20180327_000810	영혼의 관문을 확인하고 돌아온다	
QUEST_UNUSED_20180327_000811	길 잃은 영혼과 대화	
QUEST_UNUSED_20180327_000812	북쪽길을 따라 올라가 길 잃은 영혼과 대화한다	
QUEST_UNUSED_20180327_000813	독 안에 든 영혼	
QUEST_UNUSED_20180327_000814	길 잃은 영혼과 대화한다	
QUEST_UNUSED_20180327_000815	붉은 푸라기 처치	
QUEST_UNUSED_20180327_000816	붉은 푸라기를 처치한다	
QUEST_UNUSED_20180327_000817	미련 많은 영혼과 대화	
QUEST_UNUSED_20180327_000818	미련 많은 영혼과 대화한다	
QUEST_UNUSED_20180327_000819	검은 사크몰리 처치	
QUEST_UNUSED_20180327_000820	검은 사크몰리를 처치한다	
QUEST_UNUSED_20180327_000821	검은 사카몰리 처치	
QUEST_UNUSED_20180327_000822	부엉이 조각상 확인	
QUEST_UNUSED_20180327_000823	부엉이 조각상을 확인한다	
QUEST_UNUSED_20180327_000824	몰려드는 몬스터 처치	
QUEST_UNUSED_20180327_000825	몰려드는 몬스터를 처치한다	
QUEST_UNUSED_20180327_000826	신성한 부엉이 조각상과 대화	
QUEST_UNUSED_20180327_000827	신성한 부엉이 조각상과 대화한다	
QUEST_UNUSED_20180327_000828	데스모두스 처치	
QUEST_UNUSED_20180327_000829	데스모두스를 처치한다	
QUEST_UNUSED_20180327_000830	숲에 스며든 마족	
QUEST_UNUSED_20180327_000831	피셔맨에게 신성력조각 회수	
QUEST_UNUSED_20180327_000832	피셔맨에게 신성력조각을 되찾아온다	
QUEST_UNUSED_20180327_000833	우울한 부엉이 조각상과 대화	
QUEST_UNUSED_20180327_000834	우울한 부엉이 조각상과 대화한다	
QUEST_UNUSED_20180327_000835	영혼 사냥꾼	
QUEST_UNUSED_20180327_000836	텅빈 부엉이 조각상 확인	
QUEST_UNUSED_20180327_000837	텅빈 부엉이 조각상을 확인한다	
QUEST_UNUSED_20180327_000838	영혼의 함정 제거	
QUEST_UNUSED_20180327_000839	영혼의 함정을 찾아서 제거한다	
QUEST_UNUSED_20180327_000840	네크로벤터의 부하 처치	
QUEST_UNUSED_20180327_000841	네크로벤터의 부하들을 처치한다	
QUEST_UNUSED_20180327_000842	영혼 사냥꾼의 부하 처치	
QUEST_UNUSED_20180327_000843	열쇠 지기 헬로우벤터 처치	
QUEST_UNUSED_20180327_000844	열쇠 지기 헬로우벤터 처치하고 열쇠를 획득한다	
QUEST_UNUSED_20180327_000845	열쇠 지기	
QUEST_UNUSED_20180327_000846	할로우벤터의 부하	
QUEST_UNUSED_20180327_000847	관문 열기	
QUEST_UNUSED_20180327_000848	길잡이 영혼과 대화	
QUEST_UNUSED_20180327_000849	길잡이 영혼과 대화한다	
QUEST_UNUSED_20180327_000850	방해하는 몬스터를 처치	
QUEST_UNUSED_20180327_000851	방해하는 몬스터를 처치한다	
QUEST_UNUSED_20180327_000852	네크로벤터의 잔당 처치	
QUEST_UNUSED_20180327_000853	검은 슬라임 처치	
QUEST_UNUSED_20180327_000854	검은 슬라임을 처치한다	
QUEST_UNUSED_20180327_000855	의심스런 장소 확인	
QUEST_UNUSED_20180327_000856	의심스런 장소를 확인한다	
QUEST_UNUSED_20180327_000857	제한 시간동안 지역방어	
QUEST_UNUSED_20180327_000858	제한 시간동안 덤벼드는 몬스터의 공격에서 살아 남는다	
QUEST_UNUSED_20180327_000859	이름 모를 영혼과 대화	
QUEST_UNUSED_20180327_000860	이름 모를 영혼과 대화한다	
QUEST_UNUSED_20180327_000861	조각가의 시험	
QUEST_UNUSED_20180327_000862	주변 몬스터를 처치한다	
QUEST_UNUSED_20180327_000863	검은 지그리, 붉은 푸라기 처치	
QUEST_UNUSED_20180327_000864	시험관 부엉이 조각상 깨우기	
QUEST_UNUSED_20180327_000865	시험관 부엉이 조각상을 깨운다	
QUEST_UNUSED_20180327_000866	시험관 부엉이 조각상과 대화	
QUEST_UNUSED_20180327_000867	시험관 부엉이 조각상과 대화한다	
QUEST_UNUSED_20180327_000868	네크로벤터의 잔당	
QUEST_UNUSED_20180327_000869	시험관 부엉이 조각상과 대화하세요	
QUEST_UNUSED_20180327_000870	첫 번째 시험 통과	
QUEST_UNUSED_20180327_000871	첫 번째 시험을 통과한다	
QUEST_UNUSED_20180327_000872	시험의 데드본 처치	
QUEST_UNUSED_20180327_000873	두 번째 시험 통과	
QUEST_UNUSED_20180327_000874	두 번째 시험을 통과한다	
QUEST_UNUSED_20180327_000875	시험의 세콰이아 처치	
QUEST_UNUSED_20180327_000876	세 번째 시험 통과	
QUEST_UNUSED_20180327_000877	세 번째 시험을 통과한다	
QUEST_UNUSED_20180327_000878	시험의 여신상 처치	
QUEST_UNUSED_20180327_000879	열쇠 사용	
QUEST_UNUSED_20180327_000880	열쇠를 사용하여 가시숲으로 가는 길을 연다	
QUEST_UNUSED_20180327_000881	가시숲으로 이동한다	
QUEST_UNUSED_20180327_000882	길을 가로막는 몬스터 처치	
QUEST_UNUSED_20180327_000883	비테레지나를 처치하세요	
QUEST_UNUSED_20180327_000884	비테레지나 처치	
QUEST_UNUSED_20180327_000885	쓰론위버 유인에 사용할 사크몰리를 충분히 잡은 것 같습니다. 슬픈 부엉이 조각상과 대화해 보세요.	
QUEST_UNUSED_20180327_000886	쓰론위버를 처치	
QUEST_UNUSED_20180327_000887	슬픈 부엉이를 위해 쓰론위버를 처치해 버립시다.	
QUEST_UNUSED_20180327_000888	부엉이 조각상을 마구 파괴하고 다니는 쓰론위버를 처치했습니다. 슬픈 부엉이와 다시 대화해 보세요.	
QUEST_UNUSED_20180327_000889	쓰론위버 처치	
QUEST_UNUSED_20180327_000890	왕릉에 접근하기 위해서는 자카리엘 대왕의 모든 시련을 통과해야합니다. 다음 시련에 대한 증표를 얻기 위해 사학자 렉시퍼와 대화해 봅시다.	
QUEST_UNUSED_20180327_000891	디키네 갈림길 가는 길에 있는 세 번째 비문 읽기	
QUEST_UNUSED_20180327_000892	다음 비문은 디키네 갈림길 근처에 있다고 합니다. 디키네 갈림길 근처에 있는 비문을 찾아 주세요.	
QUEST_UNUSED_20180327_000893	비문에 걸린 강력한 수호의 힘으로 하마터면 사학자 렉시퍼가 큰일을 당할 뻔 했습니다. 사학자 렉시퍼와 다시 대화해 보세요.	
QUEST_UNUSED_20180327_000894	소드맨 마스터 찾아가기	
QUEST_UNUSED_20180327_000895	클라페다에 있는 소드맨 마스터를 찾아 가세요.	
QUEST_UNUSED_20180327_000896	대성당 참회로에서 도발용 보주 사용	
QUEST_UNUSED_20180327_000897	소드맨 마스터는 동료를 지켜줄 수 있는 용기를 중요시하고 있습니다. 대성당 참회로에서 도발용 보주로 몬스터를 도발한 후 처치하세요.	
QUEST_UNUSED_20180327_000898	소드맨 마스터가 요구한 할당량을 모두 채웠습니다. 소드맨 마스터에게 돌아가 보고하세요.	
QUEST_UNUSED_20180327_000899	국민과 방패를 위한 검[하이랜더 전직]	
QUEST_UNUSED_20180327_000900	하이렌더 마스터 찾아가기	
QUEST_UNUSED_20180327_000901	클라페다에 있는 하이랜더 마스터를 찾아 가세요.	
QUEST_UNUSED_20180327_000902	펠타스타 마스타 찾아가기	
QUEST_UNUSED_20180327_000903	하이랜더 마스터는 펠타스타 마스터의 일을 돕는다면 가르침을 주겠다고 합니다. 펠타스타 마스터를 찾아 가세요.	
QUEST_UNUSED_20180327_000904	펠타스타 마스터는 매우 급한 사안이 있는 것 같습니다. 펠타스타 마스터와 다시 대화하세요.	
QUEST_UNUSED_20180327_000905	기사단장 우스카 찾아가기	
QUEST_UNUSED_20180327_000906	펠타스타 마스터는 기사단장 우스카에서 지원 요청이 왔지만 도저히 짬이 안나 지원에 요청해 줄 수 없었다고 합니다. 펠타스타 마스터 대신 기사단장 우스카를 찾아가 보세요.	
QUEST_UNUSED_20180327_000907	바쁜 하이랜더 마스터와 펠타스타 마스터를 대신하여 기사단장 우스카를 돕겠다고 하였습니다. 기사단장 우스카와 다시 대화해 보세요.	
QUEST_UNUSED_20180327_000908	수정광산 2층의 소문의 원흉 처치	
QUEST_UNUSED_20180327_000909	기사단장 우스카는 수정광산을 빨리 재개해야 하는데 수정광산 2층의 거대한 몬스터때문에 작업을 재개할 수 없다고 합니다. 수정광산 2층으로 가서 소문의 원흉을 제거하세요.	
QUEST_UNUSED_20180327_000910	기사단장 우스카에게 보고	
QUEST_UNUSED_20180327_000911	소문의 원흉은 베아카라스였습니다. 베아카라스를 처치한 것을 기사단장 우스카에게 보고하세요.	
QUEST_UNUSED_20180327_000912	의뢰를 완료했으니 다시 하이랜더 마스터에게 돌아가 볼 시간입니다. 기사단장 우스카와 대화해 보세요.	
QUEST_UNUSED_20180327_000913	하이랜더 마스터에게 돌아가기	
QUEST_UNUSED_20180327_000914	기사단장 우스카의 의뢰를 완료했습니다. 하이랜더 마스터에게 돌아가 보세요.	
QUEST_UNUSED_20180327_000915	날짐승의 방해[펠타스타 전직]	
QUEST_UNUSED_20180327_000916	펠타스타 마스터 찾아가기	
QUEST_UNUSED_20180327_000917	클라페다에 있는 펠타스타 마스터를 찾아가 보세요.	
QUEST_UNUSED_20180327_000918	하이랜더 마스터 찾아가기	
QUEST_UNUSED_20180327_000919	펠타스타 마스터는 하이랜더가 방패 보급 약속을 지키지 않는다며 이 건을 해결해 주면 펠타스타의 가르침을 받도록 해주겠다고 합니다. 먼저 하이랜더 마스터에게 찾아가 보세요.	
QUEST_UNUSED_20180327_000920	하이랜더 마스터 대화	
QUEST_UNUSED_20180327_000921	하이랜더 마스터는 무척 미안한 듯 하지만, 물러설 수 없습니다. 하이랜더 마스터와 다시 대화해 보세요.	
QUEST_UNUSED_20180327_000922	플레쳐 마스터 찾아가기	
QUEST_UNUSED_20180327_000923	하이랜더 마스터가 거래를 의뢰한 플레쳐 마스터에게 무슨 일이 생긴 것 같습니다. 에산치우 마을에 있는 플레쳐 마스터를 찾아가 보세요.	
QUEST_UNUSED_20180327_000924	플레쳐 마스터와 대화	
QUEST_UNUSED_20180327_000925	플레쳐 마스터는 돌아가라고 했지만, 물러설 수 없습니다. 플레쳐 마스터와 다시 대화해 보세요.	
QUEST_UNUSED_20180327_000926	페디미안 외곽에서 모아 처치	
QUEST_UNUSED_20180327_000927	플레쳐 마스터는 재료를 부순 모아를 처치해 준다면 순서를 앞당겨 준다고 합니다. 페디미안 외곽에서 페디미안을 왕래하는 상인들을 습격하는 모아를 처치하세요.	
QUEST_UNUSED_20180327_000928	플레쳐 마스터에게 보고	
QUEST_UNUSED_20180327_000929	상인들을 공격하는 모아를 처치하는데 성공했습니다. 플레쳐 마스터에게 돌아가 보고하세요.	
QUEST_UNUSED_20180327_000930	모아도 처치했으니 물자 보급에 대한 확실한 약속을 받아낼 수 있을 것 같습니다. 플레쳐 마스터와 다시 대화해 보세요.	
QUEST_UNUSED_20180327_000931	플레쳐 마스터에게서 물자 보급에 대한 확실한 약속을 받았습니다. 펠타스타 마스터에게 돌아가 보고하세요.	
QUEST_UNUSED_20180327_000932	첫 번째 화살[아처 전직]	
QUEST_UNUSED_20180327_000933	아처 마스터 찾아가기	
QUEST_UNUSED_20180327_000934	클라페다에 있는 아처 마스터와 대화하세요.	
QUEST_UNUSED_20180327_000935	에산치우 마을의 플레쳐 마스터 찾아가기	
QUEST_UNUSED_20180327_000936	아처 마스터는 부탁을 들어주면 가르침을 주겠다고 합니다. 아처의 부탁 대로 에산치우 마을에 있는 플레쳐 마스터를 찾아가 무슨 문제가 있는지 확인하고 오세요.	
QUEST_UNUSED_20180327_000937	플레쳐 마스터의 신변은 아무런 이상이 없는 것 같지만 재료 수급때문에 물건이 늦어지는 것 같습니다. 재료에 대해 플레쳐 마스터와 대화해 보세요.	
QUEST_UNUSED_20180327_000938	대성당 참회로에서 질 좋은 숫돌 모아오기	
QUEST_UNUSED_20180327_000939	플레쳐 마스터는 질 좋은 숫돌을 잔뜩 구해 오라고 합니다. 대성당 참회로에서 질 좋은 숫돌을 모아오세요.{nl}	
QUEST_UNUSED_20180327_000940	플레쳐 마스터에게 전달	
QUEST_UNUSED_20180327_000941	골렘 덕분에 질 좋은 숫돌을 잔뜩 구할 수 있었습니다. 플레쳐 마스터에게 질 좋은 숫돌을 전해 주세요.	
QUEST_UNUSED_20180327_000942	아쳐 마스터가 부탁한 물건의 준비가 다 된 것 같습니다. 플레쳐 마스터와 대화해 보세요.	
QUEST_UNUSED_20180327_000943	플레쳐 마스터는 이 견본을 가지고 아쳐 마스터에게 돌아가 보라고 합니다. 아쳐 마스터에게 돌아가 견본을 전해 주세요.	
QUEST_UNUSED_20180327_000944	레인저 마스터 찾아가기	
QUEST_UNUSED_20180327_000945	클라페다에 있는 레인저 마스터에게 찾아 가세요.	
QUEST_UNUSED_20180327_000946	대성당 모야 체액 샘플 수집	
QUEST_UNUSED_20180327_000947	레인저 마스터는 자신의 일을 도와 주면 가르침을 주겠다고 합니다. 대성당에 숨어있는 모야에게 체액 샘플을 수집해 주세요.	
QUEST_UNUSED_20180327_000948	레인저 마스터에게 전달	
QUEST_UNUSED_20180327_000949	모야의 체액 샘플의 수집을 완료했습니다. 레인저 마스터에게 전해 주세요.	
QUEST_UNUSED_20180327_000950	몬스터의 체액	
QUEST_UNUSED_20180327_000951	쿼렐슈터 마스터 찾아가기	
QUEST_UNUSED_20180327_000952	리디아 샤펜의 비석 탁본 구해오기	
QUEST_UNUSED_20180327_000953	쿼렐슈터 마스터는 간단한 시험 과제로 리디아 샤펜의 탁본을 원하고 있습니다. 여신의 옛뜰에 위치한 리디아 샤펜의 비석에서 탁본을 떠 오세요.	
QUEST_UNUSED_20180327_000954	쿼렐슈터 마스터에게 전달	
QUEST_UNUSED_20180327_000955	탁본을 구하는데 성공했습니다. 쿼렐슈터 마스터에게 돌아가 전해 주세요.	
QUEST_UNUSED_20180327_000956	아처 마스터의 부름	
QUEST_UNUSED_20180327_000957	클라페다에 있는 아처 마스터가 당신을 찾고 있습니다	
QUEST_UNUSED_20180327_000958	루클리스 거리의 스파나스혼 처치	
QUEST_UNUSED_20180327_000959	아처 마스터는 기량을 잴 수 있는 것이 필요하다고 합니다. 루클리스 거리에서 스파나스혼을 처치하고 아처 마스터에게 돌아가세요	
QUEST_UNUSED_20180327_000960	스파나스혼을 처치하는데 성공하였습니다. 아처 마스터에게 돌아가 보고하세요.	
QUEST_UNUSED_20180327_000961	스파나스혼 처치	
QUEST_UNUSED_20180327_000962	레인저 마스터의 부름	
QUEST_UNUSED_20180327_000963	클라페다의 레인저 마스터가 당신을 찾고 있습니다	
QUEST_UNUSED_20180327_000964	록소나 장터의 리버피드 처치	
QUEST_UNUSED_20180327_000965	레인저 마스터는 자신의 일에 회의감이 든다면서 다른 마스터들처럼 도움이 되는 일을 해 보고 싶다고 합니다. 록소나 장터에서 리버피드를 처치하세요.	
QUEST_UNUSED_20180327_000966	리버피드를 처치하는데 성공했습니다. 레인저 마스터에게 보고하세요.	
QUEST_UNUSED_20180327_000967	리버피드 처치	
QUEST_UNUSED_20180327_000968	쿼렐슈터 마스터의 부름	
QUEST_UNUSED_20180327_000969	클라페다에 있는 쿼렐슈터 마스터가 당신을 찾고 있습니다	
QUEST_UNUSED_20180327_000970	중심시가의 템플슈터 처치	
QUEST_UNUSED_20180327_000971	쿼렐슈터 마스터는 자신의 제자들이 일을 그르치는 바람에 체면이 구겨졌다고 합니다. 쿼렐슈터 마스터의 제자 대신 중심시가에서 템플슈터를 처치하세요.	
QUEST_UNUSED_20180327_000972	쿼렐슈터 마스터에게 보고	
QUEST_UNUSED_20180327_000973	템플슈터를 처치하는데 성공했습니다. 쿼렐슈터 마스터에게 돌아가 보고하세요.	
QUEST_UNUSED_20180327_000974	템플슈터 사살	
QUEST_UNUSED_20180327_000975	새퍼 마스터의 부름	
QUEST_UNUSED_20180327_000976	샤울레이 동쪽 숲에 있는 새퍼 마스터가 당신을 찾고 있습니다	
QUEST_UNUSED_20180327_000977	루클리스 거리의 락토르투가에게서 천연 마노석 획득	
QUEST_UNUSED_20180327_000978	새퍼 마스터는 새로운 함정에 필요한 천연 마노석을 갖고싶어 합니다. 루클리스 거리의 락토르투가를 처치하고 천연 마노석을 획득하여 새퍼 마스터에게 돌아가세요.	
QUEST_UNUSED_20180327_000979	천연 마노석을 획득하였습니다. 새퍼 마스터와 대화하세요.	
QUEST_UNUSED_20180327_000980	천연 마노석 획득	
QUEST_UNUSED_20180327_000981	헌터 마스터의 부름	
QUEST_UNUSED_20180327_000982	샤울레이 동쪽 숲에서 헌터 마스터가 당신을 찾고 있습니다	
QUEST_UNUSED_20180327_000983	록소나 장터에서 흥분한 미노타우르스 처치	
QUEST_UNUSED_20180327_000984	헌터 마스터는 미노타우르스가 나타났다면서 헌터라면 그 몬스터를 처치할 능력은 있어야 한다고 합니다. 록소나 장터에서 미노타우로스를 처치하고 그 증거로 거대한 송곳니를 가져 오세요.	
QUEST_UNUSED_20180327_000985	헌터 마스터에게 전달	
QUEST_UNUSED_20180327_000986	흥분한 미노타우르스를 처치하고 그 증거물로 거대한 송곳니를 얻었습니다. 헌터 마스터에게 전해 주세요.	
QUEST_UNUSED_20180327_000987	거대한 송곳니 획득	
QUEST_UNUSED_20180327_000988	클레릭 마스터 찾아가기	
QUEST_UNUSED_20180327_000989	클라페다에 있는 클레릭 마스터를 찾아 대화해 보세요.	
QUEST_UNUSED_20180327_000990	록소나 장터에서 야생화 꽃술 구하기	
QUEST_UNUSED_20180327_000991	클레릭 마스터는 약초가 동이 났다면서 야생화 꽃술을 원하고 있습니다. 록소나 장터에서 야생화 꽃술을 구해 클레릭 마스터에게 가져다 주세요.	
QUEST_UNUSED_20180327_000992	클레릭 마스터에게 돌아가기	
QUEST_UNUSED_20180327_000993	야생화 꽃술을 구했습니다. 클레릭 마스터에게 전달해 주세요.	
QUEST_UNUSED_20180327_000994	야생화 꽃술	
QUEST_UNUSED_20180327_000995	중심 시가에서 잃어버린 성물 회수	
QUEST_UNUSED_20180327_000996	크리비 마스터는 페디미안으로 오던 성물 행렬이 몬스터의 습격을 받아 빼앗겨 버렸다고 합니다. 중심 시가에서 잃어버린 성물을 찾아서 크리비 마스터에게 전달하세요.	
QUEST_UNUSED_20180327_000997	크리비 마스터에게 전달	
QUEST_UNUSED_20180327_000998	잃어버린 성물을 되찾았습니다. 크리비 마스터에게 전달해 주세요.	
QUEST_UNUSED_20180327_000999	중심 시가에서 %s 찾아 회수하기	
QUEST_UNUSED_20180327_001000	투투 처치	
QUEST_UNUSED_20180327_001001	클라페다에 위치한 프리스트 마스터와 대화하세요.	
QUEST_UNUSED_20180327_001002	루클리스 거리 탐색	
QUEST_UNUSED_20180327_001003	루클리스 거리에 사악한 기운이 넘쳐난다고 합니다. 루클리스 거리로 가서 사악한 기운의 근원을 찾으세요.	
QUEST_UNUSED_20180327_001004	루클리스 거리에 있는 사악한 기운의 근원을 제거했습니다. 클라페다에 있는 프리스트 마스터에게 보고하세요.	
QUEST_UNUSED_20180327_001005	사악한 기운의 근원 처치	
QUEST_UNUSED_20180327_001006	록소나 장터에서 석화고래의 정수 획득	
QUEST_UNUSED_20180327_001007	보코르 마스터는 석화고래의 정수를 가져오는 것으로 시험을 치르겠다고 합니다. 록소나 장터에 돌아다니는 석화고래를 처치해 석화고래의 정수를 가져 오세요.	
QUEST_UNUSED_20180327_001008	보코르 마스터에게 전달	
QUEST_UNUSED_20180327_001009	석화고래의 정수를 얻었습니다. 보코르 마스터에게 정수를 가져다 주세요.	
QUEST_UNUSED_20180327_001010	석화고래를 처치해서 %s 획득	
QUEST_UNUSED_20180327_001011	비에타 계곡에 있는 조각가 테슬라를 찾아가세요.	
QUEST_UNUSED_20180327_001012	중심시가에서 조각 재료 구하기	
QUEST_UNUSED_20180327_001013	조각가 테슬라는 자신이 원하는 재료를 구해다 주면 제자로 받아들일 용의가 있다고 합니다. 중심시가의 안뜰에서 아름드리 원목을 구하세요.	
QUEST_UNUSED_20180327_001014	조각가 테슬라에게 전달	
QUEST_UNUSED_20180327_001015	아름드리 원목을 구했습니다. 조각가 테슬라에게 전달해 주세요.	
QUEST_UNUSED_20180327_001016	초록 우드 스피릿을 처치해서 %s 획득	
QUEST_UNUSED_20180327_001017	재료 찾기	
QUEST_UNUSED_20180327_001018	장교 류다스와 대화	
QUEST_UNUSED_20180327_001019	장교 류다스는 당신의 병아리 악세서리를 유심히 바라보고 있습니다. 장교 류다스와 대화해 보세요.	
QUEST_UNUSED_20180327_001020	렘파라사 연못의 몬스터 처치	
QUEST_UNUSED_20180327_001021	장교 류다스는 주변의 몬스터를 처치해 준다면 그에 어울리는 악세서리를 선물 해 주겠다고 합니다. 렘파라사 연못에 있는 몬스터를 처치하세요.	
QUEST_UNUSED_20180327_001022	장교 류다스에게 보고	
QUEST_UNUSED_20180327_001023	렘파라사 연못에 있는 많은 몬스터들을 처치하였습니다. 장교 류다스에게 보고하세요.	
QUEST_UNUSED_20180327_001024	사제 라엘리에는 신경쓰이는 일이 있는 모양입니다. 도울일은 없을 지 이야기를 들어보세요.	
QUEST_UNUSED_20180327_001025	거대한 변이 식물 확인	
QUEST_UNUSED_20180327_001026	거대한 풀은 어딘가 위험해보입니다. 조심해서 살펴보세요.	
QUEST_UNUSED_20180327_001027	거대한 변이 식물은 몬스터로 변한 쿠르미스였습니다. 사제 라엘리에를 찾아가 전해주세요.	
QUEST_UNUSED_20180327_001028	치유사의 길[클레릭 전직]	
QUEST_UNUSED_20180327_001029	클라페다에 있는 클레릭 마스터를 찾아 가세요.	
QUEST_UNUSED_20180327_001030	클레릭 마스터는 봉사로써 클레릭의 더 높은 경지에 오를 수 있다고 합니다. 봉사를 위한 약초를 받아오기 위해 순례자의 길 지역의 큰아귀 길에 있는 센츄리온 마스터를 찾아가세요.	
QUEST_UNUSED_20180327_001031	큰아귀길에 있는 센츄리온 마스터 찾아가기	
QUEST_UNUSED_20180327_001032	클레릭 마스터는 봉사로써 클레릭의 더 높은 경지에 오를 수 있다고 합니다. 봉사를 위한 약초를 받아오기 위해 순례자의 길 지역의 큰 아귀 길에 있는 센츄리온 마스터를 찾아가세요.	
QUEST_UNUSED_20180327_001033	니코티아의 어린 순 캐기	
QUEST_UNUSED_20180327_001034	센츄리온 마스터는 약초로 사용할 니코티아가 모두 동났다고 합니다. 주변에서 니코티아의 어린 순을 캐세요.	
QUEST_UNUSED_20180327_001035	약초 자생지 앞을 막고 있는 비테레지나 처치	
QUEST_UNUSED_20180327_001036	약초 캐기	
QUEST_UNUSED_20180327_001037	약초를 모두 캤으니 클레릭 마스터에게 돌아가세요.	
QUEST_UNUSED_20180327_001038	영원한 경배[크리비 전직]	
QUEST_UNUSED_20180327_001039	크리비 마스터 만나기	
QUEST_UNUSED_20180327_001040	클라페다에 있는 크리비 마스터를 찾아 가세요.	
QUEST_UNUSED_20180327_001041	프리스트 마스터 만나기	
QUEST_UNUSED_20180327_001042	크리비 마스터는 더 높은 경지에 오르려면 성지순례의 과정을 거쳐야 한다고 합니다. 프리스트 마스터에게 페디미안의 여신상에 경배를 드리기 위한 공양품을 받으세요.	
QUEST_UNUSED_20180327_001043	프리스트 마스터의 일 도와주기	
QUEST_UNUSED_20180327_001044	프리스트 마스터는 주민들을 위협하는 몬스터를 처치해 준다면 공양품을 내어 주겠다고 합니다. 샤울레이 서쪽 숲에 출몰하는 락토르투가를 처치해 주세요.	
QUEST_UNUSED_20180327_001045	락토르투가를 처치하였습니다. 프리스트 마스터 마스터에게 돌아가 공양품을 받으세요.	
QUEST_UNUSED_20180327_001046	클레릭 마스터 만나기	
QUEST_UNUSED_20180327_001047	크리비 마스터는 더 높은 경지에 오르려면 성지순례의 과정을 거쳐야 한다고 합니다. 클레릭 마스터에게 페디미안의 여신상에 경배를 드리기 위한 공양품을 받으세요.	
QUEST_UNUSED_20180327_001048	페디미안의 여신상에 경배하기	
QUEST_UNUSED_20180327_001049	프리스트 마스터와 클레릭 마스터에게 경배에 필요한 공양품을 받았습니다. 페디미안으로 가서 그 곳의 여신상에게 공양품을 올리고 경배하세요.	
QUEST_UNUSED_20180327_001050	크리비 마스터에게 보고	
QUEST_UNUSED_20180327_001051	페디미안의 성지 순례를 마쳤습니다. 크리비 마스터에게 돌아가 보세요.	
QUEST_UNUSED_20180327_001052	클라페다에 있는 프리스트 마스터와 대화해 보세요.	
QUEST_UNUSED_20180327_001053	사악한 기운 물리치기	
QUEST_UNUSED_20180327_001054	프리스트 마스터는 퇴마의식으로써 더 높은 경지에 이를 수 있다고 합니다. 큰아귀 길에 있는 사악한 기운을 정화해 주세요.	
QUEST_UNUSED_20180327_001055	사악한 기운을 모두 정화하였습니다. 프리스트 마스터에게 돌아가 보고하세요.	
QUEST_UNUSED_20180327_001056	클라페다에 있는 위저드 마스터와 대화하세요.	
QUEST_UNUSED_20180327_001057	샤울레이 서쪽 숲의 위험 제거	
QUEST_UNUSED_20180327_001058	위저드 마스터는 기본기를 시험해 보겠다고 합니다. 샤울레이 서쪽 숲에서 날뛰는 골렘을 처치하세요.	
QUEST_UNUSED_20180327_001059	샤울레이 서쪽 숲의 골렘을 처치했습니다. 위저드 마스터에게 보고하세요.	
QUEST_UNUSED_20180327_001060	클라페다의 파이로맨서 마스터와 대화해 보세요.	
QUEST_UNUSED_20180327_001061	샤울레이 동쪽 숲의 포아타 처치	
QUEST_UNUSED_20180327_001062	파이로맨서는 샤울레이 동쪽 숲에서 주민들을 위협하는 포아타를 처치해 달라고 합니다.	
QUEST_UNUSED_20180327_001063	샤울레이 동쪽 숲의 포아타를 처치했습니다. 파이로맨서 마스터에게 돌아가 보고하세요.	
QUEST_UNUSED_20180327_001064	샤울레이 서쪽 숲의 머슈카리아 처치	
QUEST_UNUSED_20180327_001065	크리오맨서 마스터에게 샤울레이 서쪽 숲의 머슈카리아를 처치하는 것으로 스스로의 강함을 증명하세요.	
QUEST_UNUSED_20180327_001066	샤울레이 서쪽 숲의 머슈카리아를 처치했습니다. 크리오맨서 마스터에게 돌아가 보고하세요.	
QUEST_UNUSED_20180327_001067	머슈카리아 처치	
QUEST_UNUSED_20180327_001068	클라페다의 소드맨 마스터를 찾아 가세요.	
QUEST_UNUSED_20180327_001069	그리나스 숲길의 허니핀 처치	
QUEST_UNUSED_20180327_001070	소드맨 마스터는 실전과 같은 훈련을 강조하고 있습니다. 그리나스 숲길의 허니핀을 처치하여 실전 경험을 쌓아 보세요.	
QUEST_UNUSED_20180327_001071	허니핀을 처치하는데 성공했습니다. 소드맨 마스터에게 보고하세요.	
QUEST_UNUSED_20180327_001072	클라페다의 펠타스타 마스터를 찾아 가세요.	
QUEST_UNUSED_20180327_001073	그리나스 수련장의 가이갈라스 처치	
QUEST_UNUSED_20180327_001074	펠타스타 마스터는 실력을 증명하길 원하고 있습니다. 그리나스 수련장의 가이갈라스를 처치하여 실력을 증명하세요.	
QUEST_UNUSED_20180327_001075	가이갈라스를 처치하는데 성공했습니다. 펠타스타 마스터에게 보고하세요.	
QUEST_UNUSED_20180327_001076	클라페다의 하이랜더 마스터를 찾아 가세요.	
QUEST_UNUSED_20180327_001077	하이랜더 마스터는 더욱 경험을 쌓기를 원하고 있습니다. 그리나스 숲길의 허니핀을 처치하세요.	
QUEST_UNUSED_20180327_001078	허니핀을 처치하는데 성공했습니다. 하이랜더 마스터에게 보고하세요.	
QUEST_UNUSED_20180327_001079	하플라이트 마스터와 대화	
QUEST_UNUSED_20180327_001080	샤울레이 서쪽 숲의 하플라이트 마스터를 찾아 가세요.	
QUEST_UNUSED_20180327_001081	그리나스 구릉지의 콜리멘시아 처치	
QUEST_UNUSED_20180327_001082	하플라이트 마스터는 동료들이 의지할만한 실력을 원하고 있습니다. 그리나스 구릉지의 콜리멘시아를 처치하여 실력을 증명하세요.	
QUEST_UNUSED_20180327_001083	하플라이트 마스터에게 보고	
QUEST_UNUSED_20180327_001084	콜리멘시아를 처치하는데 성공했습니다. 하플라이트 마스터에게 보고하세요.	
QUEST_UNUSED_20180327_001085	샤울레이 동쪽 숲의 바바리안 마스터를 찾아 가세요.	
QUEST_UNUSED_20180327_001086	그리나스 구릉지의 포아타 처치	
QUEST_UNUSED_20180327_001087	바바리안 마스터는 사람들을 습격하는 것으로 악명높은 포아타를 처치하는 것으로 사람들이 자신을 무시하지 않게 하려고 합니다. 그리나스 구릉지의 포아타를 처치하세요.	
QUEST_UNUSED_20180327_001088	포아타를 처치하는데 성공했습니다. 바바리안 마스터에게 보고하세요.	
QUEST_UNUSED_20180327_001089	갑자기 나타난 소드맨 마스터와 대화	
QUEST_UNUSED_20180327_001090	어떤 이유인지 당신의 앞에 소드맨 마스터가 나타났습니다. 대화를 나누어 보세요.	
QUEST_UNUSED_20180327_001091	히든 퀘스트 발생	
QUEST_UNUSED_20180327_001092	숨겨진 퀘스트가 발생하였습니다. 카틴의 밀실에서 밴시를 사냥하세요.	
QUEST_UNUSED_20180327_001093	소드맨 마스터의 시험을 무사히 마쳤습니다. 클라페다에 있는 소드맨 마스터를 찾아 가세요.	
QUEST_UNUSED_20180327_001094	밴시 처치	
QUEST_UNUSED_20180327_001095	갑자기 나타난 위저드 마스터와 대화	
QUEST_UNUSED_20180327_001096	어떤 이유인지 당신의 앞에 위저드 마스터가 나타났습니다. 대화를 나누어 보세요.{nl}	
QUEST_UNUSED_20180327_001097	위저드 마스터 찾아가기	
QUEST_UNUSED_20180327_001098	위저드 마스터의 시험을 무사히 마쳤습니다. 클라페다에 있는 위저드 마스터를 찾아 가세요.	
QUEST_UNUSED_20180327_001099	갑자기 나타난 아처 마스터와 대화	
QUEST_UNUSED_20180327_001100	어떤 이유인지 당신의 앞에 아처 마스터가 나타났습니다. 대화를 나누어 보세요.	
QUEST_UNUSED_20180327_001101	숨겨진 퀘스트가 발생하였습니다. 카틴의 밀실에서 밴시를 사냥하세요	
QUEST_UNUSED_20180327_001102	아처 마스터의 시험을 무사히 마쳤습니다. 클라페다에 있는 아처 마스터를 찾아 가세요.	
QUEST_UNUSED_20180327_001103	갑자기 나타난 클레릭 마스터와 대화	
QUEST_UNUSED_20180327_001104	어떤 이유인지 당신의 앞에 클레릭 마스터가 나타났습니다. 대화를 나누어 보세요.	
QUEST_UNUSED_20180327_001105	클레릭 마스터의 시험을 무사히 마쳤습니다. 클라페다에 있는 클레릭 마스터를 찾아 가세요.	
QUEST_UNUSED_20180327_001106	문지기 부엉이와 대화	
QUEST_UNUSED_20180327_001107	문지기 부엉이는 당신을 알아보고 반가워 합니다. 문지기 부엉이와 대화해 보세요.	
QUEST_UNUSED_20180327_001108	대성당에서 대리석 조각 구하기	
QUEST_UNUSED_20180327_001109	문지기 부엉이의 말로는 부엉이 조각상들은 조각가 테슬라에게 은혜를 갚고 싶어 한다고 합니다. 대성당의 몬스터에게서 대리석 조각을 구하세요.	
QUEST_UNUSED_20180327_001110	조각가 테슬라에게 대리석 조각 전달	
QUEST_UNUSED_20180327_001111	대리석 조각을 충분히 구한 것 같습니다. 비에타 계곡에 있는 조각가 테슬라에게 대리석 조각을 가져다 주세요.	
QUEST_UNUSED_20180327_001112	위저드 마스터 만나기	
QUEST_UNUSED_20180327_001113	클라페다에 있는 위저드 마스터를 만나세요	
QUEST_UNUSED_20180327_001114	샤울레이 동쪽 숲의 아이언바움 처치	
QUEST_UNUSED_20180327_001115	위저드 마스터는 근처에 몬스터들의 위험이 도사리는데도 아무도 나서지 않는 행태에 불만이 많은 것 같습니다. 샤울레이 동쪽 숲으로 가서 아이언바움을 처치하세요.	
QUEST_UNUSED_20180327_001116	아이언바움을 처치하는데 성공하였습니다. 위저드 마스터에게 돌아가세요.	
QUEST_UNUSED_20180327_001117	파이로맨서 마스터 만나기	
QUEST_UNUSED_20180327_001118	클라페다에 있는 파이로맨서 마스터를 만나세요	
QUEST_UNUSED_20180327_001119	파이로맨서 마스터는 클라페다가 위험에 처했는데도 눈 하나 꿈쩍 안하는 크리오맨서 마스터가 야속한가 봅니다. 본때를 보여주기 위해 샤울레이 동쪽 숲으로 가서 아이언바움을 처치하세요.	
QUEST_UNUSED_20180327_001120	아이언바움을 처치하는데 성공했습니다. 파이로맨서 마스터에게 돌아가세요.	
QUEST_UNUSED_20180327_001121	크리오맨서 마스터 만나기	
QUEST_UNUSED_20180327_001122	클라페다에 있는 크리오맨서 마스터를 만나세요	
QUEST_UNUSED_20180327_001123	크리오맨서 마스터는 다른 마스터들이 자신의 흉을 본다며 대신 나서주길 원하고 있습니다. 샤울레이 동쪽 숲에서 아이언바움을 물리치세요.	
QUEST_UNUSED_20180327_001124	아이언바움을 물리치는데 성공하였습니다. 크리오맨서 마스터에게 돌아가세요.	
QUEST_UNUSED_20180327_001125	사이코키노 마스터 만나기	
QUEST_UNUSED_20180327_001126	샤울레이 광산 마을의 사이코키노 마스터를 만나세요	
QUEST_UNUSED_20180327_001127	사울레이 광산 마을의 웨어울프 처치	
QUEST_UNUSED_20180327_001128	사이코키노 마스터는 매우 바쁘지만 링커 마스터에겐 넘겨주기 아깝다면서 웨어울프를 대신 잡아주길 원하고 있습니다. 샤울레이 광산 마을의 웨어울프를 처치하세요.	
QUEST_UNUSED_20180327_001129	사이코키노 마스터에게 보고	
QUEST_UNUSED_20180327_001130	웨어울프를 처치하는데 성공하였습니다. 사이코키노 마스터에게 돌아가 보고하세요.	
QUEST_UNUSED_20180327_001131	링커 마스터 만나기	
QUEST_UNUSED_20180327_001132	샤울레이 광산 마을의 링커 마스터를 만나세요	
QUEST_UNUSED_20180327_001133	샤울레이 광산 마을의 웨어울프 처치	
QUEST_UNUSED_20180327_001134	링커 마스터는 링커 지망생이 웨어울프를 처치함으로써 사이코키노 마스터의 코를 납작하게 눌러 주고 싶어 합니다. 샤울레이 광산 마을의 웨어울프를 처치하세요.	
QUEST_UNUSED_20180327_001135	링커 마스터에게 보고	
QUEST_UNUSED_20180327_001136	웨어울프를 처치하는데 성공했습니다. 링커 마스터에게 돌아가 보고하세요.	
QUEST_UNUSED_20180327_001137	비문 살펴 보기	
QUEST_UNUSED_20180327_001138	쉬르나스 고원에는 왕릉에 얽힌 비문들이 있습니다. 그 중 하나인 쉬르나스 고원의 비문을 살펴 보세요.	
QUEST_UNUSED_20180327_001139	비문 주변의 몬스터 퇴치`	
QUEST_UNUSED_20180327_001140	비문을 건드리자, 마치 비문을 보호하려는 듯 몬스터들이 나타났습니다! 일단 이들을 물리치고 비문을 다시 살펴 봅시다.	
QUEST_UNUSED_20180327_001141	다시 비문 살펴 보기	
QUEST_UNUSED_20180327_001142	몬스터들을 모두 물리쳤으니 다시 비문을 살펴 보도록 합시다.	
QUEST_UNUSED_20180327_001143	루카스 고원에는 왕릉의 비밀이 담겨 있는 비문이 많이 있습니다. 그 중 디키네 갈림길 왼쪽의 비문을 살펴 봅시다.	
QUEST_UNUSED_20180327_001144	몬스터 물리치기	
QUEST_UNUSED_20180327_001145	비문을 살펴 보기도 전에 몬스터들이 기어 나왔습니다! 이들을 물리치고 다시 비문을 살펴 보기로 합시다.	
QUEST_UNUSED_20180327_001146	겨우 몬스터들을 모두 물리쳤습니다. 이제 비문을 찬찬히 살펴 봅시다.	
QUEST_UNUSED_20180327_001147	쓰러진 용병의 시체	
QUEST_UNUSED_20180327_001148	이 일대에는 몬스터의 습격으로 죽은 이들이 많습니다. 다가가 명복을 빌어 주세요.	
QUEST_UNUSED_20180327_001149	호그마들의 습격	
QUEST_UNUSED_20180327_001150	용병의 시신을 건드리자 숨어 있던 호그마들이 나타나서 위협하기 시작했습니다! 이들을 물리칩시다.	
QUEST_UNUSED_20180327_001151	시신의 명복을 빌어 주기	
QUEST_UNUSED_20180327_001152	몬스터들을 모두 물리쳤습니다. 시신의 명복을 빌어 주세요.	
QUEST_UNUSED_20180327_001153	습격 해 온 호그마 처치	
QUEST_UNUSED_20180327_001154	체데크의 제단	
QUEST_UNUSED_20180327_001155	왕의 고원에 있는 체데크의 제단은 아직 비활성화 상태입니다. 다가가서 제단을 활성화하세요.	
QUEST_UNUSED_20180327_001156	몬스터의 출현	
QUEST_UNUSED_20180327_001157	갑자기 제단이 파괴되면서 몬스터들의 석상이 나타났습니다! 일단 석상에서 소환된 호그마들을 처치하세요.	
QUEST_UNUSED_20180327_001158	쓰러진 부엉이 조각상 살펴보기	
QUEST_UNUSED_20180327_001159	무덤거미둥지에 쓰러진 부엉이 조각상이 보입니다. 다가가서 살펴 봅시다.	
QUEST_UNUSED_20180327_001160	쓰러진 부엉이 조각상을 건드리자 갑자기 쓰론위버가 나타났습니다!	
QUEST_UNUSED_20180327_001161	큰아귀 길의 식량더미	
QUEST_UNUSED_20180327_001162	식량더미 치우기	
QUEST_UNUSED_20180327_001163	큰아귀 길의 곳곳엔 식탐의 저주에 잠식당한 이들이 모아놓은 식량더미들이 썩어가고 있습니다. 그 식량더미들을 살펴 보세요.	
QUEST_UNUSED_20180327_001164	식량더미 살펴보기	
QUEST_UNUSED_20180327_001165	큰아귀 길의 곳곳엔 식탐의 저주에 잠식당한 이들이 모아놓은 식량더미들이 썩어가고 있습니다. 그 식량더미들을 치워 주세요.	
QUEST_UNUSED_20180327_001166	순례자와 대화	
QUEST_UNUSED_20180327_001167	압시메스티 교차로의 세스티네 황야에 쓰러져 있는 순례자가 있습니다. 어찌된 사연인지 다가가 말을 걸어 보세요.	
QUEST_UNUSED_20180327_001168	물 구하기	
QUEST_UNUSED_20180327_001169	순례자 테오필리스의 정신을 차리게 할 물이 필요 합니다. 아쉬운대로 묘비에 맺힌 이슬이라도 구해 오세요.	
QUEST_UNUSED_20180327_001170	순례자 테오필리스와 대화	
QUEST_UNUSED_20180327_001171	묘비에 맺힌 이슬을 거의 모았습니다. 이제 그 물을 순례자 테오필리스에게 갖다 주고 그의 사연을 들어 보세요.	
QUEST_UNUSED_20180327_001172	공간의 이동을 위해	
QUEST_UNUSED_20180327_001173	길을 막고 있는 몬스터를 처치하세요.	
QUEST_UNUSED_20180327_001174	부서진 부엉이 조각상 살펴보기	
QUEST_UNUSED_20180327_001175	이쉬라이 사거리 끝에는 부서진 부엉이 조각상이 있습니다. 다가가서 살펴 보면 무슨 사연인지 알 수 있을 듯 합니다.	
QUEST_UNUSED_20180327_001176	부엉이 조각상의 흔적을 찾자마자 몬스터들이 나타났습니다! 일단 이들을 물리치세요.	
QUEST_UNUSED_20180327_001177	부엉이 조각상을 부순 몬스터들 처치	
QUEST_UNUSED_20180327_001178	부엉이를 파괴한 몬스터들 처치	
QUEST_UNUSED_20180327_001179	갑자기 나타난 머쉬워트 처치	
QUEST_UNUSED_20180327_001180	이 곳의 부엉이 조각상은 아마도 저 머쉬워트가 부순 것 같습니다. 머쉬워트를 처치하여 부엉이 조각상의 넋을 달래 주세요.	
QUEST_UNUSED_20180327_001181	부서진 조각상더미를 태워 부엉이에게 영면을 주기	
QUEST_UNUSED_20180327_001182	약해진 부엉이의 소원 대로 부숴진 부엉이 조각상들을 기름을 사용해 화장시켜 주세요. 부숴진 부엉이들은 이쉬라이 갈림길의 끝에 있습니다.	
QUEST_UNUSED_20180327_001183	부엉이에게 영면을 주기	
QUEST_UNUSED_20180327_001184	불을 붙였으니, 부엉이 조각상들이 영면에 들 수 있도록 불을 지켜 주세요.	
QUEST_UNUSED_20180327_001185	다시 부엉이 조각상 태우기 시도	
QUEST_UNUSED_20180327_001186	갑자기 달려든 몬스터들 때문에 당황스러웠지만, 모두 물리쳤으니 다시 부엉이 조각상을 불태우세요.	
QUEST_UNUSED_20180327_001187	부엉이들이 영면에 들 수 있도록 불을 지켜 주세요.	
QUEST_UNUSED_20180327_001188	불을 보고 달려드는 몬스터를 제한 시간 안에 처치	
QUEST_UNUSED_20180327_001189	주교와 대화	
QUEST_UNUSED_20180327_001190	주교와 대화하세요.	
QUEST_UNUSED_20180327_001191	열쇠 찾기	
QUEST_UNUSED_20180327_001192	열쇠를 찾으세요.	
QUEST_UNUSED_20180327_001193	봉인된 문을 열 수 있는 방법 찾기	
QUEST_UNUSED_20180327_001194	봉인된 문을 열 수 있는 방법 찾으세요.	
QUEST_UNUSED_20180327_001195	문 안으로 들어가기	
QUEST_UNUSED_20180327_001196	봉인된 문이 열렸습니다. 문 안으로 들어가세요.	
QUEST_UNUSED_20180327_001197	제1 보관창고로 가는 길에 있는 비밀 장치 확인	
QUEST_UNUSED_20180327_001198	제1 보관창고로 가는 길에 비밀 장치가 있습니다. 이번엔 어떤 장치인지 한 번 살펴보세요.	
QUEST_UNUSED_20180327_001199	비밀 장치 주변에 나타난 빙결 수정 파괴	
QUEST_UNUSED_20180327_001200	이 비밀 장치는 함정이었습니다. 주변에 나타난 빙결 수정을 모두 파괴하세요!	
QUEST_UNUSED_20180327_001201	외성벽 코어 회수 작전	
QUEST_UNUSED_20180327_001202	큐폴 밀다와 대화	
QUEST_UNUSED_20180327_001203	아무래도 외성벽에 있다는 코어에 대해 조사해봐야 할 것 같습니다. 외성벽 제 9구역에 있는 큐폴 밀다를 찾아가세요.	
QUEST_UNUSED_20180327_001204	큐폴 밀다는 코어가 다중으로 보호되고 있는 데다 어쩐지 몬스터들이 많고 공격적이어서 일이 쉽지 않다고 합니다. 안전한 조사를 위해 주변의 몬스터를 처치하세요.	
QUEST_UNUSED_20180327_001205	주변의 몬스터를 어느정도 정리했습니다. 큐폴 밀다에게 돌아가세요.	
QUEST_UNUSED_20180327_001206	큐폴 밀다가 할 말이 있는 것 같습니다. 큐폴 밀다와 대화해보세요.	
QUEST_UNUSED_20180327_001207	외성벽 제 9구역의 몬스터 처치	
QUEST_UNUSED_20180327_001208	큐폴 밀다는 외성벽의 장치들을 몬스터가 잘못 건드려서 오작동하게 되면 위험하다고 합니다. 문제를 일으키기 전에 몬스터를 처치하세요.	
QUEST_UNUSED_20180327_001209	큐폴 밀다에게 보고	
QUEST_UNUSED_20180327_001210	몬스터를 충분히 처치했습니다. 큐폴 밀다에게 말해주세요.	
QUEST_UNUSED_20180327_001211	메리사와 성물에 대한 대화를 계속 해 보세요.	
QUEST_UNUSED_20180327_001212	성물 발굴해 오기	
QUEST_UNUSED_20180327_001213	탐색봉으로 찾아 낸 곳으로 가서 조심스럽게 성물을 발굴해 보세요.	
QUEST_UNUSED_20180327_001214	성물을 찾은 것 같습니다. 메리사에게 가져다 주세요.	
QUEST_UNUSED_20180327_001215	기티스와 대화하세요.	
QUEST_UNUSED_20180327_001216	해독제 사용하기	
QUEST_UNUSED_20180327_001217	해독제를 사용해서 광폭화된 사람들을 치료하세요.	
QUEST_UNUSED_20180327_001218	파이로맨서 마스터와 대화하세요.	
QUEST_UNUSED_20180327_001219	크리오맨서 마스터와 대화하세요.	
QUEST_UNUSED_20180327_001220	루이즈는 목재로 울타리를 금새 만들어 내었습니다. 루이즈와 다시 대화해 보세요.	
QUEST_UNUSED_20180327_001221	루이즈의 농지에 울타리 설치	
QUEST_UNUSED_20180327_001222	루이즈는 아직도 몬스터가 많다며 완성된 울타리를 설치해 달라고 부탁합니다. 루이즈의 농지에 울타리를 설치하세요.	
QUEST_UNUSED_20180327_001223	울타리를 전부 설치했습니다. 루이즈와 대화하세요.	
QUEST_UNUSED_20180327_001224	허수아비 재료로 쓰일 %s 구하기	
QUEST_UNUSED_20180327_001225	몬스터를 처치해 부족한 재료 구하기	
QUEST_UNUSED_20180327_001226	인챈터 마스터 예나 하빈다르는 수녀들을 위하여 수녀원 기록물을 되찾고자 합니다. 수녀원 기록실 미션에 참가하여 몬스터들을 처치하고 약탈당한 수녀원 기록물을 충분히 회수하여 인챈터 마스터에게 전달합시다	
QUEST_UNUSED_20180327_001227	인챈터 마스터가 살러스 수녀원에서 당신을 기다리고 있습니다. 회수한 수녀원 기록물을 인챈터 마스터에게 전달하세요	
QUEST_UNUSED_20180327_001228	호수 라페네의 손톱 습득	
QUEST_UNUSED_20180327_001229	인챈터 마스터는 마법도구를 강화시키는 데 필요한 호수 라페네의 손톱을 찾고 있습니다. 호수 미션에 참가하여 라페네를 처치하여 호수 라페네의 손톱을 인챈터 마스터에게 전달합시다	
QUEST_UNUSED_20180327_001230	인챈터 마스터가 수배 중인 호수 라페네의 손톱을 습득했습니다. 살러스 수녀원의 인챈터 마스터에게 전달합시다	
QUEST_UNUSED_20180327_001231	%s 습득	
QUEST_UNUSED_20180327_001232	제프리는 아직 신경쓸 것이 남은 것 같습니다. 그와 대화해 보세요.	
QUEST_UNUSED_20180327_001233	자이언트 우드 고블린 처치	
QUEST_UNUSED_20180327_001234	제프리는 우드 고블린들을 통솔하는 자이언트 우드 고블린을 처치해 줄 것을 부탁했습니다.	
QUEST_UNUSED_20180327_001235	자이언트 우드 고블린을 처치하는 데에 성공했습니다. 제프리에게 그 사실을 알려 주세요.	
QUEST_UNUSED_20180412_001236	이게 도대체 몇 번째란 말인가!{nl}미안하지만 자네가 직접 플레쳐 마스터에게 가서 어찌 된 일인지 알아봐 주게.{nl}여신의 옛뜰로 가면 될 것이네.	QUEST_UNUSED_20180327_000083	이게 도대체 몇 번째란 말인가!{nl}미안하지만 자네가 직접 플레쳐 마스터에게 가서 어찌 된 일인지 알아봐 주게.{nl}에산치우 마을로 가면 될 것이네.	하이랜더 마스터
QUEST_UNUSED_20180412_001237	말귀를 못 알아 듣소?{nl}요청이 밀려서 당신들 차례는 한참 뒤란 말이오.	QUEST_UNUSED_20180327_000086	말귀를 못 알아 듣소?{nl}주문이 밀려서 당신들 차례는 한참 뒤란 말이오.	플레쳐 마스터
QUEST_UNUSED_20190110_001238	모아 주신 표본은 마법협회에서 소중히 연구하도록 하겠습니다.{nl}협조해 주셔서 감사합니다.	QUEST_UNUSED_20180327_000003	모아 주신 표본은 마법 협회에서 소중히 연구하도록 하겠습니다.{nl}협조해 주셔서 감사합니다.	의뢰석
QUEST_UNUSED_20190110_001239	위험지역이라 매번 몬스터가 의뢰석을 부숴버려서 새로 만드는 게 부담이었는데 이렇게 도와주시는 분들이 계셔서 보람이 있네요.{nl}모아주신 몬스터 표본은 연구에 소중히 사용할게요.{nl}정말 감사드려요.	헤느리카
QUEST_UNUSED_20190110_001240	클라페다 	QUEST_UNUSED_20180327_000675	의뢰석에 보고	
QUEST_UNUSED_20190110_001241	마법협회 클라페다 지부 헤느리카	
QUEST_UNUSED_20190110_001242	와 대화	
QUEST_UNUSED_20190110_001243	이 정도면 몬스터의 표본을 충분히 수집한 것 같습니다.{nl}클라페다 	QUEST_UNUSED_20180327_000676	이 정도면 몬스터의 표본을 충분히 수집한 것 같습니다. 의뢰석에 가져가세요.	
QUEST_UNUSED_20190110_001244	 NPC에게 돌아가세요.	
